# Blender v2.93.1 OBJ File: 'asset_practice.blend'
# www.blender.org
mtllib berserk sword.mtl
o berserk_sword_Plane.005
v -113.490723 11.174538 -29.552893
v -103.884888 11.174538 -29.552893
v -108.687805 52.501080 -29.708349
v -112.139687 46.887753 -29.504395
v -112.384407 40.693497 -29.615318
v -112.608406 34.789703 -29.610706
v -112.796349 28.885912 -29.603384
v -113.069847 22.982121 -29.597828
v -113.264694 17.078329 -29.597275
v -104.110916 17.078331 -29.612513
v -104.305763 22.982121 -29.612989
v -104.579262 28.885912 -29.617783
v -104.767204 34.789703 -29.624102
v -104.991203 40.693497 -29.628080
v -105.235924 46.887753 -29.504395
v -113.490723 11.174538 -29.863804
v -103.884888 11.174538 -29.863804
v -112.139687 46.887753 -29.912302
v -112.384407 40.693497 -29.801380
v -112.608406 34.789703 -29.805990
v -112.796349 28.885912 -29.813314
v -113.069847 22.982121 -29.818871
v -113.264694 17.078329 -29.819424
v -104.110916 17.078331 -29.804184
v -104.305763 22.982121 -29.803707
v -104.579262 28.885912 -29.798914
v -104.767204 34.789703 -29.792595
v -104.991203 40.693497 -29.788616
v -105.235924 46.887753 -29.912302
v -111.351845 11.174538 -28.740316
v -109.648392 11.174538 -28.740316
v -107.727219 11.174538 -28.740316
v -106.023766 11.174538 -28.740316
v -106.109138 17.078329 -28.740316
v -107.772430 17.078329 -28.740316
v -109.603180 17.078329 -28.740316
v -111.249725 17.095076 -28.740316
v -106.259544 22.998867 -28.745129
v -107.811394 22.982121 -28.745129
v -109.564217 22.982121 -28.745129
v -111.116066 22.982121 -28.745129
v -106.356651 28.885912 -28.793550
v -107.866096 28.885912 -28.793550
v -109.509514 28.885912 -28.793550
v -110.985466 28.885912 -28.793550
v -106.419182 34.789703 -28.857380
v -107.903687 34.789703 -28.857380
v -109.471924 34.789703 -28.857380
v -110.939682 34.789703 -28.857380
v -106.587074 40.710239 -28.897566
v -107.948486 40.693497 -28.897566
v -109.427124 40.693497 -28.897566
v -110.755043 40.693497 -28.897566
v -106.714363 46.510944 -28.974209
v -108.680824 49.567238 -28.974209
v -110.619377 46.496990 -28.974209
v -111.351845 11.174538 -30.676382
v -109.648392 11.174538 -30.676382
v -107.727219 11.174538 -30.676382
v -106.023766 11.174538 -30.676382
v -106.109138 17.078329 -30.676382
v -107.772430 17.078329 -30.676382
v -109.603180 17.078329 -30.676382
v -111.249725 17.095076 -30.676382
v -106.259544 22.998867 -30.671570
v -107.811394 22.982121 -30.671570
v -109.564217 22.982121 -30.671570
v -111.116066 22.982121 -30.671570
v -106.356651 28.885912 -30.623148
v -107.866096 28.885912 -30.623148
v -109.509514 28.885912 -30.623148
v -110.985466 28.885912 -30.623148
v -106.419182 34.789703 -30.559319
v -107.903687 34.789703 -30.559319
v -109.471924 34.789703 -30.559319
v -110.939682 34.789703 -30.559319
v -106.587074 40.710239 -30.519133
v -107.948486 40.693497 -30.519133
v -109.427124 40.693497 -30.519133
v -110.755043 40.693497 -30.519133
v -106.714363 46.510944 -30.442488
v -108.680824 49.567238 -30.442488
v -110.619377 46.496990 -30.442488
v -108.697189 0.916794 -30.123442
v -108.624901 0.916794 -30.116322
v -108.555389 0.916794 -30.095236
v -108.491325 0.916794 -30.060993
v -108.435181 0.916794 -30.014912
v -108.389091 0.916794 -29.958759
v -108.354851 0.916794 -29.894697
v -108.333771 0.916794 -29.825186
v -108.326645 0.916794 -29.752895
v -108.333771 0.916794 -29.680607
v -108.354851 0.916794 -29.611094
v -108.389091 0.916794 -29.547031
v -108.435181 0.916794 -29.490881
v -108.491325 0.916794 -29.444799
v -108.555389 0.916794 -29.410557
v -108.624901 0.916794 -29.389471
v -108.697189 0.916794 -29.382351
v -108.769485 0.916794 -29.389471
v -108.838997 0.916794 -29.410557
v -108.903053 0.916794 -29.444799
v -108.959206 0.916794 -29.490881
v -109.005287 0.916794 -29.547031
v -109.039528 0.916794 -29.611094
v -109.060616 0.916794 -29.680607
v -109.067734 0.916794 -29.752895
v -109.060616 0.916794 -29.825186
v -109.039528 0.916794 -29.894697
v -109.005287 0.916794 -29.958759
v -108.959206 0.916794 -30.014912
v -108.903053 0.916794 -30.060993
v -108.838997 0.916794 -30.095236
v -108.769485 0.916794 -30.116322
v -108.624901 10.575645 -30.116322
v -108.697189 10.575645 -30.123442
v -108.555389 10.575645 -30.095236
v -108.491325 10.575645 -30.060993
v -108.435173 10.575645 -30.014912
v -108.389091 10.575645 -29.958759
v -108.354851 10.575645 -29.894697
v -108.333763 10.575645 -29.825186
v -108.326645 10.575645 -29.752895
v -108.333763 10.575645 -29.680607
v -108.354851 10.575645 -29.611094
v -108.389091 10.575645 -29.547031
v -108.435173 10.575645 -29.490881
v -108.491325 10.575645 -29.444799
v -108.555389 10.575645 -29.410557
v -108.624901 10.575645 -29.389471
v -108.697189 10.575645 -29.382351
v -108.769478 10.575645 -29.389471
v -108.838997 10.575645 -29.410557
v -108.903053 10.575645 -29.444799
v -108.959206 10.575645 -29.490881
v -109.005287 10.575645 -29.547031
v -109.039528 10.575645 -29.611094
v -109.060616 10.575645 -29.680607
v -109.067734 10.575645 -29.752895
v -109.060616 10.575645 -29.825186
v -109.039528 10.575645 -29.894697
v -109.005287 10.575645 -29.958759
v -108.959206 10.575645 -30.014912
v -108.903053 10.575645 -30.060993
v -108.838997 10.575645 -30.095236
v -108.769478 10.575645 -30.116322
v -108.624901 2.368520 -30.116322
v -108.624901 2.319211 -30.116322
v -108.630051 2.343865 -30.090439
v -108.624901 3.054500 -30.116322
v -108.624901 3.005194 -30.116322
v -108.629074 3.029848 -30.095341
v -108.624901 3.740483 -30.116322
v -108.624901 3.691174 -30.116322
v -108.629059 3.715828 -30.095434
v -108.624901 4.426465 -30.116322
v -108.624901 4.377156 -30.116322
v -108.629082 4.401811 -30.095293
v -108.624901 5.112445 -30.116322
v -108.624901 5.063138 -30.116322
v -108.629875 5.087791 -30.091309
v -108.624901 5.798428 -30.116322
v -108.624901 5.749119 -30.116322
v -108.630768 5.773773 -30.086845
v -108.624901 6.484408 -30.116322
v -108.624901 6.435102 -30.116322
v -108.629456 6.459756 -30.093428
v -108.624901 7.170390 -30.116322
v -108.624901 7.121081 -30.116322
v -108.629158 7.145736 -30.094933
v -108.624901 7.856373 -30.116322
v -108.624901 7.807064 -30.116322
v -108.629082 7.831718 -30.095312
v -108.624901 8.542353 -30.116322
v -108.624901 8.493046 -30.116322
v -108.628357 8.517700 -30.098969
v -108.624901 9.228335 -30.116322
v -108.624901 9.179027 -30.116322
v -108.628731 9.203681 -30.097059
v -108.624901 9.914315 -30.116322
v -108.624901 9.865009 -30.116322
v -108.628319 9.889661 -30.099136
v -108.555389 9.865009 -30.095236
v -108.555389 9.914315 -30.095236
v -108.562096 9.889661 -30.079046
v -108.555389 9.179027 -30.095236
v -108.555389 9.228335 -30.095236
v -108.562904 9.203681 -30.077091
v -108.555389 8.493046 -30.095236
v -108.555389 8.542353 -30.095236
v -108.562164 8.517700 -30.078888
v -108.555389 7.807064 -30.095236
v -108.555389 7.856373 -30.095236
v -108.563591 7.831718 -30.075443
v -108.555389 7.121081 -30.095236
v -108.555389 7.170390 -30.095236
v -108.563736 7.145736 -30.075089
v -108.555389 6.435102 -30.095236
v -108.555389 6.484410 -30.095236
v -108.564323 6.459756 -30.073669
v -108.555389 5.749121 -30.095236
v -108.555389 5.798428 -30.095236
v -108.566895 5.773773 -30.067471
v -108.555389 5.063138 -30.095236
v -108.555389 5.112445 -30.095236
v -108.565147 5.087793 -30.071674
v -108.555389 4.377156 -30.095236
v -108.555389 4.426465 -30.095236
v -108.563599 4.401811 -30.075426
v -108.555389 3.691176 -30.095236
v -108.555389 3.740483 -30.095236
v -108.563538 3.715828 -30.075560
v -108.555389 3.005194 -30.095236
v -108.555389 3.054500 -30.095236
v -108.563576 3.029848 -30.075472
v -108.555389 2.319211 -30.095236
v -108.555389 2.368520 -30.095236
v -108.565491 2.343865 -30.070854
v -108.354851 2.368520 -29.611094
v -108.354851 2.319211 -29.611094
v -108.379234 2.343865 -29.621193
v -108.354851 3.054500 -29.611094
v -108.354851 3.005194 -29.611094
v -108.374619 3.029848 -29.619280
v -108.354851 3.740483 -29.611094
v -108.354851 3.691174 -29.611094
v -108.374527 3.715828 -29.619244
v -108.354851 4.426465 -29.611094
v -108.354851 4.377156 -29.611094
v -108.374664 4.401811 -29.619299
v -108.354851 5.112445 -29.611094
v -108.354851 5.063138 -29.611094
v -108.378410 5.087791 -29.620853
v -108.354851 5.798428 -29.611094
v -108.354851 5.749119 -29.611094
v -108.382614 5.773773 -29.622595
v -108.354851 6.484408 -29.611094
v -108.354851 6.435102 -29.611094
v -108.376419 6.459756 -29.620028
v -108.354851 7.170390 -29.611094
v -108.354851 7.121081 -29.611094
v -108.375000 7.145736 -29.619440
v -108.354851 7.856373 -29.611094
v -108.354851 7.807064 -29.611094
v -108.374641 7.831718 -29.619291
v -108.354851 8.542353 -29.611094
v -108.354851 8.493046 -29.611094
v -108.371201 8.517700 -29.617865
v -108.354851 9.228335 -29.611094
v -108.354851 9.179027 -29.611094
v -108.372993 9.203681 -29.618610
v -108.354851 9.914315 -29.611094
v -108.354851 9.865008 -29.611094
v -108.371040 9.889661 -29.617800
v -108.389091 9.865008 -29.547031
v -108.389091 9.914315 -29.547031
v -108.403664 9.889661 -29.556767
v -108.389091 9.179027 -29.547031
v -108.389091 9.228335 -29.547031
v -108.405426 9.203681 -29.557943
v -108.389091 8.493046 -29.547031
v -108.389091 8.542353 -29.547031
v -108.403809 8.517700 -29.556862
v -108.389091 7.807064 -29.547031
v -108.389091 7.856373 -29.547031
v -108.406906 7.831718 -29.558933
v -108.389091 7.121081 -29.547031
v -108.389091 7.170390 -29.547031
v -108.407227 7.145736 -29.559147
v -108.389091 6.435102 -29.547031
v -108.389091 6.484410 -29.547031
v -108.408501 6.459756 -29.559999
v -108.389091 5.749121 -29.547031
v -108.389091 5.798428 -29.547031
v -108.414085 5.773773 -29.563728
v -108.389091 5.063138 -29.547031
v -108.389091 5.112445 -29.547031
v -108.410301 5.087793 -29.561201
v -108.389091 4.377156 -29.547031
v -108.389091 4.426465 -29.547031
v -108.406921 4.401811 -29.558945
v -108.389091 3.691176 -29.547031
v -108.389091 3.740483 -29.547031
v -108.406799 3.715828 -29.558863
v -108.389091 3.005194 -29.547031
v -108.389091 3.054500 -29.547031
v -108.406883 3.029848 -29.558916
v -108.389091 2.319211 -29.547031
v -108.389091 2.368520 -29.547031
v -108.411034 2.343865 -29.561693
v -108.903053 2.368520 -29.444799
v -108.903053 2.319211 -29.444799
v -108.888397 2.343865 -29.466740
v -108.903053 3.054500 -29.444799
v -108.903053 3.005194 -29.444799
v -108.891174 3.029848 -29.462585
v -108.903053 3.740483 -29.444799
v -108.903053 3.691174 -29.444799
v -108.891228 3.715828 -29.462505
v -108.903053 4.426465 -29.444799
v -108.903053 4.377156 -29.444799
v -108.891144 4.401811 -29.462626
v -108.903053 5.112445 -29.444799
v -108.903053 5.063138 -29.444799
v -108.888885 5.087791 -29.466003
v -108.903053 5.798428 -29.444799
v -108.903053 5.749119 -29.444799
v -108.886360 5.773773 -29.469786
v -108.903053 6.484408 -29.444799
v -108.903053 6.435102 -29.444799
v -108.890091 6.459756 -29.464207
v -108.903053 7.170390 -29.444799
v -108.903053 7.121081 -29.444799
v -108.890938 7.145736 -29.462931
v -108.903053 7.856373 -29.444799
v -108.903053 7.807064 -29.444799
v -108.891151 7.831718 -29.462610
v -108.903053 8.542353 -29.444799
v -108.903053 8.493046 -29.444799
v -108.893227 8.517700 -29.459511
v -108.903053 9.228335 -29.444799
v -108.903053 9.179027 -29.444799
v -108.892143 9.203681 -29.461128
v -108.903053 9.914315 -29.444799
v -108.903053 9.865008 -29.444799
v -108.893318 9.889661 -29.459368
v -108.959206 9.865008 -29.490881
v -108.959206 9.914315 -29.490881
v -108.946815 9.889661 -29.503271
v -108.959206 9.179027 -29.490881
v -108.959206 9.228335 -29.490881
v -108.945320 9.203681 -29.504766
v -108.959206 8.493046 -29.490881
v -108.959206 8.542353 -29.490881
v -108.946693 8.517700 -29.503391
v -108.959206 7.807064 -29.490881
v -108.959206 7.856373 -29.490881
v -108.944061 7.831718 -29.506029
v -108.959206 7.121081 -29.490881
v -108.959206 7.170390 -29.490881
v -108.943787 7.145736 -29.506300
v -108.959206 6.435102 -29.490881
v -108.959206 6.484410 -29.490881
v -108.942703 6.459756 -29.507385
v -108.959206 5.749121 -29.490881
v -108.959206 5.798428 -29.490881
v -108.937958 5.773773 -29.512131
v -108.959206 5.063138 -29.490881
v -108.959206 5.112445 -29.490881
v -108.941177 5.087793 -29.508913
v -108.959206 4.377156 -29.490881
v -108.959206 4.426465 -29.490881
v -108.944046 4.401811 -29.506042
v -108.959206 3.691176 -29.490881
v -108.959206 3.740483 -29.490881
v -108.944145 3.715828 -29.505939
v -108.959206 3.005194 -29.490881
v -108.959206 3.054500 -29.490881
v -108.944084 3.029848 -29.506008
v -108.959206 2.319211 -29.490881
v -108.959206 2.368520 -29.490881
v -108.940544 2.343865 -29.509541
v -108.959206 2.368520 -30.014912
v -108.959206 2.319211 -30.014912
v -108.940544 2.343865 -29.996250
v -108.959206 3.054500 -30.014912
v -108.959206 3.005194 -30.014912
v -108.944084 3.029848 -29.999784
v -108.959206 3.740483 -30.014912
v -108.959206 3.691174 -30.014912
v -108.944145 3.715828 -29.999853
v -108.959206 4.426465 -30.014912
v -108.959206 4.377156 -30.014912
v -108.944046 4.401811 -29.999750
v -108.959206 5.112445 -30.014912
v -108.959206 5.063138 -30.014912
v -108.941177 5.087791 -29.996878
v -108.959206 5.798428 -30.014912
v -108.959206 5.749119 -30.014912
v -108.937958 5.773773 -29.993660
v -108.959206 6.484408 -30.014912
v -108.959206 6.435102 -30.014912
v -108.942703 6.459756 -29.998405
v -108.959206 7.170390 -30.014912
v -108.959206 7.121081 -30.014912
v -108.943787 7.145736 -29.999491
v -108.959206 7.856373 -30.014912
v -108.959206 7.807064 -30.014912
v -108.944061 7.831718 -29.999763
v -108.959206 8.542353 -30.014912
v -108.959206 8.493046 -30.014912
v -108.946693 8.517700 -30.002399
v -108.959206 9.228335 -30.014912
v -108.959206 9.179027 -30.014912
v -108.945320 9.203681 -30.001024
v -108.959206 9.914315 -30.014912
v -108.959206 9.865008 -30.014912
v -108.946815 9.889661 -30.002522
v -108.903053 9.865008 -30.060993
v -108.903053 9.914315 -30.060993
v -108.893318 9.889661 -30.046425
v -108.903053 9.179027 -30.060993
v -108.903053 9.228335 -30.060993
v -108.892143 9.203681 -30.044664
v -108.903053 8.493046 -30.060993
v -108.903053 8.542353 -30.060993
v -108.893227 8.517700 -30.046282
v -108.903053 7.807064 -30.060993
v -108.903053 7.856373 -30.060993
v -108.891151 7.831718 -30.043182
v -108.903053 7.121081 -30.060993
v -108.903053 7.170390 -30.060993
v -108.890938 7.145736 -30.042862
v -108.903053 6.435102 -30.060993
v -108.903053 6.484410 -30.060993
v -108.890091 6.459756 -30.041584
v -108.903053 5.749121 -30.060993
v -108.903053 5.798428 -30.060993
v -108.886360 5.773773 -30.036005
v -108.903053 5.063138 -30.060993
v -108.903053 5.112445 -30.060993
v -108.888885 5.087793 -30.039789
v -108.903053 4.377156 -30.060993
v -108.903053 4.426465 -30.060993
v -108.891144 4.401811 -30.043165
v -108.903053 3.691176 -30.060993
v -108.903053 3.740483 -30.060993
v -108.891228 3.715828 -30.043285
v -108.903053 3.005194 -30.060993
v -108.903053 3.054500 -30.060993
v -108.891174 3.029848 -30.043205
v -108.903053 2.319211 -30.060993
v -108.903053 2.368520 -30.060993
v -108.888397 2.343865 -30.039051
v -108.354851 2.368520 -29.894697
v -108.354851 2.319211 -29.894697
v -108.379234 2.343865 -29.884600
v -108.354851 3.054500 -29.894697
v -108.354851 3.005194 -29.894697
v -108.374619 3.029848 -29.886511
v -108.354851 3.740483 -29.894697
v -108.354851 3.691174 -29.894697
v -108.374527 3.715828 -29.886547
v -108.354851 4.426465 -29.894697
v -108.354851 4.377156 -29.894697
v -108.374664 4.401811 -29.886492
v -108.354851 5.112445 -29.894697
v -108.354851 5.063138 -29.894697
v -108.378410 5.087791 -29.884937
v -108.354851 5.798428 -29.894697
v -108.354851 5.749119 -29.894697
v -108.382614 5.773773 -29.883196
v -108.354851 6.484408 -29.894697
v -108.354851 6.435102 -29.894697
v -108.376419 6.459756 -29.885765
v -108.354851 7.170390 -29.894697
v -108.354851 7.121081 -29.894697
v -108.375000 7.145736 -29.886353
v -108.354851 7.856373 -29.894697
v -108.354851 7.807064 -29.894697
v -108.374641 7.831718 -29.886499
v -108.354851 8.542353 -29.894697
v -108.354851 8.493046 -29.894697
v -108.371201 8.517700 -29.887926
v -108.354851 9.228335 -29.894697
v -108.354851 9.179027 -29.894697
v -108.372993 9.203681 -29.887182
v -108.354851 9.914315 -29.894697
v -108.354851 9.865008 -29.894697
v -108.371040 9.889661 -29.887993
v -108.333763 9.865008 -29.825186
v -108.333763 9.914315 -29.825186
v -108.350952 9.889661 -29.821768
v -108.333763 9.179027 -29.825186
v -108.333763 9.228335 -29.825186
v -108.353027 9.203681 -29.821354
v -108.333763 8.493046 -29.825186
v -108.333763 8.542353 -29.825186
v -108.351120 8.517700 -29.821733
v -108.333763 7.807064 -29.825186
v -108.333763 7.856373 -29.825186
v -108.354774 7.831718 -29.821007
v -108.333763 7.121081 -29.825186
v -108.333763 7.170390 -29.825186
v -108.355156 7.145736 -29.820930
v -108.333763 6.435102 -29.825186
v -108.333763 6.484410 -29.825186
v -108.356659 6.459756 -29.820631
v -108.333763 5.749121 -29.825186
v -108.333763 5.798428 -29.825186
v -108.363243 5.773773 -29.819323
v -108.333763 5.063138 -29.825186
v -108.333763 5.112445 -29.825186
v -108.358780 5.087793 -29.820210
v -108.333763 4.377156 -29.825186
v -108.333763 4.426465 -29.825186
v -108.354797 4.401811 -29.821003
v -108.333763 3.691176 -29.825186
v -108.333763 3.740483 -29.825186
v -108.354652 3.715828 -29.821032
v -108.333763 3.005194 -29.825186
v -108.333763 3.054500 -29.825186
v -108.354744 3.029848 -29.821012
v -108.333771 2.319211 -29.825186
v -108.333771 2.368520 -29.825186
v -108.359650 2.343865 -29.820038
v -108.624901 2.368520 -29.389471
v -108.624901 2.319211 -29.389471
v -108.630051 2.343865 -29.415352
v -108.624901 3.054500 -29.389471
v -108.624901 3.005194 -29.389471
v -108.629074 3.029848 -29.410452
v -108.624901 3.740483 -29.389471
v -108.624901 3.691174 -29.389471
v -108.629059 3.715828 -29.410358
v -108.624901 4.426465 -29.389471
v -108.624901 4.377156 -29.389471
v -108.629082 4.401811 -29.410500
v -108.624901 5.112445 -29.389471
v -108.624901 5.063138 -29.389471
v -108.629875 5.087791 -29.414482
v -108.624901 5.798428 -29.389471
v -108.624901 5.749119 -29.389471
v -108.630768 5.773773 -29.418945
v -108.624901 6.484408 -29.389471
v -108.624901 6.435102 -29.389471
v -108.629456 6.459756 -29.412365
v -108.624901 7.170390 -29.389471
v -108.624901 7.121081 -29.389471
v -108.629158 7.145736 -29.410858
v -108.624901 7.856373 -29.389471
v -108.624901 7.807064 -29.389471
v -108.629082 7.831718 -29.410480
v -108.624901 8.542353 -29.389471
v -108.624901 8.493046 -29.389471
v -108.628357 8.517700 -29.406824
v -108.624901 9.228335 -29.389471
v -108.624901 9.179027 -29.389471
v -108.628731 9.203681 -29.408731
v -108.624901 9.914315 -29.389471
v -108.624901 9.865008 -29.389471
v -108.628319 9.889661 -29.406656
v -108.697189 9.865008 -29.382351
v -108.697189 9.914315 -29.382351
v -108.697189 9.889661 -29.399872
v -108.697189 9.179027 -29.382351
v -108.697189 9.228335 -29.382351
v -108.697189 9.203681 -29.401989
v -108.697189 8.493046 -29.382351
v -108.697189 8.542353 -29.382351
v -108.697189 8.517700 -29.400043
v -108.697189 7.807064 -29.382351
v -108.697189 7.856373 -29.382351
v -108.697189 7.831718 -29.403772
v -108.697189 7.121081 -29.382351
v -108.697189 7.170390 -29.382351
v -108.697189 7.145736 -29.404158
v -108.697189 6.435102 -29.382351
v -108.697189 6.484410 -29.382351
v -108.697189 6.459756 -29.405693
v -108.697189 5.749121 -29.382351
v -108.697189 5.798428 -29.382351
v -108.697189 5.773773 -29.412403
v -108.697189 5.063138 -29.382351
v -108.697189 5.112445 -29.382351
v -108.697189 5.087793 -29.407852
v -108.697189 4.377156 -29.382351
v -108.697189 4.426465 -29.382351
v -108.697189 4.401811 -29.403791
v -108.697189 3.691176 -29.382351
v -108.697189 3.740483 -29.382351
v -108.697189 3.715828 -29.403646
v -108.697189 3.005194 -29.382351
v -108.697189 3.054500 -29.382351
v -108.697189 3.029848 -29.403742
v -108.697189 2.319211 -29.382351
v -108.697189 2.368520 -29.382351
v -108.697189 2.343865 -29.408739
v -109.067734 2.368520 -29.752895
v -109.067734 2.319211 -29.752895
v -109.041351 2.343865 -29.752895
v -109.067734 3.054500 -29.752895
v -109.067734 3.005194 -29.752895
v -109.046349 3.029848 -29.752895
v -109.067734 3.740483 -29.752895
v -109.067734 3.691174 -29.752895
v -109.046440 3.715828 -29.752895
v -109.067734 4.426465 -29.752895
v -109.067734 4.377156 -29.752895
v -109.046295 4.401811 -29.752895
v -109.067734 5.112445 -29.752895
v -109.067734 5.063138 -29.752895
v -109.042236 5.087791 -29.752895
v -109.067734 5.798428 -29.752895
v -109.067734 5.749119 -29.752895
v -109.037682 5.773773 -29.752895
v -109.067734 6.484408 -29.752895
v -109.067734 6.435102 -29.752895
v -109.044395 6.459756 -29.752895
v -109.067734 7.170390 -29.752895
v -109.067734 7.121081 -29.752895
v -109.045929 7.145736 -29.752895
v -109.067734 7.856373 -29.752895
v -109.067734 7.807064 -29.752895
v -109.046318 7.831718 -29.752895
v -109.067734 8.542353 -29.752895
v -109.067734 8.493046 -29.752895
v -109.050041 8.517700 -29.752895
v -109.067734 9.228335 -29.752895
v -109.067734 9.179027 -29.752895
v -109.048096 9.203681 -29.752895
v -109.067734 9.914315 -29.752895
v -109.067734 9.865008 -29.752895
v -109.050217 9.889661 -29.752895
v -109.060616 9.865008 -29.825186
v -109.060616 9.914315 -29.825186
v -109.043434 9.889661 -29.821768
v -109.060616 9.179027 -29.825186
v -109.060616 9.228335 -29.825186
v -109.041359 9.203681 -29.821354
v -109.060616 8.493046 -29.825186
v -109.060616 8.542353 -29.825186
v -109.043266 8.517700 -29.821733
v -109.060616 7.807064 -29.825186
v -109.060616 7.856373 -29.825186
v -109.039604 7.831718 -29.821007
v -109.060616 7.121081 -29.825186
v -109.060616 7.170390 -29.825186
v -109.039230 7.145736 -29.820930
v -109.060616 6.435102 -29.825186
v -109.060616 6.484410 -29.825186
v -109.037720 6.459756 -29.820631
v -109.060616 5.749121 -29.825186
v -109.060616 5.798428 -29.825186
v -109.031143 5.773773 -29.819323
v -109.060616 5.063138 -29.825186
v -109.060616 5.112445 -29.825186
v -109.035606 5.087793 -29.820210
v -109.060616 4.377156 -29.825186
v -109.060616 4.426465 -29.825186
v -109.039589 4.401811 -29.821003
v -109.060616 3.691176 -29.825186
v -109.060616 3.740483 -29.825186
v -109.039734 3.715828 -29.821032
v -109.060616 3.005194 -29.825186
v -109.060616 3.054500 -29.825186
v -109.039635 3.029848 -29.821012
v -109.060616 2.319211 -29.825186
v -109.060616 2.368520 -29.825186
v -109.034737 2.343865 -29.820038
v -108.491325 9.865008 -30.060993
v -108.491325 9.914315 -30.060993
v -108.501060 9.889661 -30.046425
v -108.491325 9.179027 -30.060993
v -108.491325 9.228335 -30.060993
v -108.502235 9.203681 -30.044664
v -108.491325 8.493046 -30.060993
v -108.491325 8.542353 -30.060993
v -108.501160 8.517700 -30.046282
v -108.491325 7.807064 -30.060993
v -108.491325 7.856373 -30.060993
v -108.503227 7.831718 -30.043182
v -108.491325 7.121081 -30.060993
v -108.491325 7.170390 -30.060993
v -108.503441 7.145736 -30.042862
v -108.491325 6.435102 -30.060993
v -108.491325 6.484410 -30.060993
v -108.504295 6.459756 -30.041584
v -108.491325 5.749121 -30.060993
v -108.491325 5.798428 -30.060993
v -108.508026 5.773773 -30.036005
v -108.491325 5.063138 -30.060993
v -108.491325 5.112445 -30.060993
v -108.505493 5.087793 -30.039789
v -108.491325 4.377156 -30.060993
v -108.491325 4.426465 -30.060993
v -108.503242 4.401811 -30.043165
v -108.491325 3.691176 -30.060993
v -108.491325 3.740483 -30.060993
v -108.503159 3.715828 -30.043285
v -108.491325 3.005194 -30.060993
v -108.491325 3.054500 -30.060993
v -108.503212 3.029848 -30.043205
v -108.491325 2.319211 -30.060993
v -108.491325 2.368520 -30.060993
v -108.505989 2.343865 -30.039051
v -108.435173 9.865008 -29.490881
v -108.435173 9.914315 -29.490881
v -108.447563 9.889661 -29.503271
v -108.435181 9.179027 -29.490881
v -108.435181 9.228335 -29.490881
v -108.449066 9.203681 -29.504766
v -108.435181 8.493046 -29.490881
v -108.435181 8.542353 -29.490881
v -108.447685 8.517700 -29.503391
v -108.435181 7.807064 -29.490881
v -108.435181 7.856373 -29.490881
v -108.450325 7.831718 -29.506029
v -108.435181 7.121081 -29.490881
v -108.435181 7.170390 -29.490881
v -108.450600 7.145736 -29.506300
v -108.435181 6.435102 -29.490881
v -108.435181 6.484410 -29.490881
v -108.451683 6.459756 -29.507387
v -108.435181 5.749121 -29.490881
v -108.435181 5.798428 -29.490881
v -108.456429 5.773773 -29.512131
v -108.435181 5.063138 -29.490881
v -108.435181 5.112445 -29.490881
v -108.453209 5.087793 -29.508913
v -108.435181 4.377156 -29.490881
v -108.435181 4.426465 -29.490881
v -108.450340 4.401811 -29.506042
v -108.435181 3.691176 -29.490881
v -108.435181 3.740483 -29.490881
v -108.450233 3.715828 -29.505939
v -108.435181 3.005194 -29.490881
v -108.435181 3.054500 -29.490881
v -108.450302 3.029848 -29.506008
v -108.435181 2.319211 -29.490881
v -108.435181 2.368520 -29.490881
v -108.453835 2.343865 -29.509541
v -109.005287 9.865008 -29.547031
v -109.005287 9.914315 -29.547031
v -108.990723 9.889661 -29.556767
v -109.005287 9.179027 -29.547031
v -109.005287 9.228335 -29.547031
v -108.988960 9.203681 -29.557943
v -109.005287 8.493046 -29.547031
v -109.005287 8.542353 -29.547031
v -108.990578 8.517700 -29.556862
v -109.005287 7.807064 -29.547031
v -109.005287 7.856373 -29.547031
v -108.987480 7.831718 -29.558933
v -109.005287 7.121081 -29.547031
v -109.005287 7.170390 -29.547031
v -108.987160 7.145736 -29.559147
v -109.005287 6.435102 -29.547031
v -109.005287 6.484410 -29.547031
v -108.985878 6.459756 -29.559999
v -109.005287 5.749121 -29.547031
v -109.005287 5.798428 -29.547031
v -108.980301 5.773773 -29.563728
v -109.005287 5.063138 -29.547031
v -109.005287 5.112445 -29.547031
v -108.984085 5.087793 -29.561201
v -109.005287 4.377156 -29.547031
v -109.005287 4.426465 -29.547031
v -108.987465 4.401811 -29.558945
v -109.005287 3.691176 -29.547031
v -109.005287 3.740483 -29.547031
v -108.987579 3.715828 -29.558863
v -109.005287 3.005194 -29.547031
v -109.005287 3.054500 -29.547031
v -108.987503 3.029848 -29.558916
v -109.005287 2.319211 -29.547031
v -109.005287 2.368520 -29.547031
v -108.983345 2.343865 -29.561693
v -108.838997 9.865009 -30.095236
v -108.838997 9.914315 -30.095236
v -108.832291 9.889661 -30.079046
v -108.838997 9.179027 -30.095236
v -108.838997 9.228335 -30.095236
v -108.831474 9.203681 -30.077091
v -108.838997 8.493046 -30.095236
v -108.838997 8.542353 -30.095236
v -108.832222 8.517700 -30.078890
v -108.838997 7.807064 -30.095236
v -108.838997 7.856373 -30.095236
v -108.830795 7.831718 -30.075443
v -108.838997 7.121081 -30.095236
v -108.838997 7.170390 -30.095236
v -108.830650 7.145736 -30.075089
v -108.838997 6.435102 -30.095236
v -108.838997 6.484410 -30.095236
v -108.830063 6.459756 -30.073669
v -108.838997 5.749121 -30.095236
v -108.838997 5.798428 -30.095236
v -108.827492 5.773773 -30.067471
v -108.838997 5.063138 -30.095236
v -108.838997 5.112445 -30.095236
v -108.829231 5.087793 -30.071674
v -108.838997 4.377156 -30.095236
v -108.838997 4.426465 -30.095236
v -108.830788 4.401811 -30.075426
v -108.838997 3.691176 -30.095236
v -108.838997 3.740483 -30.095236
v -108.830841 3.715828 -30.075560
v -108.838997 3.005194 -30.095236
v -108.838997 3.054500 -30.095236
v -108.830811 3.029848 -30.075472
v -108.838997 2.319211 -30.095236
v -108.838997 2.368520 -30.095236
v -108.828896 2.343865 -30.070854
v -108.326645 9.865008 -29.752895
v -108.326645 9.914315 -29.752895
v -108.344170 9.889661 -29.752895
v -108.326645 9.179027 -29.752895
v -108.326645 9.228335 -29.752895
v -108.346283 9.203681 -29.752895
v -108.326645 8.493046 -29.752895
v -108.326645 8.542353 -29.752895
v -108.344337 8.517700 -29.752895
v -108.326645 7.807064 -29.752895
v -108.326645 7.856373 -29.752895
v -108.348068 7.831718 -29.752895
v -108.326645 7.121081 -29.752895
v -108.326645 7.170390 -29.752895
v -108.348450 7.145736 -29.752895
v -108.326645 6.435102 -29.752895
v -108.326645 6.484410 -29.752895
v -108.349991 6.459756 -29.752895
v -108.326645 5.749121 -29.752895
v -108.326645 5.798428 -29.752895
v -108.356697 5.773773 -29.752895
v -108.326645 5.063138 -29.752895
v -108.326645 5.112445 -29.752895
v -108.352150 5.087793 -29.752895
v -108.326645 4.377156 -29.752895
v -108.326645 4.426465 -29.752895
v -108.348091 4.401811 -29.752895
v -108.326645 3.691176 -29.752895
v -108.326645 3.740483 -29.752895
v -108.347946 3.715828 -29.752895
v -108.326645 3.005194 -29.752895
v -108.326645 3.054500 -29.752895
v -108.348038 3.029848 -29.752895
v -108.326645 2.319211 -29.752895
v -108.326645 2.368520 -29.752895
v -108.353035 2.343865 -29.752895
v -108.769478 9.865008 -29.389471
v -108.769478 9.914315 -29.389471
v -108.766060 9.889661 -29.406656
v -108.769478 9.179027 -29.389471
v -108.769478 9.228335 -29.389471
v -108.765648 9.203681 -29.408731
v -108.769478 8.493046 -29.389471
v -108.769478 8.542353 -29.389471
v -108.766029 8.517700 -29.406824
v -108.769478 7.807064 -29.389471
v -108.769478 7.856373 -29.389471
v -108.765305 7.831718 -29.410480
v -108.769485 7.121081 -29.389471
v -108.769485 7.170390 -29.389471
v -108.765228 7.145736 -29.410858
v -108.769485 6.435102 -29.389471
v -108.769485 6.484410 -29.389471
v -108.764931 6.459756 -29.412365
v -108.769485 5.749121 -29.389471
v -108.769485 5.798428 -29.389471
v -108.763618 5.773773 -29.418945
v -108.769485 5.063138 -29.389471
v -108.769485 5.112445 -29.389471
v -108.764503 5.087793 -29.414482
v -108.769485 4.377156 -29.389471
v -108.769485 4.426465 -29.389471
v -108.765297 4.401811 -29.410500
v -108.769485 3.691176 -29.389471
v -108.769485 3.740483 -29.389471
v -108.765327 3.715828 -29.410358
v -108.769485 3.005194 -29.389471
v -108.769485 3.054500 -29.389471
v -108.765305 3.029848 -29.410452
v -108.769485 2.319211 -29.389471
v -108.769485 2.368520 -29.389471
v -108.764336 2.343865 -29.415352
v -109.039528 9.865008 -29.894697
v -109.039528 9.914315 -29.894697
v -109.023346 9.889661 -29.887993
v -109.039528 9.179027 -29.894697
v -109.039528 9.228335 -29.894697
v -109.021385 9.203681 -29.887182
v -109.039528 8.493046 -29.894697
v -109.039528 8.542353 -29.894697
v -109.023186 8.517700 -29.887926
v -109.039528 7.807064 -29.894697
v -109.039528 7.856373 -29.894697
v -109.019737 7.831718 -29.886499
v -109.039528 7.121081 -29.894697
v -109.039528 7.170390 -29.894697
v -109.019386 7.145736 -29.886353
v -109.039528 6.435102 -29.894697
v -109.039528 6.484410 -29.894697
v -109.017967 6.459756 -29.885765
v -109.039528 5.749121 -29.894697
v -109.039528 5.798428 -29.894697
v -109.011765 5.773773 -29.883196
v -109.039528 5.063138 -29.894697
v -109.039528 5.112445 -29.894697
v -109.015968 5.087793 -29.884937
v -109.039528 4.377156 -29.894697
v -109.039528 4.426465 -29.894697
v -109.019722 4.401811 -29.886492
v -109.039528 3.691176 -29.894697
v -109.039528 3.740483 -29.894697
v -109.019859 3.715828 -29.886547
v -109.039528 3.005194 -29.894697
v -109.039528 3.054500 -29.894697
v -109.019768 3.029848 -29.886511
v -109.039528 2.319211 -29.894697
v -109.039528 2.368520 -29.894697
v -109.015152 2.343865 -29.884600
v -108.435173 9.865008 -30.014912
v -108.435173 9.914315 -30.014912
v -108.447563 9.889661 -30.002522
v -108.435181 9.179027 -30.014912
v -108.435181 9.228335 -30.014912
v -108.449066 9.203681 -30.001024
v -108.435181 8.493046 -30.014912
v -108.435181 8.542353 -30.014912
v -108.447685 8.517700 -30.002399
v -108.435181 7.807064 -30.014912
v -108.435181 7.856373 -30.014912
v -108.450325 7.831718 -29.999763
v -108.435181 7.121081 -30.014912
v -108.435181 7.170390 -30.014912
v -108.450600 7.145736 -29.999491
v -108.435181 6.435102 -30.014912
v -108.435181 6.484410 -30.014912
v -108.451683 6.459756 -29.998405
v -108.435181 5.749121 -30.014912
v -108.435181 5.798428 -30.014912
v -108.456429 5.773773 -29.993660
v -108.435181 5.063138 -30.014912
v -108.435181 5.112445 -30.014912
v -108.453209 5.087793 -29.996878
v -108.435181 4.377156 -30.014912
v -108.435181 4.426465 -30.014912
v -108.450340 4.401811 -29.999750
v -108.435181 3.691176 -30.014912
v -108.435181 3.740483 -30.014912
v -108.450233 3.715828 -29.999853
v -108.435181 3.005194 -30.014912
v -108.435181 3.054500 -30.014912
v -108.450302 3.029848 -29.999784
v -108.435181 2.319211 -30.014912
v -108.435181 2.368520 -30.014912
v -108.453835 2.343865 -29.996250
v -108.491325 9.865008 -29.444799
v -108.491325 9.914315 -29.444799
v -108.501060 9.889661 -29.459368
v -108.491325 9.179027 -29.444799
v -108.491325 9.228335 -29.444799
v -108.502235 9.203681 -29.461128
v -108.491325 8.493046 -29.444799
v -108.491325 8.542353 -29.444799
v -108.501160 8.517700 -29.459511
v -108.491325 7.807064 -29.444799
v -108.491325 7.856373 -29.444799
v -108.503227 7.831718 -29.462610
v -108.491325 7.121081 -29.444799
v -108.491325 7.170390 -29.444799
v -108.503441 7.145736 -29.462931
v -108.491325 6.435102 -29.444799
v -108.491325 6.484410 -29.444799
v -108.504295 6.459756 -29.464207
v -108.491325 5.749121 -29.444799
v -108.491325 5.798428 -29.444799
v -108.508026 5.773773 -29.469786
v -108.491325 5.063138 -29.444799
v -108.491325 5.112445 -29.444799
v -108.505493 5.087793 -29.466003
v -108.491325 4.377156 -29.444799
v -108.491325 4.426465 -29.444799
v -108.503242 4.401811 -29.462626
v -108.491325 3.691176 -29.444799
v -108.491325 3.740483 -29.444799
v -108.503159 3.715828 -29.462505
v -108.491325 3.005194 -29.444799
v -108.491325 3.054500 -29.444799
v -108.503212 3.029848 -29.462585
v -108.491325 2.319211 -29.444799
v -108.491325 2.368520 -29.444799
v -108.505989 2.343865 -29.466740
v -109.039528 9.865008 -29.611094
v -109.039528 9.914315 -29.611094
v -109.023346 9.889661 -29.617800
v -109.039528 9.179027 -29.611094
v -109.039528 9.228335 -29.611094
v -109.021385 9.203681 -29.618610
v -109.039528 8.493046 -29.611094
v -109.039528 8.542353 -29.611094
v -109.023186 8.517700 -29.617865
v -109.039528 7.807064 -29.611094
v -109.039528 7.856373 -29.611094
v -109.019737 7.831718 -29.619291
v -109.039528 7.121081 -29.611094
v -109.039528 7.170390 -29.611094
v -109.019386 7.145736 -29.619440
v -109.039528 6.435102 -29.611094
v -109.039528 6.484410 -29.611094
v -109.017967 6.459756 -29.620028
v -109.039528 5.749121 -29.611094
v -109.039528 5.798428 -29.611094
v -109.011765 5.773773 -29.622595
v -109.039528 5.063138 -29.611094
v -109.039528 5.112445 -29.611094
v -109.015968 5.087793 -29.620853
v -109.039528 4.377156 -29.611094
v -109.039528 4.426465 -29.611094
v -109.019722 4.401811 -29.619299
v -109.039528 3.691176 -29.611094
v -109.039528 3.740483 -29.611094
v -109.019859 3.715828 -29.619244
v -109.039528 3.005194 -29.611094
v -109.039528 3.054500 -29.611094
v -109.019768 3.029848 -29.619280
v -109.039528 2.319211 -29.611094
v -109.039528 2.368520 -29.611094
v -109.015152 2.343865 -29.621193
v -108.769478 9.865009 -30.116322
v -108.769478 9.914315 -30.116322
v -108.766060 9.889661 -30.099136
v -108.769478 9.179027 -30.116322
v -108.769478 9.228335 -30.116322
v -108.765648 9.203681 -30.097059
v -108.769478 8.493046 -30.116322
v -108.769478 8.542353 -30.116322
v -108.766029 8.517700 -30.098969
v -108.769478 7.807064 -30.116322
v -108.769478 7.856373 -30.116322
v -108.765305 7.831718 -30.095312
v -108.769485 7.121081 -30.116322
v -108.769485 7.170390 -30.116322
v -108.765228 7.145736 -30.094933
v -108.769485 6.435102 -30.116322
v -108.769485 6.484410 -30.116322
v -108.764931 6.459756 -30.093428
v -108.769485 5.749121 -30.116322
v -108.769485 5.798428 -30.116322
v -108.763618 5.773773 -30.086845
v -108.769485 5.063138 -30.116322
v -108.769485 5.112445 -30.116322
v -108.764503 5.087793 -30.091309
v -108.769485 4.377156 -30.116322
v -108.769485 4.426465 -30.116322
v -108.765297 4.401811 -30.095293
v -108.769485 3.691176 -30.116322
v -108.769485 3.740483 -30.116322
v -108.765327 3.715828 -30.095434
v -108.769485 3.005194 -30.116322
v -108.769485 3.054500 -30.116322
v -108.765305 3.029848 -30.095341
v -108.769485 2.319211 -30.116322
v -108.769485 2.368520 -30.116322
v -108.764336 2.343865 -30.090439
v -108.333763 9.865008 -29.680607
v -108.333763 9.914315 -29.680607
v -108.350952 9.889661 -29.684025
v -108.333763 9.179027 -29.680607
v -108.333763 9.228335 -29.680607
v -108.353027 9.203681 -29.684437
v -108.333763 8.493046 -29.680607
v -108.333763 8.542353 -29.680607
v -108.351120 8.517700 -29.684057
v -108.333763 7.807064 -29.680607
v -108.333763 7.856373 -29.680607
v -108.354774 7.831718 -29.684786
v -108.333763 7.121081 -29.680607
v -108.333763 7.170390 -29.680607
v -108.355156 7.145736 -29.684860
v -108.333763 6.435102 -29.680607
v -108.333763 6.484410 -29.680607
v -108.356659 6.459756 -29.685160
v -108.333763 5.749121 -29.680607
v -108.333763 5.798428 -29.680607
v -108.363243 5.773773 -29.686468
v -108.333763 5.063138 -29.680607
v -108.333763 5.112445 -29.680607
v -108.358780 5.087793 -29.685581
v -108.333763 4.377156 -29.680607
v -108.333763 4.426465 -29.680607
v -108.354797 4.401811 -29.684790
v -108.333763 3.691176 -29.680607
v -108.333763 3.740483 -29.680607
v -108.354652 3.715828 -29.684761
v -108.333763 3.005194 -29.680607
v -108.333763 3.054500 -29.680607
v -108.354744 3.029848 -29.684780
v -108.333771 2.319211 -29.680607
v -108.333771 2.368520 -29.680607
v -108.359650 2.343865 -29.685755
v -108.838997 9.865008 -29.410557
v -108.838997 9.914315 -29.410557
v -108.832291 9.889661 -29.426744
v -108.838997 9.179027 -29.410557
v -108.838997 9.228335 -29.410557
v -108.831474 9.203681 -29.428699
v -108.838997 8.493046 -29.410557
v -108.838997 8.542353 -29.410557
v -108.832222 8.517700 -29.426903
v -108.838997 7.807064 -29.410557
v -108.838997 7.856373 -29.410557
v -108.830795 7.831718 -29.430347
v -108.838997 7.121081 -29.410557
v -108.838997 7.170390 -29.410557
v -108.830650 7.145736 -29.430704
v -108.838997 6.435102 -29.410557
v -108.838997 6.484410 -29.410557
v -108.830063 6.459756 -29.432121
v -108.838997 5.749121 -29.410557
v -108.838997 5.798428 -29.410557
v -108.827492 5.773773 -29.438322
v -108.838997 5.063138 -29.410557
v -108.838997 5.112445 -29.410557
v -108.829231 5.087793 -29.434118
v -108.838997 4.377156 -29.410557
v -108.838997 4.426465 -29.410557
v -108.830788 4.401811 -29.430367
v -108.838997 3.691176 -29.410557
v -108.838997 3.740483 -29.410557
v -108.830841 3.715828 -29.430231
v -108.838997 3.005194 -29.410557
v -108.838997 3.054500 -29.410557
v -108.830811 3.029848 -29.430321
v -108.838997 2.319211 -29.410557
v -108.838997 2.368520 -29.410557
v -108.828896 2.343865 -29.434937
v -109.005287 9.865008 -29.958759
v -109.005287 9.914315 -29.958759
v -108.990723 9.889661 -29.949024
v -109.005287 9.179027 -29.958759
v -109.005287 9.228335 -29.958759
v -108.988960 9.203681 -29.947849
v -109.005287 8.493046 -29.958759
v -109.005287 8.542353 -29.958759
v -108.990578 8.517700 -29.948931
v -109.005287 7.807064 -29.958759
v -109.005287 7.856373 -29.958759
v -108.987480 7.831718 -29.946859
v -109.005287 7.121081 -29.958759
v -109.005287 7.170390 -29.958759
v -108.987160 7.145736 -29.946644
v -109.005287 6.435102 -29.958759
v -109.005287 6.484410 -29.958759
v -108.985878 6.459756 -29.945791
v -109.005287 5.749121 -29.958759
v -109.005287 5.798428 -29.958759
v -108.980301 5.773773 -29.942064
v -109.005287 5.063138 -29.958759
v -109.005287 5.112445 -29.958759
v -108.984085 5.087793 -29.944592
v -109.005287 4.377156 -29.958759
v -109.005287 4.426465 -29.958759
v -108.987465 4.401811 -29.946848
v -109.005287 3.691176 -29.958759
v -109.005287 3.740483 -29.958759
v -108.987579 3.715828 -29.946928
v -109.005287 3.005194 -29.958759
v -109.005287 3.054500 -29.958759
v -108.987503 3.029848 -29.946875
v -109.005287 2.319211 -29.958759
v -109.005287 2.368520 -29.958759
v -108.983345 2.343865 -29.944099
v -108.389091 9.865008 -29.958759
v -108.389091 9.914315 -29.958759
v -108.403664 9.889661 -29.949026
v -108.389091 9.179027 -29.958759
v -108.389091 9.228335 -29.958759
v -108.405426 9.203681 -29.947849
v -108.389091 8.493046 -29.958759
v -108.389091 8.542353 -29.958759
v -108.403809 8.517700 -29.948931
v -108.389091 7.807064 -29.958759
v -108.389091 7.856373 -29.958759
v -108.406906 7.831718 -29.946859
v -108.389091 7.121081 -29.958759
v -108.389091 7.170390 -29.958759
v -108.407227 7.145736 -29.946644
v -108.389091 6.435102 -29.958759
v -108.389091 6.484410 -29.958759
v -108.408501 6.459756 -29.945791
v -108.389091 5.749121 -29.958759
v -108.389091 5.798428 -29.958759
v -108.414085 5.773773 -29.942064
v -108.389091 5.063138 -29.958759
v -108.389091 5.112445 -29.958759
v -108.410301 5.087793 -29.944592
v -108.389091 4.377156 -29.958759
v -108.389091 4.426465 -29.958759
v -108.406921 4.401811 -29.946848
v -108.389091 3.691176 -29.958759
v -108.389091 3.740483 -29.958759
v -108.406799 3.715828 -29.946928
v -108.389091 3.005194 -29.958759
v -108.389091 3.054500 -29.958759
v -108.406883 3.029848 -29.946875
v -108.389091 2.319211 -29.958759
v -108.389091 2.368520 -29.958759
v -108.411034 2.343865 -29.944099
v -108.555389 9.865008 -29.410557
v -108.555389 9.914315 -29.410557
v -108.562096 9.889661 -29.426744
v -108.555389 9.179027 -29.410557
v -108.555389 9.228335 -29.410557
v -108.562904 9.203681 -29.428699
v -108.555389 8.493046 -29.410557
v -108.555389 8.542353 -29.410557
v -108.562164 8.517700 -29.426903
v -108.555389 7.807064 -29.410557
v -108.555389 7.856373 -29.410557
v -108.563591 7.831718 -29.430347
v -108.555389 7.121081 -29.410557
v -108.555389 7.170390 -29.410557
v -108.563736 7.145736 -29.430704
v -108.555389 6.435102 -29.410557
v -108.555389 6.484410 -29.410557
v -108.564323 6.459756 -29.432121
v -108.555389 5.749121 -29.410557
v -108.555389 5.798428 -29.410557
v -108.566895 5.773773 -29.438322
v -108.555389 5.063138 -29.410557
v -108.555389 5.112445 -29.410557
v -108.565147 5.087793 -29.434118
v -108.555389 4.377156 -29.410557
v -108.555389 4.426465 -29.410557
v -108.563599 4.401811 -29.430367
v -108.555389 3.691176 -29.410557
v -108.555389 3.740483 -29.410557
v -108.563538 3.715828 -29.430231
v -108.555389 3.005194 -29.410557
v -108.555389 3.054500 -29.410557
v -108.563576 3.029848 -29.430321
v -108.555389 2.319211 -29.410557
v -108.555389 2.368520 -29.410557
v -108.565491 2.343865 -29.434937
v -109.060616 9.865008 -29.680607
v -109.060616 9.914315 -29.680607
v -109.043434 9.889661 -29.684025
v -109.060616 9.179027 -29.680607
v -109.060616 9.228335 -29.680607
v -109.041359 9.203681 -29.684437
v -109.060616 8.493046 -29.680607
v -109.060616 8.542353 -29.680607
v -109.043266 8.517700 -29.684057
v -109.060616 7.807064 -29.680607
v -109.060616 7.856373 -29.680607
v -109.039604 7.831718 -29.684786
v -109.060616 7.121081 -29.680607
v -109.060616 7.170390 -29.680607
v -109.039230 7.145736 -29.684860
v -109.060616 6.435102 -29.680607
v -109.060616 6.484410 -29.680607
v -109.037720 6.459756 -29.685160
v -109.060616 5.749121 -29.680607
v -109.060616 5.798428 -29.680607
v -109.031143 5.773773 -29.686468
v -109.060616 5.063138 -29.680607
v -109.060616 5.112445 -29.680607
v -109.035606 5.087793 -29.685581
v -109.060616 4.377156 -29.680607
v -109.060616 4.426465 -29.680607
v -109.039589 4.401811 -29.684790
v -109.060616 3.691176 -29.680607
v -109.060616 3.740483 -29.680607
v -109.039734 3.715828 -29.684761
v -109.060616 3.005194 -29.680607
v -109.060616 3.054500 -29.680607
v -109.039635 3.029848 -29.684780
v -109.060616 2.319211 -29.680607
v -109.060616 2.368520 -29.680607
v -109.034737 2.343865 -29.685755
v -108.697189 2.368520 -30.123442
v -108.697189 2.319211 -30.123442
v -108.697189 2.343865 -30.097052
v -108.697189 3.054500 -30.123442
v -108.697189 3.005194 -30.123442
v -108.697189 3.029848 -30.102049
v -108.697189 3.740483 -30.123442
v -108.697189 3.691174 -30.123442
v -108.697189 3.715828 -30.102144
v -108.697189 4.426465 -30.123442
v -108.697189 4.377156 -30.123442
v -108.697189 4.401811 -30.101999
v -108.697189 5.112445 -30.123442
v -108.697189 5.063138 -30.123442
v -108.697189 5.087791 -30.097939
v -108.697189 5.798428 -30.123442
v -108.697189 5.749119 -30.123442
v -108.697189 5.773773 -30.093388
v -108.697189 6.484408 -30.123442
v -108.697189 6.435102 -30.123442
v -108.697189 6.459756 -30.100100
v -108.697189 7.170390 -30.123442
v -108.697189 7.121081 -30.123442
v -108.697189 7.145736 -30.101635
v -108.697189 7.856373 -30.123442
v -108.697189 7.807064 -30.123442
v -108.697189 7.831718 -30.102020
v -108.697189 8.542353 -30.123442
v -108.697189 8.493046 -30.123442
v -108.697189 8.517700 -30.105749
v -108.697189 9.228335 -30.123442
v -108.697189 9.179027 -30.123442
v -108.697189 9.203681 -30.103802
v -108.697189 9.914315 -30.123442
v -108.697189 9.865009 -30.123442
v -108.697189 9.889661 -30.105919
v -108.697189 1.630773 -30.123442
v -108.697189 1.684997 -30.123442
v -108.697189 1.657884 -30.101748
v -108.624901 1.684997 -30.116322
v -108.624901 1.630773 -30.116322
v -108.629135 1.657884 -30.095043
v -108.555389 1.684997 -30.095236
v -108.555389 1.630773 -30.095236
v -108.563690 1.657884 -30.075191
v -108.491325 1.684997 -30.060993
v -108.491325 1.630773 -30.060993
v -108.503380 1.657884 -30.042955
v -108.435181 1.684997 -30.014912
v -108.435181 1.630773 -30.014912
v -108.450516 1.657884 -29.999571
v -108.389091 1.684997 -29.958759
v -108.389091 1.630773 -29.958759
v -108.407135 1.657884 -29.946707
v -108.354851 1.684997 -29.894697
v -108.354851 1.630773 -29.894697
v -108.374893 1.657884 -29.886395
v -108.333771 1.684997 -29.825186
v -108.333771 1.630773 -29.825186
v -108.355042 1.657884 -29.820953
v -108.326645 1.684997 -29.752895
v -108.326645 1.630773 -29.752895
v -108.348343 1.657884 -29.752895
v -108.333771 1.684997 -29.680607
v -108.333771 1.630773 -29.680607
v -108.355042 1.657884 -29.684839
v -108.354851 1.684997 -29.611094
v -108.354851 1.630773 -29.611094
v -108.374893 1.657884 -29.619396
v -108.389091 1.684997 -29.547031
v -108.389091 1.630773 -29.547031
v -108.407135 1.657884 -29.559084
v -108.435181 1.684997 -29.490881
v -108.435181 1.630773 -29.490881
v -108.450516 1.657884 -29.506222
v -108.491325 1.684997 -29.444799
v -108.491325 1.630773 -29.444799
v -108.503380 1.657884 -29.462837
v -108.555389 1.684997 -29.410557
v -108.555389 1.630773 -29.410557
v -108.563690 1.657884 -29.430599
v -108.624901 1.684997 -29.389471
v -108.624901 1.630773 -29.389471
v -108.629135 1.657884 -29.410748
v -108.697189 1.684997 -29.382351
v -108.697189 1.630773 -29.382351
v -108.697189 1.657884 -29.404045
v -108.769485 1.684997 -29.389471
v -108.769485 1.630773 -29.389471
v -108.765251 1.657884 -29.410748
v -108.838997 1.684997 -29.410557
v -108.838997 1.630773 -29.410557
v -108.830688 1.657884 -29.430599
v -108.903053 1.684997 -29.444799
v -108.903053 1.630773 -29.444799
v -108.891006 1.657884 -29.462837
v -108.959206 1.684997 -29.490881
v -108.959206 1.630773 -29.490881
v -108.943871 1.657884 -29.506222
v -109.005287 1.684997 -29.547031
v -109.005287 1.630773 -29.547031
v -108.987251 1.657884 -29.559084
v -109.039528 1.684997 -29.611094
v -109.039528 1.630773 -29.611094
v -109.019485 1.657884 -29.619396
v -109.060616 1.684997 -29.680607
v -109.060616 1.630773 -29.680607
v -109.039337 1.657884 -29.684839
v -109.067734 1.684997 -29.752895
v -109.067734 1.630773 -29.752895
v -109.046043 1.657884 -29.752895
v -109.060616 1.684997 -29.825186
v -109.060616 1.630773 -29.825186
v -109.039337 1.657884 -29.820953
v -109.039528 1.684997 -29.894697
v -109.039528 1.630773 -29.894697
v -109.019485 1.657884 -29.886396
v -109.005287 1.684997 -29.958759
v -109.005287 1.630773 -29.958759
v -108.987251 1.657884 -29.946707
v -108.959206 1.684997 -30.014912
v -108.959206 1.630773 -30.014912
v -108.943871 1.657884 -29.999571
v -108.903053 1.684997 -30.060993
v -108.903053 1.630773 -30.060993
v -108.891006 1.657884 -30.042955
v -108.838997 1.684997 -30.095236
v -108.838997 1.630773 -30.095236
v -108.830688 1.657884 -30.075191
v -108.769485 1.684997 -30.116322
v -108.769485 1.630773 -30.116322
v -108.765251 1.657884 -30.095043
v -111.281487 10.526407 -28.226852
v -106.089363 10.526407 -28.226852
v -109.664085 13.827327 -28.226854
v -107.642883 13.820940 -28.226854
v -110.541588 13.274468 -28.226852
v -111.028381 12.587454 -28.226852
v -111.236496 11.900439 -28.226852
v -111.281487 11.213425 -28.226854
v -106.089363 11.213425 -28.226854
v -106.134354 11.900439 -28.226852
v -106.342468 12.587454 -28.226852
v -106.829254 13.274468 -28.226852
v -107.249077 13.617975 -28.226852
v -110.121773 13.617975 -28.226852
v -110.825089 12.930961 -28.226852
v -106.545761 12.930961 -28.226852
v -111.145622 12.243947 -28.226852
v -106.225220 12.243947 -28.226852
v -111.274940 11.556931 -28.226854
v -106.095909 11.556931 -28.226854
v -109.078987 14.006201 -28.226854
v -108.227982 13.999812 -28.226854
v -111.281487 10.526407 -28.671753
v -106.089363 10.526407 -28.671753
v -109.664085 13.827327 -28.671753
v -107.642883 13.820940 -28.671753
v -110.541588 13.274468 -28.671753
v -111.028381 12.587454 -28.671753
v -111.236496 11.900439 -28.671753
v -111.281487 11.213425 -28.671753
v -106.089363 11.213425 -28.671753
v -106.134354 11.900439 -28.671753
v -106.342468 12.587454 -28.671753
v -106.829254 13.274468 -28.671753
v -107.249077 13.617975 -28.671751
v -110.121773 13.617975 -28.671751
v -110.825089 12.930961 -28.671753
v -106.545761 12.930961 -28.671753
v -111.145622 12.243947 -28.671753
v -106.225220 12.243947 -28.671753
v -111.274940 11.556931 -28.671753
v -106.095909 11.556931 -28.671753
v -109.078987 14.006201 -28.671753
v -108.227982 13.999812 -28.671753
v -111.281487 10.526407 -31.258759
v -106.089363 10.526407 -31.258759
v -111.281487 11.213425 -31.258759
v -106.089363 11.213425 -31.258759
v -111.281487 10.526407 -30.750938
v -111.281487 11.213425 -30.750938
v -106.089363 10.526407 -30.750938
v -106.089363 11.213425 -30.750938
v -111.274971 11.556472 -31.258759
v -106.097305 11.556287 -31.258759
v -111.274971 11.556472 -30.750938
v -106.097305 11.556287 -30.750938
v -111.235664 11.900490 -31.258759
v -106.135185 11.903362 -31.258759
v -111.235664 11.900490 -30.750938
v -106.135185 11.903362 -30.750938
v -111.146210 12.243736 -31.258759
v -106.224701 12.243919 -31.258759
v -111.146210 12.243736 -30.750938
v -106.224701 12.243919 -30.750938
v -111.028214 12.587550 -31.258759
v -106.343849 12.587842 -31.258759
v -111.028214 12.587550 -30.750938
v -106.343849 12.587842 -30.750938
v -110.825165 12.930598 -31.258759
v -106.545074 12.931211 -31.258759
v -110.825165 12.930598 -30.750938
v -106.545074 12.931211 -30.750938
v -110.541245 13.273977 -31.258759
v -106.830040 13.273369 -31.258759
v -110.541245 13.273977 -30.750938
v -106.830040 13.273369 -30.750938
v -110.121498 13.618944 -31.258759
v -107.249352 13.617840 -31.258759
v -110.121498 13.618944 -30.750938
v -107.249352 13.617840 -30.750938
v -109.662918 13.826973 -31.258759
v -107.643959 13.821459 -31.258759
v -109.662918 13.826973 -30.750938
v -107.643959 13.821459 -30.750938
v -109.080177 14.006034 -31.258759
v -108.227158 14.000284 -31.258759
v -109.080177 14.006034 -30.750938
v -108.227158 14.000284 -30.750938
v -111.281487 11.213425 -30.057877
v -111.281487 11.213425 -29.364815
v -106.089363 11.213425 -30.057877
v -106.089363 11.213425 -29.364815
v -111.281487 10.526407 -29.364815
v -111.281487 10.526407 -30.057877
v -106.089363 10.526407 -29.364815
v -106.089363 10.526407 -30.057877
v -108.201866 11.610213 -27.522371
v -108.217979 11.610213 -27.462248
v -108.261993 11.610213 -27.418236
v -108.322113 11.610213 -27.402126
v -108.382233 11.610213 -27.418236
v -108.426247 11.610213 -27.462248
v -108.442360 11.610213 -27.522371
v -108.426247 11.610213 -27.582495
v -108.382233 11.610213 -27.626507
v -108.322113 11.610213 -27.642616
v -108.261993 11.610213 -27.626507
v -108.217979 11.610213 -27.582495
v -108.218254 12.199828 -27.522371
v -108.233818 12.195657 -27.462248
v -108.276329 12.184265 -27.418236
v -108.334404 12.168705 -27.402126
v -108.392479 12.153145 -27.418236
v -108.434990 12.141754 -27.462248
v -108.450554 12.137583 -27.522371
v -108.434990 12.141754 -27.582495
v -108.392479 12.153145 -27.626507
v -108.334404 12.168705 -27.642618
v -108.276329 12.184265 -27.626507
v -108.233818 12.195657 -27.582495
v -108.266304 12.315832 -27.522371
v -108.280258 12.307777 -27.462248
v -108.318375 12.285769 -27.418236
v -108.370445 12.255709 -27.402126
v -108.422508 12.225647 -27.418236
v -108.460625 12.203640 -27.462248
v -108.474579 12.195586 -27.522371
v -108.460625 12.203640 -27.582495
v -108.422508 12.225647 -27.626507
v -108.370445 12.255709 -27.642616
v -108.318375 12.285769 -27.626507
v -108.280258 12.307777 -27.582495
v -108.342743 12.415446 -27.522371
v -108.354134 12.404055 -27.462248
v -108.385254 12.372933 -27.418236
v -108.427773 12.330420 -27.402126
v -108.470284 12.287907 -27.418236
v -108.501404 12.256784 -27.462248
v -108.512794 12.245394 -27.522371
v -108.501404 12.256784 -27.582495
v -108.470284 12.287907 -27.626507
v -108.427773 12.330420 -27.642616
v -108.385254 12.372933 -27.626507
v -108.354134 12.404055 -27.582495
v -108.442360 12.491884 -27.522371
v -108.450417 12.477932 -27.462248
v -108.472420 12.439816 -27.418236
v -108.502480 12.387748 -27.402126
v -108.532539 12.335680 -27.418236
v -108.554550 12.297563 -27.462248
v -108.562607 12.283612 -27.522371
v -108.554550 12.297563 -27.582495
v -108.532539 12.335680 -27.626507
v -108.502480 12.387748 -27.642616
v -108.472420 12.439816 -27.626507
v -108.450417 12.477932 -27.582495
v -108.558365 12.539935 -27.522371
v -108.562531 12.524374 -27.462248
v -108.573921 12.481860 -27.418236
v -108.589485 12.423786 -27.402126
v -108.605049 12.365711 -27.418236
v -108.616440 12.323198 -27.462248
v -108.620605 12.307637 -27.522371
v -108.616440 12.323198 -27.582495
v -108.605049 12.365711 -27.626507
v -108.589485 12.423786 -27.642616
v -108.573921 12.481860 -27.626507
v -108.562531 12.524374 -27.582495
v -108.682854 12.556324 -27.522371
v -108.682854 12.540214 -27.462248
v -108.682854 12.496201 -27.418236
v -108.682854 12.436077 -27.402126
v -108.682854 12.375955 -27.418236
v -108.682854 12.331942 -27.462248
v -108.682854 12.315832 -27.522371
v -108.682854 12.331942 -27.582495
v -108.682854 12.375955 -27.626507
v -108.682854 12.436077 -27.642616
v -108.682854 12.496201 -27.626507
v -108.682854 12.540214 -27.582495
v -108.807335 12.539935 -27.522371
v -108.803169 12.524374 -27.462248
v -108.791779 12.481860 -27.418236
v -108.776215 12.423786 -27.402126
v -108.760658 12.365711 -27.418236
v -108.749268 12.323198 -27.462248
v -108.745094 12.307637 -27.522371
v -108.749268 12.323198 -27.582495
v -108.760658 12.365711 -27.626507
v -108.776215 12.423786 -27.642616
v -108.791779 12.481860 -27.626507
v -108.803169 12.524374 -27.582495
v -108.923340 12.491884 -27.522371
v -108.915291 12.477932 -27.462248
v -108.893280 12.439816 -27.418236
v -108.863220 12.387748 -27.402126
v -108.833160 12.335680 -27.418236
v -108.811150 12.297563 -27.462248
v -108.803093 12.283612 -27.522371
v -108.811150 12.297563 -27.582495
v -108.833160 12.335680 -27.626507
v -108.863220 12.387748 -27.642616
v -108.893280 12.439816 -27.626507
v -108.915291 12.477932 -27.582495
v -109.022957 12.415446 -27.522371
v -109.011566 12.404055 -27.462248
v -108.980446 12.372933 -27.418236
v -108.937927 12.330420 -27.402126
v -108.895416 12.287907 -27.418236
v -108.864296 12.256784 -27.462248
v -108.852905 12.245394 -27.522371
v -108.864296 12.256784 -27.582495
v -108.895416 12.287907 -27.626507
v -108.937927 12.330420 -27.642616
v -108.980446 12.372933 -27.626507
v -109.011566 12.404055 -27.582495
v -109.099396 12.315832 -27.522371
v -109.085442 12.307777 -27.462248
v -109.047325 12.285769 -27.418236
v -108.995262 12.255709 -27.402126
v -108.943192 12.225647 -27.418236
v -108.905075 12.203640 -27.462248
v -108.891121 12.195586 -27.522371
v -108.905075 12.203640 -27.582495
v -108.943192 12.225647 -27.626507
v -108.995262 12.255709 -27.642616
v -109.047325 12.285769 -27.626507
v -109.085442 12.307777 -27.582495
v -109.147446 12.199828 -27.522371
v -109.131882 12.195657 -27.462248
v -109.089371 12.184265 -27.418236
v -109.031296 12.168705 -27.402126
v -108.973221 12.153145 -27.418236
v -108.930710 12.141754 -27.462248
v -108.915146 12.137583 -27.522371
v -108.930710 12.141754 -27.582495
v -108.973221 12.153145 -27.626507
v -109.031296 12.168705 -27.642618
v -109.089371 12.184265 -27.626507
v -109.131882 12.195657 -27.582495
v -109.163834 11.610213 -27.522371
v -109.147728 11.610213 -27.462248
v -109.103714 11.610213 -27.418236
v -109.043587 11.610213 -27.402126
v -108.983467 11.610213 -27.418236
v -108.939453 11.610213 -27.462248
v -108.923340 11.610213 -27.522371
v -108.939453 11.610213 -27.582495
v -108.983467 11.610213 -27.626507
v -109.043587 11.610213 -27.642616
v -109.103714 11.610213 -27.626507
v -109.147728 11.610213 -27.582495
v -109.147446 11.485725 -27.522371
v -109.131882 11.489897 -27.462248
v -109.089371 11.501287 -27.418236
v -109.031296 11.516848 -27.402126
v -108.973221 11.532408 -27.418236
v -108.930710 11.543799 -27.462248
v -108.915146 11.547970 -27.522371
v -108.930710 11.543799 -27.582495
v -108.973221 11.532408 -27.626507
v -109.031296 11.516848 -27.642618
v -109.089371 11.501287 -27.626507
v -109.131882 11.489897 -27.582495
v -109.099396 11.369721 -27.522371
v -109.085442 11.377777 -27.462248
v -109.047325 11.399784 -27.418236
v -108.995262 11.429845 -27.402126
v -108.943192 11.459907 -27.418236
v -108.905075 11.481914 -27.462248
v -108.891121 11.489967 -27.522371
v -108.905075 11.481914 -27.582495
v -108.943192 11.459907 -27.626507
v -108.995262 11.429845 -27.642618
v -109.047325 11.399784 -27.626507
v -109.085442 11.377777 -27.582495
v -109.022957 11.270107 -27.522371
v -109.011566 11.281499 -27.462248
v -108.980446 11.312621 -27.418236
v -108.937927 11.355133 -27.402126
v -108.895416 11.397646 -27.418236
v -108.864296 11.428769 -27.462248
v -108.852905 11.440160 -27.522371
v -108.864296 11.428769 -27.582495
v -108.895416 11.397646 -27.626507
v -108.937927 11.355133 -27.642618
v -108.980446 11.312621 -27.626507
v -109.011566 11.281499 -27.582495
v -108.923340 11.193669 -27.522371
v -108.915291 11.207621 -27.462248
v -108.893280 11.245739 -27.418236
v -108.863220 11.297806 -27.402126
v -108.833160 11.349874 -27.418236
v -108.811150 11.387991 -27.462248
v -108.803093 11.401941 -27.522371
v -108.811150 11.387991 -27.582495
v -108.833160 11.349874 -27.626507
v -108.863220 11.297806 -27.642618
v -108.893280 11.245739 -27.626507
v -108.915291 11.207621 -27.582495
v -108.807335 11.145619 -27.522371
v -108.803169 11.161180 -27.462248
v -108.791779 11.203693 -27.418236
v -108.776215 11.261767 -27.402126
v -108.760658 11.319841 -27.418236
v -108.749268 11.362355 -27.462248
v -108.745094 11.377915 -27.522371
v -108.749268 11.362355 -27.582495
v -108.760658 11.319841 -27.626507
v -108.776215 11.261767 -27.642618
v -108.791779 11.203693 -27.626507
v -108.803169 11.161180 -27.582495
v -108.682854 11.129230 -27.522371
v -108.682854 11.145340 -27.462248
v -108.682854 11.189353 -27.418236
v -108.682854 11.249475 -27.402126
v -108.682854 11.309599 -27.418236
v -108.682854 11.353612 -27.462248
v -108.682854 11.369721 -27.522371
v -108.682854 11.353612 -27.582495
v -108.682854 11.309599 -27.626507
v -108.682854 11.249475 -27.642618
v -108.682854 11.189353 -27.626507
v -108.682854 11.145340 -27.582495
v -108.558365 11.145619 -27.522371
v -108.562531 11.161180 -27.462248
v -108.573921 11.203693 -27.418236
v -108.589485 11.261767 -27.402126
v -108.605049 11.319841 -27.418236
v -108.616440 11.362355 -27.462248
v -108.620605 11.377915 -27.522371
v -108.616440 11.362355 -27.582495
v -108.605049 11.319841 -27.626507
v -108.589485 11.261767 -27.642618
v -108.573921 11.203693 -27.626507
v -108.562531 11.161180 -27.582495
v -108.442360 11.193669 -27.522371
v -108.450417 11.207621 -27.462248
v -108.472420 11.245739 -27.418236
v -108.502480 11.297806 -27.402126
v -108.532539 11.349874 -27.418236
v -108.554550 11.387991 -27.462248
v -108.562607 11.401941 -27.522371
v -108.554550 11.387991 -27.582495
v -108.532539 11.349874 -27.626507
v -108.502480 11.297806 -27.642618
v -108.472420 11.245739 -27.626507
v -108.450417 11.207621 -27.582495
v -108.342743 11.270107 -27.522371
v -108.354134 11.281499 -27.462248
v -108.385254 11.312621 -27.418236
v -108.427773 11.355133 -27.402126
v -108.470284 11.397646 -27.418236
v -108.501404 11.428769 -27.462248
v -108.512794 11.440160 -27.522371
v -108.501404 11.428769 -27.582495
v -108.470284 11.397646 -27.626507
v -108.427773 11.355133 -27.642618
v -108.385254 11.312621 -27.626507
v -108.354134 11.281499 -27.582495
v -108.266304 11.369721 -27.522371
v -108.280258 11.377777 -27.462248
v -108.318375 11.399784 -27.418236
v -108.370445 11.429845 -27.402126
v -108.422508 11.459907 -27.418236
v -108.460625 11.481914 -27.462248
v -108.474579 11.489967 -27.522371
v -108.460625 11.481914 -27.582495
v -108.422508 11.459907 -27.626507
v -108.370445 11.429845 -27.642618
v -108.318375 11.399784 -27.626507
v -108.280258 11.377777 -27.582495
v -108.218254 11.485725 -27.522371
v -108.233818 11.489897 -27.462248
v -108.276329 11.501287 -27.418236
v -108.334404 11.516848 -27.402126
v -108.392479 11.532408 -27.418236
v -108.434990 11.543799 -27.462248
v -108.450554 11.547970 -27.522371
v -108.434990 11.543799 -27.582495
v -108.392479 11.532408 -27.626507
v -108.334404 11.516848 -27.642618
v -108.276329 11.501287 -27.626507
v -108.233818 11.489897 -27.582495
v -108.286034 12.170043 -28.000248
v -108.367424 12.103250 -28.000248
v -108.460281 12.053616 -28.000248
v -108.561035 12.023050 -28.000248
v -108.665817 12.012732 -28.000248
v -108.770607 12.023050 -28.000248
v -108.871361 12.053616 -28.000248
v -108.964218 12.103250 -28.000248
v -109.045609 12.170043 -28.000248
v -109.112404 12.251436 -28.000248
v -109.162041 12.344294 -28.000248
v -109.192604 12.445049 -28.000248
v -109.202927 12.549833 -28.000248
v -109.192604 12.654617 -28.000248
v -109.162041 12.755373 -28.000248
v -109.112404 12.848230 -28.000248
v -109.045609 12.929623 -28.000248
v -108.964218 12.996419 -28.000248
v -108.780777 13.127746 -28.000246
v -108.780777 13.127746 -28.238384
v -108.891312 13.094215 -28.000246
v -108.891312 13.094213 -28.238384
v -108.993179 13.039764 -28.000246
v -108.993179 13.039764 -28.238384
v -109.082474 12.966484 -28.000246
v -109.082474 12.966486 -28.238384
v -109.155754 12.877193 -28.000246
v -109.155754 12.877193 -28.238384
v -109.210205 12.775323 -28.000246
v -109.210205 12.775324 -28.238384
v -109.243729 12.664787 -28.000246
v -109.243729 12.664787 -28.238384
v -109.255051 12.549833 -28.000246
v -109.255051 12.549833 -28.238384
v -109.243729 12.434879 -28.000248
v -109.243729 12.434879 -28.238384
v -109.210205 12.324344 -28.000248
v -109.210205 12.324344 -28.238384
v -109.155754 12.222475 -28.000248
v -109.155754 12.222473 -28.238384
v -109.082474 12.133182 -28.000248
v -109.082474 12.133182 -28.238384
v -108.993179 12.059904 -28.000248
v -108.993179 12.059904 -28.238384
v -108.891312 12.005453 -28.000248
v -108.891312 12.005451 -28.238384
v -108.780777 11.971922 -28.000248
v -108.780777 11.971922 -28.238384
v -108.665817 11.960599 -28.000248
v -108.665817 11.960599 -28.238384
v -108.550865 11.971922 -28.000248
v -108.550865 11.971922 -28.238384
v -108.440331 12.005453 -28.000248
v -108.440331 12.005451 -28.238384
v -108.338463 12.059904 -28.000248
v -108.338463 12.059904 -28.238384
v -108.249168 12.133182 -28.000248
v -108.249168 12.133182 -28.238384
v -108.175888 12.222475 -28.000248
v -108.175888 12.222475 -28.238384
v -108.121437 12.324344 -28.000248
v -108.121437 12.324344 -28.238384
v -108.087906 12.434879 -28.000248
v -108.087906 12.434879 -28.238384
v -108.076584 12.549833 -28.000246
v -108.076584 12.549833 -28.238384
v -108.087906 12.664787 -28.000246
v -108.087906 12.664787 -28.238384
v -108.121437 12.775323 -28.000246
v -108.121437 12.775324 -28.238384
v -108.175888 12.877193 -28.000246
v -108.175888 12.877193 -28.238384
v -108.680542 12.821132 -27.752085
v -108.629295 12.809603 -27.752085
v -108.591782 12.778108 -27.752085
v -108.578056 12.735084 -27.752085
v -108.591782 12.692060 -27.752085
v -108.629295 12.660563 -27.752085
v -108.680542 12.649035 -27.752085
v -108.731781 12.660563 -27.752085
v -108.769295 12.692060 -27.752085
v -108.783028 12.735084 -27.752085
v -108.769295 12.778108 -27.752085
v -108.731781 12.809603 -27.752085
v -108.680542 12.809402 -27.443640
v -108.629295 12.798267 -27.447197
v -108.591782 12.767844 -27.456902
v -108.578056 12.726287 -27.470167
v -108.591782 12.684729 -27.483429
v -108.629295 12.654307 -27.493137
v -108.680542 12.643171 -27.496691
v -108.731781 12.654307 -27.493137
v -108.769295 12.684729 -27.483429
v -108.783028 12.726287 -27.470167
v -108.769295 12.767844 -27.456902
v -108.731781 12.798267 -27.447197
v -108.680542 12.775019 -27.344774
v -108.629295 12.765035 -27.351639
v -108.591782 12.737759 -27.370394
v -108.578056 12.700500 -27.396015
v -108.591782 12.663239 -27.421635
v -108.629295 12.635962 -27.440392
v -108.680542 12.625978 -27.447258
v -108.731781 12.635962 -27.440392
v -108.769295 12.663239 -27.421635
v -108.783028 12.700500 -27.396015
v -108.769295 12.737759 -27.370394
v -108.731781 12.765035 -27.351639
v -108.680542 12.720320 -27.259872
v -108.629295 12.712169 -27.269581
v -108.591782 12.689898 -27.296104
v -108.578056 12.659474 -27.332340
v -108.591782 12.629052 -27.368572
v -108.629295 12.606781 -27.395096
v -108.680542 12.598629 -27.404808
v -108.731781 12.606781 -27.395096
v -108.769295 12.629052 -27.368572
v -108.783028 12.659474 -27.332340
v -108.769295 12.689898 -27.296104
v -108.731781 12.712169 -27.269581
v -108.680542 12.649035 -27.194725
v -108.629295 12.643270 -27.206617
v -108.591782 12.627522 -27.239101
v -108.578056 12.606011 -27.283478
v -108.591782 12.584498 -27.327856
v -108.629295 12.568752 -27.360340
v -108.680542 12.562987 -27.372232
v -108.731781 12.568752 -27.360340
v -108.769295 12.584498 -27.327856
v -108.783028 12.606011 -27.283478
v -108.769295 12.627522 -27.239101
v -108.731781 12.643270 -27.206617
v -108.680542 12.566023 -27.153770
v -108.629295 12.563039 -27.167032
v -108.591782 12.554888 -27.203268
v -108.578056 12.543752 -27.252762
v -108.591782 12.532618 -27.302259
v -108.629295 12.524464 -27.338493
v -108.680542 12.521481 -27.351753
v -108.731781 12.524464 -27.338493
v -108.769295 12.532618 -27.302259
v -108.783028 12.543752 -27.252762
v -108.769295 12.554888 -27.203268
v -108.731781 12.563039 -27.167032
v -108.680542 12.476939 -27.139803
v -108.629295 12.476939 -27.153536
v -108.591782 12.476939 -27.191044
v -108.578056 12.476939 -27.242289
v -108.591782 12.476939 -27.293530
v -108.629295 12.476939 -27.331041
v -108.680542 12.476939 -27.344774
v -108.731781 12.476939 -27.331041
v -108.769295 12.476939 -27.293530
v -108.783020 12.476939 -27.242289
v -108.769295 12.476939 -27.191044
v -108.731781 12.476939 -27.153536
v -108.680542 12.387857 -27.153770
v -108.629295 12.390841 -27.167032
v -108.591782 12.398992 -27.203268
v -108.578056 12.410127 -27.252762
v -108.591782 12.421261 -27.302259
v -108.629295 12.429415 -27.338493
v -108.680542 12.432398 -27.351753
v -108.731781 12.429415 -27.338493
v -108.769295 12.421261 -27.302259
v -108.783020 12.410127 -27.252762
v -108.769295 12.398992 -27.203268
v -108.731781 12.390841 -27.167032
v -108.680542 12.304844 -27.194725
v -108.629295 12.310608 -27.206614
v -108.591782 12.326357 -27.239101
v -108.578056 12.347868 -27.283480
v -108.591782 12.369381 -27.327856
v -108.629295 12.385127 -27.360340
v -108.680542 12.390892 -27.372232
v -108.731781 12.385127 -27.360340
v -108.769295 12.369381 -27.327856
v -108.783020 12.347868 -27.283480
v -108.769295 12.326357 -27.239101
v -108.731781 12.310608 -27.206614
v -108.680542 12.233559 -27.259872
v -108.629295 12.241711 -27.269581
v -108.591782 12.263982 -27.296104
v -108.578056 12.294405 -27.332340
v -108.591782 12.324827 -27.368572
v -108.629295 12.347098 -27.395096
v -108.680542 12.355249 -27.404808
v -108.731781 12.347098 -27.395096
v -108.769295 12.324827 -27.368572
v -108.783020 12.294405 -27.332340
v -108.769295 12.263982 -27.296104
v -108.731781 12.241711 -27.269581
v -108.680542 12.178862 -27.344774
v -108.629295 12.188845 -27.351639
v -108.591782 12.216121 -27.370394
v -108.578056 12.253380 -27.396015
v -108.591782 12.290640 -27.421635
v -108.629295 12.317917 -27.440392
v -108.680542 12.327901 -27.447258
v -108.731781 12.317917 -27.440392
v -108.769295 12.290640 -27.421635
v -108.783020 12.253380 -27.396015
v -108.769295 12.216121 -27.370394
v -108.731781 12.188845 -27.351639
v -108.680542 12.144477 -27.443640
v -108.629295 12.155612 -27.447197
v -108.591782 12.186035 -27.456902
v -108.578056 12.227593 -27.470167
v -108.591782 12.269150 -27.483429
v -108.629295 12.299574 -27.493137
v -108.680542 12.310709 -27.496691
v -108.731781 12.299574 -27.493137
v -108.769295 12.269152 -27.483429
v -108.783020 12.227593 -27.470167
v -108.769295 12.186035 -27.456902
v -108.731781 12.155612 -27.447197
v -108.680542 12.132749 -27.752081
v -108.629295 12.144276 -27.752081
v -108.591782 12.175773 -27.752081
v -108.578056 12.218797 -27.752081
v -108.591782 12.261820 -27.752081
v -108.629295 12.293315 -27.752081
v -108.680542 12.304844 -27.752081
v -108.731781 12.293315 -27.752081
v -108.769295 12.261820 -27.752081
v -108.783020 12.218797 -27.752081
v -108.769295 12.175773 -27.752081
v -108.731781 12.144276 -27.752081
v -108.249168 12.966484 -28.000246
v -108.249168 12.966486 -28.238384
v -108.338463 13.039764 -28.000246
v -108.338463 13.039764 -28.238384
v -108.440331 13.094215 -28.000246
v -108.440331 13.094213 -28.238384
v -108.550865 13.127746 -28.000246
v -108.550865 13.127746 -28.238384
v -108.665817 13.139067 -28.000246
v -108.665817 13.139067 -28.238384
v -108.871361 13.046053 -28.000248
v -108.770607 13.076616 -28.000248
v -108.680542 12.855737 -27.797325
v -108.608688 12.839572 -27.797325
v -108.556091 12.795410 -27.797325
v -108.536842 12.735085 -27.797325
v -108.556091 12.674758 -27.797325
v -108.608688 12.630596 -27.797325
v -108.680542 12.614431 -27.797325
v -108.752388 12.630596 -27.797325
v -108.804985 12.674758 -27.797325
v -108.824242 12.735085 -27.797325
v -108.804985 12.795410 -27.797325
v -108.752388 12.839572 -27.797325
v -108.680542 12.104492 -27.797323
v -108.612473 12.119806 -27.797323
v -108.562645 12.161644 -27.797323
v -108.544403 12.218794 -27.797323
v -108.562645 12.275947 -27.797321
v -108.612473 12.317782 -27.797321
v -108.680542 12.333097 -27.797321
v -108.748611 12.317782 -27.797321
v -108.798439 12.275947 -27.797321
v -108.816673 12.218794 -27.797323
v -108.798439 12.161644 -27.797323
v -108.748611 12.119806 -27.797323
v -108.731781 12.144276 -27.770710
v -108.769295 12.175773 -27.770710
v -108.783020 12.218797 -27.770710
v -108.769295 12.261820 -27.770710
v -108.731781 12.293315 -27.770710
v -108.680542 12.304844 -27.770710
v -108.629295 12.293315 -27.770710
v -108.591782 12.261820 -27.770710
v -108.578056 12.218797 -27.770710
v -108.591782 12.175773 -27.770710
v -108.629295 12.144276 -27.770710
v -108.680542 12.132749 -27.770710
v -108.731781 12.809603 -27.770714
v -108.769295 12.778108 -27.770714
v -108.783028 12.735084 -27.770714
v -108.769295 12.692060 -27.770714
v -108.731781 12.660563 -27.770714
v -108.680542 12.649035 -27.770714
v -108.629295 12.660563 -27.770714
v -108.591782 12.692060 -27.770714
v -108.578056 12.735084 -27.770714
v -108.591782 12.778108 -27.770714
v -108.629295 12.809603 -27.770714
v -108.680542 12.821132 -27.770714
v -108.219238 12.251436 -28.000248
v -108.169601 12.344294 -28.000248
v -108.139038 12.445049 -28.000248
v -108.128716 12.549833 -28.000248
v -108.139038 12.654617 -28.000248
v -108.169601 12.755373 -28.000248
v -108.219238 12.848230 -28.000248
v -108.286034 12.929623 -28.000248
v -108.367424 12.996419 -28.000248
v -108.460281 13.046053 -28.000248
v -108.561035 13.076616 -28.000248
v -108.665817 13.086936 -28.000248
v -108.286034 12.170043 -27.854961
v -108.361595 12.245610 -27.748610
v -108.308167 12.192178 -27.779760
v -108.367424 12.103250 -27.854961
v -108.426796 12.192104 -27.748610
v -108.384811 12.129275 -27.779760
v -108.501175 12.152348 -27.748610
v -108.460281 12.053616 -27.854961
v -108.472260 12.082533 -27.779760
v -108.561035 12.023050 -27.854961
v -108.581886 12.127865 -27.748610
v -108.567146 12.053749 -27.779760
v -108.665817 12.012732 -27.854961
v -108.665817 12.119597 -27.748610
v -108.665817 12.044031 -27.779760
v -108.749756 12.127865 -27.748610
v -108.770607 12.023050 -27.854961
v -108.764496 12.053749 -27.779760
v -108.830467 12.152348 -27.748610
v -108.871361 12.053616 -27.854961
v -108.859383 12.082533 -27.779760
v -108.964218 12.103250 -27.854961
v -108.904846 12.192104 -27.748610
v -108.946831 12.129275 -27.779760
v -108.970039 12.245610 -27.748610
v -109.045609 12.170043 -27.854961
v -109.023476 12.192178 -27.779760
v -109.112404 12.251436 -27.854961
v -109.023552 12.310808 -27.748610
v -109.086380 12.268826 -27.779760
v -109.063309 12.385190 -27.748610
v -109.162041 12.344294 -27.854961
v -109.133118 12.356272 -27.779760
v -109.192604 12.445049 -27.854961
v -109.087791 12.465898 -27.748610
v -109.161903 12.451157 -27.779760
v -109.096054 12.549833 -27.748610
v -109.202927 12.549833 -27.854961
v -109.171623 12.549833 -27.779760
v -109.192604 12.654617 -27.854961
v -109.087791 12.633769 -27.748610
v -109.161903 12.648512 -27.779758
v -109.162041 12.755373 -27.854961
v -109.063309 12.714477 -27.748610
v -109.133118 12.743395 -27.779758
v -109.112404 12.848230 -27.854961
v -109.023552 12.788859 -27.748610
v -109.086380 12.830841 -27.779758
v -108.970039 12.854057 -27.748610
v -109.045609 12.929623 -27.854961
v -109.023476 12.907490 -27.779758
v -108.904846 12.907562 -27.748610
v -108.964218 12.996419 -27.854961
v -108.946831 12.970393 -27.779758
v -108.871361 13.046053 -27.854961
v -108.830467 12.947321 -27.748610
v -108.859383 13.017136 -27.779758
v -108.770607 13.076616 -27.854961
v -108.749756 12.971803 -27.748610
v -108.764496 13.045917 -27.779758
v -108.308090 12.310808 -27.748610
v -108.219238 12.251436 -27.854961
v -108.245262 12.268826 -27.779760
v -108.268333 12.385190 -27.748610
v -108.169601 12.344294 -27.854961
v -108.198517 12.356272 -27.779760
v -108.243851 12.465898 -27.748610
v -108.139038 12.445049 -27.854961
v -108.169739 12.451157 -27.779760
v -108.128716 12.549833 -27.854961
v -108.235588 12.549833 -27.748610
v -108.160019 12.549833 -27.779760
v -108.139038 12.654617 -27.854961
v -108.243851 12.633769 -27.748610
v -108.169739 12.648512 -27.779758
v -108.169601 12.755373 -27.854961
v -108.268333 12.714477 -27.748610
v -108.198517 12.743395 -27.779758
v -108.308090 12.788859 -27.748610
v -108.219238 12.848230 -27.854961
v -108.245262 12.830841 -27.779758
v -108.361595 12.854057 -27.748610
v -108.286034 12.929623 -27.854961
v -108.308167 12.907490 -27.779758
v -108.367424 12.996419 -27.854961
v -108.426796 12.907562 -27.748610
v -108.384811 12.970393 -27.779758
v -108.501175 12.947321 -27.748610
v -108.460281 13.046053 -27.854961
v -108.472260 13.017136 -27.779758
v -108.561035 13.076616 -27.854961
v -108.581886 12.971803 -27.748610
v -108.567146 13.045917 -27.779758
v -108.665817 13.086936 -27.854961
v -108.665817 12.980070 -27.748610
v -108.665817 13.055635 -27.779758
v -109.082474 12.133182 -28.218472
v -109.243729 12.434879 -28.218472
v -108.087906 12.664787 -28.218472
v -109.210205 12.775324 -28.218472
v -108.121437 12.324344 -28.218472
v -108.338463 12.059904 -28.218472
v -108.550865 13.127746 -28.218472
v -108.665817 13.139067 -28.218472
v -108.993179 13.039764 -28.218472
v -108.665817 11.960599 -28.218472
v -108.993179 12.059904 -28.218472
v -109.210205 12.324344 -28.218472
v -109.243729 12.664787 -28.218472
v -108.121437 12.775324 -28.218472
v -109.082474 12.966486 -28.218472
v -108.249168 12.133182 -28.218472
v -108.550865 11.971922 -28.218472
v -108.087906 12.434879 -28.218472
v -108.249168 12.966486 -28.218472
v -108.891312 12.005451 -28.218472
v -109.155754 12.222473 -28.218472
v -108.175888 12.877193 -28.218472
v -108.891312 13.094213 -28.218472
v -108.338463 13.039764 -28.218472
v -109.255051 12.549833 -28.218472
v -109.155754 12.877193 -28.218472
v -108.076584 12.549833 -28.218472
v -108.175888 12.222475 -28.218472
v -108.780777 13.127746 -28.218472
v -108.780777 11.971922 -28.218472
v -108.440331 12.005451 -28.218472
v -108.440331 13.094213 -28.218472
v -108.367424 12.103250 -27.990221
v -108.286034 12.170043 -27.990221
v -108.219238 12.251436 -27.990221
v -108.460281 12.053616 -27.990221
v -108.561035 12.023050 -27.990221
v -108.665817 12.012732 -27.990221
v -108.770607 12.023050 -27.990221
v -108.871361 12.053616 -27.990221
v -108.964218 12.103250 -27.990221
v -109.045609 12.170043 -27.990221
v -109.112404 12.251436 -27.990221
v -109.162041 12.344294 -27.990221
v -109.192604 12.445049 -27.990221
v -109.202927 12.549833 -27.990221
v -109.192604 12.654617 -27.990221
v -109.162041 12.755373 -27.990221
v -109.112404 12.848230 -27.990221
v -109.045609 12.929623 -27.990221
v -108.964218 12.996419 -27.990221
v -108.871361 13.046053 -27.990221
v -108.770607 13.076616 -27.990221
v -108.665817 13.086936 -27.990221
v -108.169601 12.344294 -27.990221
v -108.139038 12.445049 -27.990221
v -108.128716 12.549833 -27.990221
v -108.139038 12.654617 -27.990221
v -108.169601 12.755373 -27.990221
v -108.219238 12.848230 -27.990221
v -108.286034 12.929623 -27.990221
v -108.367424 12.996419 -27.990221
v -108.460281 13.046053 -27.990221
v -108.561035 13.076616 -27.990221
v -109.023552 12.788859 -27.800716
v -108.970039 12.854057 -27.800716
v -108.426796 12.192104 -27.800716
v -108.501175 12.152348 -27.800716
v -108.581886 12.971803 -27.800716
v -108.501175 12.947321 -27.800716
v -109.063309 12.714478 -27.800716
v -108.665817 12.980070 -27.800716
v -108.426796 12.907562 -27.800716
v -108.361595 12.854057 -27.800716
v -108.235588 12.549833 -27.800716
v -108.243851 12.465898 -27.800716
v -109.087791 12.633769 -27.800716
v -109.087791 12.465898 -27.800716
v -109.096054 12.549833 -27.800716
v -109.023552 12.310808 -27.800716
v -109.063309 12.385190 -27.800716
v -108.904846 12.192104 -27.800716
v -108.970039 12.245610 -27.800716
v -108.665817 12.119597 -27.800716
v -108.749756 12.127865 -27.800716
v -108.243851 12.633769 -27.800716
v -108.830467 12.152348 -27.800716
v -108.268333 12.385190 -27.800716
v -108.904846 12.907562 -27.800716
v -108.361595 12.245610 -27.800716
v -108.308090 12.310808 -27.800716
v -108.581886 12.127865 -27.800716
v -108.268333 12.714477 -27.800716
v -108.308090 12.788859 -27.800716
v -108.749756 12.971803 -27.800716
v -108.830467 12.947321 -27.800716
v -108.268333 12.385190 -27.793242
v -108.308090 12.310808 -27.793242
v -108.970039 12.854057 -27.793242
v -108.904846 12.907562 -27.793242
v -108.970039 12.245610 -27.793242
v -109.023552 12.310808 -27.793242
v -108.665817 12.119597 -27.793242
v -108.749756 12.127865 -27.793242
v -108.426796 12.192104 -27.793242
v -108.501175 12.152348 -27.793242
v -108.830467 12.947321 -27.793242
v -108.361595 12.854057 -27.793242
v -108.308090 12.788859 -27.793242
v -109.087791 12.465898 -27.793242
v -109.096054 12.549833 -27.793242
v -108.581886 12.127865 -27.793242
v -108.904846 12.192104 -27.793242
v -108.665817 12.980070 -27.793242
v -108.581886 12.971803 -27.793242
v -108.361595 12.245610 -27.793242
v -108.235588 12.549833 -27.793242
v -108.243851 12.465898 -27.793242
v -108.243851 12.633769 -27.793242
v -108.749756 12.971803 -27.793242
v -109.023552 12.788859 -27.793242
v -109.087791 12.633769 -27.793242
v -108.501175 12.947321 -27.793242
v -108.830467 12.152348 -27.793242
v -109.063309 12.385190 -27.793242
v -108.268333 12.714477 -27.793242
v -109.063309 12.714478 -27.793242
v -108.426796 12.907562 -27.793242
v -108.974342 12.858357 -27.751116
v -109.028603 12.792238 -27.751116
v -108.498848 12.146730 -27.751116
v -108.423416 12.187050 -27.751116
v -108.498848 12.952939 -27.751116
v -108.580696 12.977767 -27.751116
v -109.068924 12.716805 -27.751116
v -108.665817 12.986151 -27.751116
v -108.357300 12.858357 -27.751116
v -108.423416 12.912618 -27.751116
v -108.237885 12.464712 -27.751116
v -108.229500 12.549833 -27.751116
v -109.093758 12.634954 -27.751116
v -109.102135 12.549833 -27.751116
v -109.093758 12.464712 -27.751116
v -109.068924 12.382863 -27.751116
v -109.028603 12.307429 -27.751116
v -108.974342 12.241309 -27.751116
v -108.908226 12.187050 -27.751116
v -108.750938 12.121901 -27.751116
v -108.665817 12.113516 -27.751116
v -108.237885 12.634956 -27.751116
v -108.832794 12.146730 -27.751116
v -108.262718 12.382863 -27.751116
v -108.908226 12.912619 -27.751116
v -108.357300 12.241309 -27.751116
v -108.303040 12.307429 -27.751116
v -108.580696 12.121901 -27.751116
v -108.262718 12.716805 -27.751116
v -108.303040 12.792238 -27.751116
v -108.750946 12.977767 -27.751116
v -108.832794 12.952939 -27.751116
v -108.665817 13.139067 -28.025057
v -109.082474 12.133182 -28.025057
v -109.243729 12.434879 -28.025057
v -108.087906 12.664787 -28.025057
v -109.210205 12.775323 -28.025057
v -108.121437 12.324344 -28.025057
v -108.338463 12.059904 -28.025057
v -108.550865 13.127746 -28.025057
v -108.993179 13.039764 -28.025057
v -108.665817 11.960599 -28.025057
v -108.993179 12.059904 -28.025057
v -109.210205 12.324344 -28.025057
v -109.243729 12.664787 -28.025057
v -108.121437 12.775323 -28.025057
v -109.082474 12.966484 -28.025057
v -108.249168 12.133182 -28.025057
v -108.550865 11.971922 -28.025057
v -108.087906 12.434879 -28.025057
v -108.249168 12.966484 -28.025057
v -108.891312 12.005453 -28.025057
v -109.155754 12.222473 -28.025057
v -108.175888 12.877193 -28.025057
v -108.891312 13.094215 -28.025057
v -108.338463 13.039764 -28.025057
v -109.255051 12.549833 -28.025057
v -109.155754 12.877193 -28.025057
v -108.076584 12.549833 -28.025057
v -108.175888 12.222475 -28.025057
v -108.780777 13.127746 -28.025057
v -108.780777 11.971922 -28.025057
v -108.440331 12.005453 -28.025057
v -108.440331 13.094215 -28.025057
v -109.199234 11.610213 -31.965122
v -109.183128 11.610213 -32.025246
v -109.139114 11.610213 -32.069260
v -109.078987 11.610213 -32.085369
v -109.018867 11.610213 -32.069260
v -108.974854 11.610213 -32.025246
v -108.958740 11.610213 -31.965122
v -108.974854 11.610213 -31.904999
v -109.018867 11.610213 -31.860985
v -109.078987 11.610213 -31.844875
v -109.139114 11.610213 -31.860985
v -109.183128 11.610213 -31.904999
v -109.182846 12.199828 -31.965122
v -109.167282 12.195658 -32.025246
v -109.124771 12.184266 -32.069260
v -109.066696 12.168706 -32.085369
v -109.008621 12.153146 -32.069260
v -108.966110 12.141754 -32.025246
v -108.950546 12.137583 -31.965122
v -108.966110 12.141754 -31.904999
v -109.008621 12.153146 -31.860985
v -109.066696 12.168706 -31.844875
v -109.124771 12.184266 -31.860985
v -109.167282 12.195658 -31.904999
v -109.134796 12.315832 -31.965122
v -109.120842 12.307777 -32.025246
v -109.082726 12.285769 -32.069260
v -109.030663 12.255709 -32.085369
v -108.978592 12.225647 -32.069260
v -108.940475 12.203640 -32.025246
v -108.926521 12.195586 -31.965122
v -108.940475 12.203640 -31.904999
v -108.978592 12.225647 -31.860985
v -109.030663 12.255709 -31.844875
v -109.082726 12.285769 -31.860985
v -109.120842 12.307777 -31.904999
v -109.058357 12.415446 -31.965122
v -109.046967 12.404055 -32.025246
v -109.015846 12.372933 -32.069260
v -108.973335 12.330420 -32.085369
v -108.930817 12.287907 -32.069260
v -108.899696 12.256784 -32.025246
v -108.888306 12.245394 -31.965122
v -108.899696 12.256784 -31.904999
v -108.930817 12.287907 -31.860987
v -108.973335 12.330420 -31.844875
v -109.015846 12.372933 -31.860987
v -109.046967 12.404055 -31.904999
v -108.958740 12.491884 -31.965122
v -108.950691 12.477932 -32.025246
v -108.928680 12.439816 -32.069260
v -108.898621 12.387748 -32.085369
v -108.868561 12.335680 -32.069260
v -108.846550 12.297563 -32.025246
v -108.838501 12.283612 -31.965122
v -108.846550 12.297563 -31.904999
v -108.868561 12.335680 -31.860987
v -108.898621 12.387748 -31.844875
v -108.928680 12.439816 -31.860987
v -108.950691 12.477932 -31.904999
v -108.842743 12.539935 -31.965122
v -108.838570 12.524374 -32.025246
v -108.827179 12.481860 -32.069260
v -108.811615 12.423786 -32.085369
v -108.796059 12.365711 -32.069260
v -108.784668 12.323198 -32.025246
v -108.780495 12.307637 -31.965122
v -108.784668 12.323198 -31.904999
v -108.796059 12.365711 -31.860987
v -108.811615 12.423786 -31.844875
v -108.827179 12.481860 -31.860987
v -108.838570 12.524374 -31.904999
v -108.718254 12.556324 -31.965122
v -108.718254 12.540214 -32.025246
v -108.718254 12.496201 -32.069260
v -108.718254 12.436077 -32.085369
v -108.718254 12.375955 -32.069260
v -108.718254 12.331942 -32.025246
v -108.718254 12.315832 -31.965122
v -108.718254 12.331942 -31.904999
v -108.718254 12.375955 -31.860987
v -108.718254 12.436077 -31.844875
v -108.718254 12.496201 -31.860987
v -108.718254 12.540214 -31.904999
v -108.593765 12.539935 -31.965122
v -108.597931 12.524374 -32.025246
v -108.609329 12.481860 -32.069260
v -108.624886 12.423786 -32.085369
v -108.640450 12.365711 -32.069260
v -108.651840 12.323198 -32.025246
v -108.656006 12.307637 -31.965122
v -108.651840 12.323198 -31.904999
v -108.640450 12.365711 -31.860987
v -108.624886 12.423786 -31.844875
v -108.609322 12.481860 -31.860987
v -108.597931 12.524374 -31.904999
v -108.477760 12.491884 -31.965122
v -108.485817 12.477932 -32.025246
v -108.507820 12.439816 -32.069260
v -108.537880 12.387748 -32.085369
v -108.567947 12.335680 -32.069260
v -108.589951 12.297563 -32.025246
v -108.598007 12.283612 -31.965122
v -108.589951 12.297563 -31.904999
v -108.567947 12.335680 -31.860987
v -108.537880 12.387748 -31.844875
v -108.507820 12.439816 -31.860987
v -108.485817 12.477932 -31.904999
v -108.378143 12.415446 -31.965122
v -108.389534 12.404055 -32.025246
v -108.420662 12.372932 -32.069260
v -108.463173 12.330420 -32.085369
v -108.505684 12.287907 -32.069260
v -108.536804 12.256784 -32.025246
v -108.548195 12.245394 -31.965122
v -108.536804 12.256784 -31.904999
v -108.505684 12.287907 -31.860987
v -108.463173 12.330420 -31.844875
v -108.420662 12.372933 -31.860987
v -108.389534 12.404055 -31.904999
v -108.301704 12.315832 -31.965122
v -108.315659 12.307777 -32.025246
v -108.353775 12.285769 -32.069260
v -108.405846 12.255709 -32.085369
v -108.457909 12.225647 -32.069260
v -108.496025 12.203640 -32.025246
v -108.509979 12.195586 -31.965122
v -108.496025 12.203640 -31.904999
v -108.457909 12.225647 -31.860987
v -108.405846 12.255709 -31.844875
v -108.353775 12.285769 -31.860987
v -108.315659 12.307777 -31.904999
v -108.253654 12.199828 -31.965122
v -108.269218 12.195658 -32.025246
v -108.311729 12.184266 -32.069260
v -108.369804 12.168706 -32.085369
v -108.427879 12.153146 -32.069260
v -108.470390 12.141754 -32.025246
v -108.485954 12.137583 -31.965122
v -108.470390 12.141754 -31.904999
v -108.427879 12.153146 -31.860987
v -108.369804 12.168706 -31.844875
v -108.311729 12.184266 -31.860987
v -108.269218 12.195658 -31.904999
v -108.237267 11.610213 -31.965122
v -108.253380 11.610213 -32.025246
v -108.297394 11.610213 -32.069260
v -108.357513 11.610213 -32.085369
v -108.417641 11.610213 -32.069260
v -108.461647 11.610213 -32.025246
v -108.477760 11.610213 -31.965122
v -108.461647 11.610213 -31.904999
v -108.417641 11.610213 -31.860987
v -108.357513 11.610213 -31.844875
v -108.297394 11.610213 -31.860987
v -108.253380 11.610213 -31.904999
v -108.253654 11.485725 -31.965122
v -108.269218 11.489895 -32.025246
v -108.311729 11.501286 -32.069260
v -108.369804 11.516849 -32.085369
v -108.427879 11.532409 -32.069260
v -108.470390 11.543799 -32.025246
v -108.485954 11.547971 -31.965122
v -108.470390 11.543799 -31.904999
v -108.427879 11.532409 -31.860987
v -108.369804 11.516849 -31.844875
v -108.311729 11.501286 -31.860987
v -108.269218 11.489895 -31.904999
v -108.301704 11.369721 -31.965122
v -108.315659 11.377778 -32.025246
v -108.353775 11.399784 -32.069260
v -108.405846 11.429845 -32.085369
v -108.457909 11.459908 -32.069260
v -108.496025 11.481914 -32.025246
v -108.509979 11.489967 -31.965122
v -108.496025 11.481914 -31.904999
v -108.457909 11.459908 -31.860985
v -108.405846 11.429845 -31.844875
v -108.353775 11.399784 -31.860987
v -108.315659 11.377778 -31.904999
v -108.378143 11.270107 -31.965122
v -108.389534 11.281499 -32.025246
v -108.420662 11.312621 -32.069260
v -108.463173 11.355133 -32.085369
v -108.505684 11.397647 -32.069260
v -108.536804 11.428769 -32.025246
v -108.548195 11.440161 -31.965122
v -108.536804 11.428769 -31.904999
v -108.505684 11.397647 -31.860985
v -108.463173 11.355133 -31.844875
v -108.420662 11.312621 -31.860985
v -108.389534 11.281499 -31.904999
v -108.477760 11.193670 -31.965122
v -108.485817 11.207621 -32.025246
v -108.507820 11.245737 -32.069260
v -108.537880 11.297806 -32.085369
v -108.567947 11.349873 -32.069260
v -108.589951 11.387991 -32.025246
v -108.598007 11.401941 -31.965122
v -108.589951 11.387991 -31.904999
v -108.567947 11.349874 -31.860985
v -108.537880 11.297806 -31.844875
v -108.507820 11.245737 -31.860985
v -108.485817 11.207621 -31.904999
v -108.593765 11.145620 -31.965122
v -108.597931 11.161180 -32.025246
v -108.609322 11.203693 -32.069260
v -108.624886 11.261767 -32.085369
v -108.640450 11.319841 -32.069260
v -108.651840 11.362355 -32.025246
v -108.656006 11.377915 -31.965122
v -108.651840 11.362355 -31.904999
v -108.640450 11.319841 -31.860985
v -108.624886 11.261767 -31.844875
v -108.609322 11.203693 -31.860985
v -108.597931 11.161180 -31.904999
v -108.718254 11.129230 -31.965122
v -108.718254 11.145340 -32.025246
v -108.718254 11.189353 -32.069260
v -108.718254 11.249476 -32.085369
v -108.718254 11.309599 -32.069260
v -108.718254 11.353612 -32.025246
v -108.718254 11.369721 -31.965122
v -108.718254 11.353612 -31.904999
v -108.718254 11.309599 -31.860985
v -108.718254 11.249476 -31.844875
v -108.718254 11.189353 -31.860985
v -108.718254 11.145340 -31.904999
v -108.842743 11.145620 -31.965122
v -108.838570 11.161180 -32.025246
v -108.827179 11.203693 -32.069260
v -108.811615 11.261767 -32.085369
v -108.796059 11.319841 -32.069260
v -108.784668 11.362355 -32.025246
v -108.780495 11.377915 -31.965122
v -108.784668 11.362355 -31.904999
v -108.796059 11.319841 -31.860985
v -108.811615 11.261767 -31.844875
v -108.827179 11.203693 -31.860985
v -108.838570 11.161180 -31.904999
v -108.958740 11.193670 -31.965122
v -108.950691 11.207621 -32.025246
v -108.928680 11.245737 -32.069260
v -108.898621 11.297806 -32.085369
v -108.868561 11.349873 -32.069260
v -108.846550 11.387991 -32.025246
v -108.838501 11.401941 -31.965122
v -108.846550 11.387991 -31.904999
v -108.868561 11.349874 -31.860985
v -108.898621 11.297806 -31.844875
v -108.928680 11.245737 -31.860985
v -108.950691 11.207621 -31.904999
v -109.058357 11.270107 -31.965122
v -109.046967 11.281499 -32.025246
v -109.015846 11.312619 -32.069260
v -108.973335 11.355133 -32.085369
v -108.930817 11.397647 -32.069260
v -108.899696 11.428769 -32.025246
v -108.888306 11.440161 -31.965122
v -108.899696 11.428769 -31.904999
v -108.930817 11.397647 -31.860985
v -108.973335 11.355133 -31.844875
v -109.015846 11.312619 -31.860985
v -109.046967 11.281499 -31.904999
v -109.134796 11.369721 -31.965122
v -109.120842 11.377776 -32.025246
v -109.082726 11.399784 -32.069260
v -109.030663 11.429845 -32.085369
v -108.978592 11.459908 -32.069260
v -108.940475 11.481914 -32.025246
v -108.926521 11.489967 -31.965122
v -108.940475 11.481914 -31.904999
v -108.978592 11.459908 -31.860985
v -109.030663 11.429845 -31.844875
v -109.082726 11.399784 -31.860985
v -109.120842 11.377778 -31.904999
v -109.182846 11.485725 -31.965122
v -109.167282 11.489895 -32.025246
v -109.124771 11.501286 -32.069260
v -109.066696 11.516849 -32.085369
v -109.008621 11.532409 -32.069260
v -108.966110 11.543799 -32.025246
v -108.950546 11.547971 -31.965122
v -108.966110 11.543799 -31.904999
v -109.008621 11.532409 -31.860985
v -109.066696 11.516849 -31.844875
v -109.124771 11.501288 -31.860985
v -109.167282 11.489895 -31.904999
v -109.115074 12.170043 -31.487246
v -109.033684 12.103250 -31.487246
v -108.940819 12.053616 -31.487246
v -108.840065 12.023051 -31.487246
v -108.735283 12.012732 -31.487246
v -108.630501 12.023051 -31.487246
v -108.529739 12.053616 -31.487246
v -108.436882 12.103250 -31.487246
v -108.355492 12.170043 -31.487246
v -108.288696 12.251436 -31.487246
v -108.239067 12.344294 -31.487246
v -108.208496 12.445049 -31.487246
v -108.198181 12.549833 -31.487246
v -108.208496 12.654617 -31.487246
v -108.239067 12.755373 -31.487246
v -108.288696 12.848230 -31.487246
v -108.355492 12.929623 -31.487246
v -108.436882 12.996418 -31.487246
v -108.620331 13.127746 -31.487246
v -108.620331 13.127746 -31.249109
v -108.509789 13.094215 -31.487246
v -108.509789 13.094213 -31.249109
v -108.407921 13.039764 -31.487246
v -108.407921 13.039764 -31.249109
v -108.318634 12.966484 -31.487246
v -108.318634 12.966486 -31.249109
v -108.245354 12.877192 -31.487247
v -108.245354 12.877193 -31.249109
v -108.190903 12.775323 -31.487247
v -108.190903 12.775324 -31.249109
v -108.157372 12.664787 -31.487247
v -108.157372 12.664787 -31.249109
v -108.146049 12.549833 -31.487247
v -108.146049 12.549833 -31.249109
v -108.157372 12.434879 -31.487247
v -108.157372 12.434879 -31.249109
v -108.190903 12.324344 -31.487247
v -108.190903 12.324344 -31.249109
v -108.245354 12.222475 -31.487246
v -108.245354 12.222471 -31.249109
v -108.318634 12.133183 -31.487246
v -108.318634 12.133183 -31.249109
v -108.407921 12.059902 -31.487246
v -108.407921 12.059904 -31.249109
v -108.509789 12.005454 -31.487246
v -108.509789 12.005451 -31.249109
v -108.620331 11.971922 -31.487246
v -108.620331 11.971922 -31.249109
v -108.735283 11.960600 -31.487246
v -108.735283 11.960600 -31.249109
v -108.850235 11.971922 -31.487246
v -108.850235 11.971922 -31.249109
v -108.960770 12.005454 -31.487246
v -108.960770 12.005451 -31.249109
v -109.062645 12.059902 -31.487246
v -109.062645 12.059904 -31.249109
v -109.151932 12.133183 -31.487246
v -109.151932 12.133183 -31.249109
v -109.225212 12.222475 -31.487246
v -109.225212 12.222475 -31.249109
v -109.279663 12.324344 -31.487246
v -109.279663 12.324344 -31.249109
v -109.313194 12.434879 -31.487246
v -109.313194 12.434879 -31.249109
v -109.324516 12.549833 -31.487246
v -109.324516 12.549833 -31.249109
v -109.313194 12.664787 -31.487246
v -109.313194 12.664787 -31.249109
v -109.279663 12.775323 -31.487246
v -109.279663 12.775324 -31.249109
v -109.225212 12.877192 -31.487246
v -109.225212 12.877193 -31.249109
v -108.720566 12.821132 -31.735409
v -108.771805 12.809602 -31.735409
v -108.809319 12.778108 -31.735409
v -108.823044 12.735084 -31.735409
v -108.809319 12.692060 -31.735409
v -108.771805 12.660563 -31.735409
v -108.720566 12.649035 -31.735409
v -108.669319 12.660563 -31.735409
v -108.631805 12.692060 -31.735409
v -108.618080 12.735084 -31.735409
v -108.631805 12.778108 -31.735409
v -108.669319 12.809602 -31.735409
v -108.720566 12.809402 -32.043854
v -108.771805 12.798267 -32.040298
v -108.809319 12.767844 -32.030590
v -108.823044 12.726287 -32.017326
v -108.809319 12.684729 -32.004066
v -108.771805 12.654307 -31.994356
v -108.720566 12.643170 -31.990803
v -108.669319 12.654307 -31.994356
v -108.631805 12.684729 -32.004066
v -108.618080 12.726287 -32.017326
v -108.631805 12.767844 -32.030590
v -108.669319 12.798267 -32.040298
v -108.720566 12.775019 -32.142719
v -108.771805 12.765034 -32.135857
v -108.809319 12.737759 -32.117100
v -108.823044 12.700499 -32.091480
v -108.809319 12.663239 -32.065857
v -108.771805 12.635962 -32.047104
v -108.720566 12.625978 -32.040234
v -108.669319 12.635962 -32.047104
v -108.631805 12.663239 -32.065857
v -108.618080 12.700499 -32.091480
v -108.631805 12.737759 -32.117100
v -108.669319 12.765034 -32.135857
v -108.720566 12.720319 -32.227623
v -108.771805 12.712168 -32.217915
v -108.809319 12.689896 -32.191391
v -108.823044 12.659473 -32.155155
v -108.809319 12.629052 -32.118919
v -108.771805 12.606781 -32.092400
v -108.720566 12.598629 -32.082687
v -108.669319 12.606781 -32.092400
v -108.631805 12.629052 -32.118923
v -108.618080 12.659473 -32.155155
v -108.631805 12.689896 -32.191391
v -108.669319 12.712168 -32.217915
v -108.720566 12.649035 -32.292767
v -108.771805 12.643270 -32.280876
v -108.809319 12.627522 -32.248390
v -108.823044 12.606011 -32.204014
v -108.809319 12.584498 -32.159637
v -108.771805 12.568752 -32.127151
v -108.720566 12.562987 -32.115261
v -108.669319 12.568752 -32.127151
v -108.631805 12.584498 -32.159637
v -108.618080 12.606011 -32.204014
v -108.631805 12.627522 -32.248390
v -108.669319 12.643270 -32.280876
v -108.720566 12.566021 -32.333721
v -108.771805 12.563039 -32.320461
v -108.809319 12.554888 -32.284225
v -108.823044 12.543752 -32.234730
v -108.809319 12.532618 -32.185234
v -108.771805 12.524464 -32.149002
v -108.720566 12.521481 -32.135738
v -108.669319 12.524464 -32.149002
v -108.631805 12.532618 -32.185234
v -108.618080 12.543752 -32.234730
v -108.631805 12.554888 -32.284225
v -108.669319 12.563039 -32.320461
v -108.720566 12.476939 -32.347691
v -108.771805 12.476939 -32.333958
v -108.809319 12.476939 -32.296448
v -108.823044 12.476939 -32.245205
v -108.809319 12.476939 -32.193962
v -108.771805 12.476939 -32.156452
v -108.720566 12.476939 -32.142719
v -108.669319 12.476939 -32.156452
v -108.631805 12.476939 -32.193962
v -108.618080 12.476939 -32.245205
v -108.631805 12.476939 -32.296452
v -108.669319 12.476939 -32.333958
v -108.720566 12.387856 -32.333721
v -108.771805 12.390841 -32.320461
v -108.809319 12.398992 -32.284225
v -108.823044 12.410127 -32.234730
v -108.809319 12.421261 -32.185234
v -108.771805 12.429415 -32.149002
v -108.720566 12.432398 -32.135738
v -108.669319 12.429415 -32.149002
v -108.631805 12.421261 -32.185234
v -108.618080 12.410127 -32.234730
v -108.631805 12.398992 -32.284225
v -108.669319 12.390841 -32.320461
v -108.720566 12.304844 -32.292767
v -108.771805 12.310608 -32.280880
v -108.809319 12.326357 -32.248390
v -108.823044 12.347868 -32.204014
v -108.809319 12.369381 -32.159637
v -108.771805 12.385127 -32.127151
v -108.720566 12.390892 -32.115261
v -108.669319 12.385127 -32.127151
v -108.631805 12.369381 -32.159637
v -108.618080 12.347868 -32.204014
v -108.631805 12.326357 -32.248390
v -108.669319 12.310608 -32.280880
v -108.720566 12.233559 -32.227623
v -108.771805 12.241712 -32.217915
v -108.809319 12.263982 -32.191391
v -108.823044 12.294405 -32.155155
v -108.809319 12.324827 -32.118919
v -108.771805 12.347098 -32.092400
v -108.720566 12.355249 -32.082687
v -108.669319 12.347098 -32.092400
v -108.631805 12.324827 -32.118919
v -108.618080 12.294405 -32.155155
v -108.631805 12.263982 -32.191391
v -108.669319 12.241712 -32.217915
v -108.720566 12.178860 -32.142719
v -108.771805 12.188845 -32.135857
v -108.809319 12.216121 -32.117100
v -108.823044 12.253381 -32.091480
v -108.809319 12.290640 -32.065857
v -108.771805 12.317917 -32.047104
v -108.720566 12.327901 -32.040234
v -108.669319 12.317917 -32.047104
v -108.631805 12.290640 -32.065857
v -108.618080 12.253381 -32.091480
v -108.631805 12.216121 -32.117100
v -108.669319 12.188845 -32.135857
v -108.720566 12.144477 -32.043854
v -108.771805 12.155612 -32.040298
v -108.809319 12.186035 -32.030590
v -108.823044 12.227593 -32.017326
v -108.809319 12.269150 -32.004066
v -108.771805 12.299574 -31.994356
v -108.720566 12.310707 -31.990803
v -108.669319 12.299574 -31.994356
v -108.631805 12.269150 -32.004066
v -108.618080 12.227593 -32.017326
v -108.631805 12.186035 -32.030590
v -108.669319 12.155612 -32.040298
v -108.720566 12.132747 -31.735413
v -108.771805 12.144276 -31.735413
v -108.809319 12.175771 -31.735413
v -108.823044 12.218795 -31.735413
v -108.809319 12.261819 -31.735413
v -108.771805 12.293315 -31.735413
v -108.720566 12.304844 -31.735413
v -108.669319 12.293315 -31.735413
v -108.631805 12.261819 -31.735413
v -108.618080 12.218795 -31.735413
v -108.631805 12.175771 -31.735413
v -108.669319 12.144276 -31.735413
v -109.151932 12.966484 -31.487246
v -109.151932 12.966486 -31.249109
v -109.062645 13.039764 -31.487246
v -109.062645 13.039764 -31.249109
v -108.960770 13.094215 -31.487246
v -108.960770 13.094213 -31.249109
v -108.850235 13.127746 -31.487246
v -108.850235 13.127746 -31.249109
v -108.735283 13.139067 -31.487246
v -108.735283 13.139067 -31.249109
v -108.529739 13.046053 -31.487246
v -108.630501 13.076616 -31.487246
v -108.720566 12.855737 -31.690168
v -108.792412 12.839572 -31.690168
v -108.845016 12.795410 -31.690168
v -108.864265 12.735084 -31.690168
v -108.845016 12.674757 -31.690168
v -108.792412 12.630596 -31.690168
v -108.720566 12.614431 -31.690168
v -108.648712 12.630596 -31.690168
v -108.596115 12.674757 -31.690168
v -108.576859 12.735084 -31.690168
v -108.596115 12.795410 -31.690168
v -108.648712 12.839572 -31.690168
v -108.720566 12.104493 -31.690170
v -108.788628 12.119806 -31.690170
v -108.838463 12.161645 -31.690170
v -108.856697 12.218795 -31.690170
v -108.838463 12.275947 -31.690170
v -108.788628 12.317782 -31.690170
v -108.720566 12.333097 -31.690170
v -108.652496 12.317782 -31.690170
v -108.602669 12.275947 -31.690170
v -108.584427 12.218795 -31.690170
v -108.602669 12.161645 -31.690170
v -108.652496 12.119806 -31.690170
v -108.669319 12.144276 -31.716784
v -108.631805 12.175771 -31.716784
v -108.618080 12.218795 -31.716784
v -108.631805 12.261819 -31.716784
v -108.669319 12.293315 -31.716784
v -108.720566 12.304844 -31.716784
v -108.771805 12.293315 -31.716784
v -108.809319 12.261819 -31.716784
v -108.823044 12.218795 -31.716784
v -108.809319 12.175771 -31.716784
v -108.771805 12.144276 -31.716784
v -108.720566 12.132747 -31.716784
v -108.669319 12.809602 -31.716780
v -108.631805 12.778108 -31.716780
v -108.618080 12.735084 -31.716780
v -108.631805 12.692060 -31.716780
v -108.669319 12.660563 -31.716780
v -108.720566 12.649035 -31.716780
v -108.771805 12.660563 -31.716780
v -108.809319 12.692060 -31.716780
v -108.823044 12.735084 -31.716780
v -108.809319 12.778108 -31.716780
v -108.771805 12.809602 -31.716780
v -108.720566 12.821132 -31.716780
v -109.181870 12.251436 -31.487246
v -109.231499 12.344294 -31.487246
v -109.262062 12.445049 -31.487246
v -109.272385 12.549833 -31.487246
v -109.262062 12.654617 -31.487246
v -109.231499 12.755373 -31.487246
v -109.181870 12.848230 -31.487246
v -109.115074 12.929623 -31.487246
v -109.033684 12.996418 -31.487246
v -108.940819 13.046053 -31.487246
v -108.840065 13.076616 -31.487246
v -108.735283 13.086936 -31.487246
v -109.115074 12.170043 -31.632532
v -109.039505 12.245610 -31.738884
v -109.092941 12.192176 -31.707733
v -109.033684 12.103250 -31.632532
v -108.974312 12.192105 -31.738884
v -109.016289 12.129273 -31.707733
v -108.899925 12.152348 -31.738884
v -108.940819 12.053616 -31.632532
v -108.928841 12.082534 -31.707733
v -108.840065 12.023051 -31.632532
v -108.819214 12.127865 -31.738884
v -108.833961 12.053750 -31.707733
v -108.735283 12.012732 -31.632532
v -108.735283 12.119598 -31.738884
v -108.735283 12.044031 -31.707733
v -108.651344 12.127865 -31.738884
v -108.630501 12.023051 -31.632532
v -108.636604 12.053750 -31.707733
v -108.570641 12.152348 -31.738884
v -108.529739 12.053616 -31.632532
v -108.541718 12.082534 -31.707733
v -108.436882 12.103250 -31.632532
v -108.496254 12.192105 -31.738884
v -108.454269 12.129273 -31.707733
v -108.431061 12.245610 -31.738884
v -108.355492 12.170043 -31.632532
v -108.377625 12.192176 -31.707733
v -108.288696 12.251436 -31.632532
v -108.377556 12.310808 -31.738884
v -108.314720 12.268826 -31.707733
v -108.337799 12.385190 -31.738884
v -108.239067 12.344294 -31.632532
v -108.267982 12.356272 -31.707733
v -108.208496 12.445049 -31.632532
v -108.313316 12.465898 -31.738884
v -108.239197 12.451155 -31.707733
v -108.305046 12.549833 -31.738884
v -108.198181 12.549833 -31.632532
v -108.229477 12.549833 -31.707733
v -108.208496 12.654617 -31.632532
v -108.313316 12.633769 -31.738884
v -108.239197 12.648512 -31.707733
v -108.239067 12.755373 -31.632532
v -108.337799 12.714477 -31.738884
v -108.267982 12.743395 -31.707733
v -108.288696 12.848230 -31.632532
v -108.377556 12.788859 -31.738884
v -108.314720 12.830841 -31.707733
v -108.431061 12.854057 -31.738884
v -108.355492 12.929623 -31.632532
v -108.377625 12.907490 -31.707733
v -108.496254 12.907562 -31.738884
v -108.436882 12.996418 -31.632532
v -108.454277 12.970393 -31.707733
v -108.529739 13.046053 -31.632532
v -108.570641 12.947321 -31.738884
v -108.541718 13.017136 -31.707733
v -108.630501 13.076616 -31.632532
v -108.651344 12.971803 -31.738884
v -108.636604 13.045917 -31.707733
v -109.093010 12.310808 -31.738884
v -109.181870 12.251436 -31.632532
v -109.155838 12.268826 -31.707733
v -109.132767 12.385190 -31.738884
v -109.231499 12.344294 -31.632532
v -109.202583 12.356272 -31.707733
v -109.157249 12.465898 -31.738884
v -109.262062 12.445049 -31.632532
v -109.231369 12.451155 -31.707733
v -109.272385 12.549833 -31.632532
v -109.165520 12.549833 -31.738884
v -109.241081 12.549833 -31.707733
v -109.262062 12.654617 -31.632532
v -109.157249 12.633769 -31.738884
v -109.231369 12.648512 -31.707733
v -109.231499 12.755373 -31.632532
v -109.132767 12.714477 -31.738884
v -109.202583 12.743395 -31.707733
v -109.093010 12.788859 -31.738884
v -109.181870 12.848230 -31.632532
v -109.155838 12.830841 -31.707733
v -109.039505 12.854056 -31.738884
v -109.115074 12.929623 -31.632532
v -109.092941 12.907490 -31.707733
v -109.033684 12.996418 -31.632532
v -108.974312 12.907562 -31.738884
v -109.016289 12.970393 -31.707733
v -108.899925 12.947321 -31.738884
v -108.940819 13.046053 -31.632532
v -108.928841 13.017136 -31.707733
v -108.840065 13.076616 -31.632532
v -108.819214 12.971803 -31.738884
v -108.833961 13.045917 -31.707733
v -108.735283 13.086936 -31.632532
v -108.735283 12.980070 -31.738884
v -108.735283 13.055635 -31.707733
v -108.318634 12.133183 -31.269022
v -108.157372 12.434879 -31.269022
v -109.313194 12.664787 -31.269022
v -108.190903 12.775324 -31.269022
v -109.279663 12.324344 -31.269022
v -109.062645 12.059904 -31.269022
v -108.850235 13.127746 -31.269022
v -108.735283 13.139067 -31.269022
v -108.407921 13.039764 -31.269022
v -108.735283 11.960600 -31.269022
v -108.407921 12.059904 -31.269022
v -108.190903 12.324344 -31.269022
v -108.157372 12.664787 -31.269022
v -109.279663 12.775324 -31.269022
v -108.318634 12.966486 -31.269022
v -109.151932 12.133183 -31.269022
v -108.850235 11.971922 -31.269022
v -109.313194 12.434879 -31.269022
v -109.151932 12.966486 -31.269022
v -108.509789 12.005451 -31.269022
v -108.245354 12.222473 -31.269022
v -109.225212 12.877193 -31.269022
v -108.509789 13.094213 -31.269022
v -109.062645 13.039764 -31.269022
v -108.146049 12.549833 -31.269022
v -108.245354 12.877193 -31.269022
v -109.324516 12.549833 -31.269022
v -109.225212 12.222475 -31.269022
v -108.620331 13.127746 -31.269022
v -108.620331 11.971922 -31.269022
v -108.960770 12.005451 -31.269022
v -108.960770 13.094213 -31.269022
v -109.033684 12.103250 -31.497271
v -109.115074 12.170043 -31.497271
v -109.181870 12.251436 -31.497271
v -108.940819 12.053616 -31.497271
v -108.840065 12.023051 -31.497271
v -108.735283 12.012732 -31.497271
v -108.630501 12.023051 -31.497271
v -108.529739 12.053616 -31.497271
v -108.436882 12.103250 -31.497271
v -108.355492 12.170043 -31.497272
v -108.288696 12.251436 -31.497272
v -108.239067 12.344294 -31.497272
v -108.208496 12.445049 -31.497272
v -108.198181 12.549833 -31.497272
v -108.208496 12.654617 -31.497272
v -108.239067 12.755373 -31.497272
v -108.288696 12.848230 -31.497272
v -108.355492 12.929623 -31.497272
v -108.436882 12.996418 -31.497272
v -108.529739 13.046053 -31.497272
v -108.630501 13.076616 -31.497272
v -108.735283 13.086936 -31.497271
v -109.231499 12.344294 -31.497271
v -109.262062 12.445049 -31.497271
v -109.272385 12.549833 -31.497271
v -109.262062 12.654617 -31.497271
v -109.231499 12.755373 -31.497271
v -109.181870 12.848230 -31.497271
v -109.115074 12.929623 -31.497271
v -109.033684 12.996418 -31.497271
v -108.940819 13.046053 -31.497271
v -108.840065 13.076616 -31.497271
v -108.377556 12.788859 -31.686777
v -108.431061 12.854057 -31.686777
v -108.974312 12.192105 -31.686777
v -108.899925 12.152348 -31.686777
v -108.819214 12.971803 -31.686777
v -108.899925 12.947321 -31.686777
v -108.337799 12.714477 -31.686777
v -108.735283 12.980070 -31.686777
v -108.974312 12.907562 -31.686777
v -109.039505 12.854056 -31.686777
v -109.165520 12.549833 -31.686777
v -109.157249 12.465898 -31.686777
v -108.313316 12.633769 -31.686777
v -108.313316 12.465898 -31.686777
v -108.305046 12.549833 -31.686777
v -108.377556 12.310808 -31.686777
v -108.337799 12.385190 -31.686777
v -108.496254 12.192105 -31.686777
v -108.431061 12.245610 -31.686777
v -108.735283 12.119598 -31.686777
v -108.651344 12.127865 -31.686777
v -109.157249 12.633769 -31.686777
v -108.570641 12.152348 -31.686777
v -109.132767 12.385190 -31.686777
v -108.496254 12.907562 -31.686777
v -109.039505 12.245610 -31.686777
v -109.093010 12.310808 -31.686777
v -108.819214 12.127865 -31.686777
v -109.132767 12.714477 -31.686777
v -109.093010 12.788859 -31.686777
v -108.651344 12.971803 -31.686777
v -108.570641 12.947321 -31.686777
v -109.132767 12.385190 -31.694250
v -109.093010 12.310808 -31.694250
v -108.431061 12.854057 -31.694252
v -108.496254 12.907562 -31.694252
v -108.431061 12.245610 -31.694252
v -108.377556 12.310808 -31.694252
v -108.735283 12.119598 -31.694250
v -108.651344 12.127865 -31.694250
v -108.974312 12.192105 -31.694250
v -108.899925 12.152348 -31.694250
v -108.570641 12.947321 -31.694252
v -109.039505 12.854056 -31.694252
v -109.093010 12.788859 -31.694252
v -108.313316 12.465898 -31.694252
v -108.305046 12.549833 -31.694252
v -108.819214 12.127865 -31.694250
v -108.496254 12.192105 -31.694252
v -108.735283 12.980070 -31.694252
v -108.819214 12.971803 -31.694252
v -109.039505 12.245610 -31.694250
v -109.165520 12.549833 -31.694250
v -109.157249 12.465898 -31.694250
v -109.157249 12.633769 -31.694250
v -108.651344 12.971803 -31.694252
v -108.377556 12.788859 -31.694252
v -108.313316 12.633769 -31.694252
v -108.899925 12.947321 -31.694252
v -108.570641 12.152348 -31.694252
v -108.337799 12.385190 -31.694252
v -109.132767 12.714477 -31.694252
v -108.337799 12.714477 -31.694252
v -108.974312 12.907562 -31.694252
v -108.426758 12.858357 -31.736378
v -108.372498 12.792237 -31.736378
v -108.902252 12.146730 -31.736378
v -108.977684 12.187050 -31.736378
v -108.902252 12.952939 -31.736378
v -108.820404 12.977767 -31.736378
v -108.332176 12.716805 -31.736378
v -108.735283 12.986151 -31.736378
v -109.043808 12.858356 -31.736378
v -108.977684 12.912618 -31.736378
v -109.163216 12.464712 -31.736378
v -109.171600 12.549833 -31.736378
v -108.307350 12.634954 -31.736378
v -108.298965 12.549833 -31.736378
v -108.307350 12.464712 -31.736378
v -108.332176 12.382862 -31.736378
v -108.372498 12.307429 -31.736378
v -108.426758 12.241309 -31.736378
v -108.492874 12.187050 -31.736378
v -108.650162 12.121901 -31.736378
v -108.735283 12.113516 -31.736378
v -109.163216 12.634954 -31.736378
v -108.568314 12.146730 -31.736378
v -109.138390 12.382862 -31.736378
v -108.492874 12.912619 -31.736378
v -109.043808 12.241309 -31.736378
v -109.098068 12.307429 -31.736378
v -108.820404 12.121901 -31.736378
v -109.138390 12.716805 -31.736378
v -109.098068 12.792237 -31.736378
v -108.650162 12.977767 -31.736378
v -108.568314 12.952939 -31.736378
v -108.735283 13.139067 -31.462437
v -108.318634 12.133183 -31.462437
v -108.157372 12.434879 -31.462437
v -109.313194 12.664787 -31.462437
v -108.190903 12.775323 -31.462437
v -109.279663 12.324344 -31.462437
v -109.062645 12.059902 -31.462437
v -108.850235 13.127746 -31.462437
v -108.407921 13.039764 -31.462437
v -108.735283 11.960600 -31.462437
v -108.407921 12.059902 -31.462437
v -108.190903 12.324344 -31.462437
v -108.157372 12.664787 -31.462437
v -109.279663 12.775323 -31.462437
v -108.318634 12.966484 -31.462437
v -109.151932 12.133183 -31.462437
v -108.850235 11.971922 -31.462437
v -109.313194 12.434879 -31.462437
v -109.151932 12.966484 -31.462437
v -108.509789 12.005454 -31.462437
v -108.245354 12.222473 -31.462437
v -109.225212 12.877192 -31.462437
v -108.509789 13.094215 -31.462437
v -109.062645 13.039764 -31.462437
v -108.146049 12.549833 -31.462437
v -108.245354 12.877192 -31.462437
v -109.324516 12.549833 -31.462437
v -109.225212 12.222475 -31.462437
v -108.620331 13.127746 -31.462437
v -108.620331 11.971922 -31.462437
v -108.960770 12.005454 -31.462437
v -108.960770 13.094215 -31.462437
v -107.321999 10.594760 -31.183435
v -109.204636 10.526407 -28.226852
v -108.166214 10.526407 -28.226852
v -107.089600 10.594760 -31.183435
v -108.047119 13.822218 -28.226854
v -108.451363 13.823495 -28.226854
v -108.855606 13.824773 -28.226854
v -109.259842 13.826050 -28.226854
v -110.281258 10.594760 -31.183435
v -108.166214 11.213425 -28.226854
v -109.204636 11.213425 -28.226854
v -110.048851 10.594760 -31.183435
v -107.089760 10.594760 -28.724485
v -108.175209 11.900439 -28.226852
v -109.195641 11.900439 -28.226852
v -107.321594 10.594760 -28.724485
v -110.049255 10.594760 -28.724485
v -108.216835 12.587454 -28.226852
v -109.154015 12.587454 -28.226852
v -110.281097 10.594760 -28.724485
v -110.043549 11.574272 -28.301609
v -108.314194 13.274468 -28.226852
v -109.056656 13.274468 -28.226852
v -110.278152 11.574272 -28.301609
v -107.823616 13.617975 -28.226852
v -107.092705 11.574272 -28.301609
v -107.327309 11.574272 -28.301609
v -109.547234 13.617975 -28.226852
v -109.966774 12.227280 -28.301609
v -108.257492 12.930961 -28.226852
v -109.113358 12.930961 -28.226852
v -110.205551 12.227280 -28.301609
v -107.165306 12.227280 -28.301609
v -108.193382 12.243947 -28.226852
v -109.177467 12.243947 -28.226852
v -107.404076 12.227280 -28.301609
v -109.778923 12.880287 -28.301609
v -108.167519 11.556931 -28.226854
v -109.203331 11.556931 -28.226854
v -110.024208 12.880287 -28.301609
v -108.398186 14.001090 -28.226854
v -108.568382 14.002367 -28.226854
v -108.738586 14.003645 -28.226854
v -108.908783 14.004923 -28.226854
v -107.346642 12.880287 -28.301609
v -109.204636 10.526407 -28.671753
v -108.166214 10.526407 -28.671753
v -107.591934 12.880287 -28.301609
v -108.047119 13.822218 -28.671753
v -108.451363 13.823495 -28.671753
v -108.855606 13.824773 -28.671753
v -109.259842 13.826050 -28.671753
v -107.127792 11.213425 -28.671753
v -108.166214 11.213425 -28.671753
v -109.204636 11.213425 -28.671753
v -110.243057 11.213425 -28.671753
v -107.154785 11.900439 -28.671753
v -108.175209 11.900439 -28.671753
v -109.195641 11.900439 -28.671753
v -110.216064 11.900439 -28.671753
v -107.279648 12.587454 -28.671753
v -108.216835 12.587454 -28.671753
v -109.154015 12.587454 -28.671753
v -110.091202 12.587454 -28.671753
v -107.571724 13.274468 -28.671753
v -108.314194 13.274468 -28.671753
v -109.056656 13.274468 -28.671753
v -109.799126 13.274468 -28.671753
v -107.823616 13.617975 -28.671751
v -108.398155 13.617975 -28.671751
v -108.972694 13.617975 -28.671751
v -109.547234 13.617975 -28.671751
v -107.401627 12.930961 -28.671753
v -108.257492 12.930961 -28.671753
v -109.113358 12.930961 -28.671753
v -109.969223 12.930961 -28.671753
v -107.209305 12.243947 -28.671753
v -108.193382 12.243947 -28.671753
v -109.177467 12.243947 -28.671753
v -110.161545 12.243947 -28.671753
v -107.131714 11.556931 -28.671753
v -108.167519 11.556931 -28.671753
v -109.203331 11.556931 -28.671753
v -110.239136 11.556931 -28.671753
v -108.398186 14.001090 -28.671753
v -108.568382 14.002367 -28.671753
v -108.738586 14.003645 -28.671753
v -108.908783 14.004923 -28.671753
v -108.981247 13.647390 -28.301609
v -109.204636 10.526407 -31.258759
v -108.166214 10.526407 -31.258759
v -108.974579 13.467425 -28.301609
v -108.396278 13.467425 -28.301609
v -108.166214 11.213425 -31.258759
v -109.204636 11.213425 -31.258759
v -108.389610 13.647390 -28.301609
v -110.243057 11.213425 -30.750938
v -109.204636 11.213425 -30.750938
v -108.166214 11.213425 -30.750938
v -107.127792 11.213425 -30.750938
v -109.613884 13.206790 -28.301609
v -108.166214 10.526407 -30.750938
v -109.204636 10.526407 -30.750938
v -109.816635 13.300158 -28.301609
v -107.554214 13.300158 -28.301609
v -108.168373 11.556361 -31.258759
v -109.203903 11.556398 -31.258759
v -107.756973 13.206790 -28.301609
v -110.239441 11.556435 -30.750938
v -109.203903 11.556396 -30.750938
v -108.168373 11.556359 -30.750938
v -107.132843 11.556324 -30.750938
v -110.139427 12.553783 -28.301609
v -108.175377 11.902214 -31.258759
v -109.195473 11.901639 -31.258759
v -109.897697 12.553783 -28.301609
v -110.215569 11.901066 -30.750938
v -109.195473 11.901639 -30.750938
v -108.175377 11.902214 -30.750938
v -107.155281 11.902789 -30.750938
v -107.473160 12.553783 -28.301609
v -108.193306 12.243845 -31.258759
v -109.177605 12.243810 -31.258759
v -107.231430 12.553783 -28.301609
v -110.161911 12.243774 -30.750938
v -109.177605 12.243810 -30.750938
v -108.193306 12.243847 -30.750938
v -107.209000 12.243884 -30.750938
v -110.256729 11.900774 -28.301609
v -108.217590 12.587726 -31.258759
v -109.154465 12.587667 -31.258759
v -110.020332 11.900774 -28.301609
v -110.091339 12.587608 -30.750938
v -109.154465 12.587667 -30.750938
v -108.217590 12.587725 -30.750938
v -107.280724 12.587783 -30.750938
v -107.350525 11.900774 -28.301609
v -108.257111 12.930965 -31.258759
v -109.113129 12.930843 -31.258759
v -107.114120 11.900774 -28.301609
v -109.969147 12.930720 -30.750938
v -109.113129 12.930843 -30.750938
v -108.257111 12.930965 -30.750938
v -107.401093 12.931087 -30.750938
v -110.281509 11.247767 -28.301609
v -108.314522 13.273613 -31.258759
v -109.056763 13.273734 -31.258759
v -110.048218 11.247767 -28.301609
v -109.799004 13.273855 -30.750938
v -109.056763 13.273733 -30.750938
v -108.314522 13.273612 -30.750938
v -107.572281 13.273491 -30.750938
v -107.823776 13.618060 -31.258759
v -107.322639 11.247767 -28.301609
v -107.089348 11.247767 -28.301609
v -109.547066 13.618723 -31.258759
v -109.547066 13.618723 -30.750938
v -108.972641 13.618503 -30.750938
v -108.398209 13.618282 -30.750938
v -107.823776 13.618061 -30.750938
v -108.047752 13.822561 -31.258759
v -108.451546 13.823664 -31.258759
v -108.855331 13.824767 -31.258759
v -109.259125 13.825871 -31.258759
v -109.259125 13.825871 -30.750938
v -108.855331 13.824767 -30.750938
v -108.451546 13.823665 -30.750938
v -108.047752 13.822562 -30.750938
v -108.397758 14.001433 -31.258759
v -108.568367 14.002584 -31.258759
v -108.738968 14.003734 -31.258759
v -108.909576 14.004883 -31.258759
v -108.909576 14.004885 -30.750938
v -108.738968 14.003735 -30.750938
v -108.568367 14.002584 -30.750938
v -108.397758 14.001433 -30.750938
v -107.089600 10.594760 -28.301609
v -108.166214 10.526407 -29.364815
v -109.204636 10.526407 -29.364815
v -107.321999 10.594760 -28.301609
v -110.048859 10.594760 -28.301609
v -108.166214 10.526407 -30.057877
v -109.204636 10.526407 -30.057877
v -110.281258 10.594760 -28.301609
v -110.243057 11.213425 -29.364815
v -109.204636 11.213425 -29.364815
v -108.166214 11.213425 -29.364815
v -107.127792 11.213425 -29.364815
v -110.243057 11.213425 -30.057877
v -109.204636 11.213425 -30.057877
v -108.166214 11.213425 -30.057877
v -107.127792 11.213425 -30.057877
v -110.364357 10.526407 -28.226852
v -110.119858 10.526407 -28.226852
v -107.250992 10.526407 -28.226852
v -107.006493 10.526407 -28.226852
v -107.006226 11.213425 -28.226854
v -107.251663 11.213425 -28.226854
v -110.119186 11.213425 -28.226854
v -110.364624 11.213425 -28.226854
v -107.032288 11.900439 -28.226852
v -107.281006 11.900439 -28.226852
v -110.089844 11.900439 -28.226852
v -110.338562 11.900439 -28.226852
v -107.155708 12.587454 -28.226852
v -107.410027 12.587454 -28.226852
v -109.960823 12.587454 -28.226852
v -110.215141 12.587454 -28.226852
v -107.708618 13.274468 -28.226852
v -107.495308 13.372698 -28.226852
v -109.875542 13.372698 -28.226852
v -109.662231 13.274468 -28.226852
v -108.374199 13.738012 -28.226854
v -108.381218 13.548676 -28.226852
v -108.989632 13.548676 -28.226852
v -108.996651 13.738012 -28.226852
v -107.534981 12.930961 -28.226852
v -107.276924 12.930961 -28.226852
v -110.093925 12.930961 -28.226852
v -109.835869 12.930961 -28.226852
v -107.337349 12.243947 -28.226852
v -107.086136 12.243947 -28.226852
v -110.284714 12.243947 -28.226852
v -110.033501 12.243947 -28.226852
v -107.256577 11.556931 -28.226854
v -107.009758 11.556931 -28.226854
v -110.361092 11.556931 -28.226854
v -110.114273 11.556931 -28.226854
v -110.364189 10.526407 -28.671753
v -110.120277 10.526407 -28.671753
v -107.250572 10.526407 -28.671753
v -107.006660 10.526407 -28.671753
v -110.119858 10.526407 -31.258759
v -110.364357 10.526407 -31.258759
v -107.006493 10.526407 -31.258759
v -107.250992 10.526407 -31.258759
v -107.251671 11.213425 -31.258759
v -107.006218 11.213425 -31.258759
v -110.364632 11.213425 -31.258759
v -110.119179 11.213425 -31.258759
v -107.006660 10.526407 -30.750938
v -107.250572 10.526407 -30.750938
v -110.120277 10.526407 -30.750938
v -110.364189 10.526407 -30.750938
v -107.257706 11.556328 -31.258759
v -107.010880 11.556320 -31.258759
v -110.361404 11.556438 -31.258759
v -110.114578 11.556431 -31.258759
v -107.281509 11.902717 -31.258759
v -107.032791 11.902857 -31.258759
v -110.338074 11.900994 -31.258759
v -110.089333 11.901134 -31.258759
v -107.337059 12.243878 -31.258759
v -107.085823 12.243886 -31.258759
v -110.285080 12.243771 -31.258759
v -110.033867 12.243778 -31.258759
v -107.411118 12.587776 -31.258759
v -107.156761 12.587791 -31.258759
v -110.215294 12.587602 -31.258759
v -109.960960 12.587617 -31.258759
v -107.534462 12.931070 -31.258759
v -107.276367 12.931107 -31.258759
v -110.093872 12.930704 -31.258759
v -109.835777 12.930740 -31.258759
v -107.496384 13.371883 -31.258759
v -107.709236 13.273514 -31.258759
v -109.662109 13.273833 -31.258759
v -109.875374 13.372063 -31.258759
v -108.381325 13.548736 -31.258759
v -108.374138 13.738309 -31.258759
v -108.996643 13.738547 -31.258759
v -108.989609 13.548968 -31.258759
v -107.250366 10.526407 -29.364815
v -107.006737 10.526407 -29.364815
v -110.364113 10.526407 -29.364815
v -110.120483 10.526407 -29.364815
v -107.006737 10.526407 -30.057877
v -107.250366 10.526407 -30.057877
v -110.120483 10.526407 -30.057877
v -110.364113 10.526407 -30.057877
v -107.322639 11.247768 -31.183435
v -107.089340 11.247768 -31.183435
v -110.281509 11.247768 -31.183435
v -110.048210 11.247768 -31.183435
v -107.089760 10.594760 -30.700752
v -107.321594 10.594760 -30.700752
v -110.049255 10.594760 -30.700752
v -110.281097 10.594760 -30.700752
v -107.328377 11.573697 -31.183435
v -107.093773 11.573689 -31.183435
v -110.278442 11.573801 -31.183435
v -110.043839 11.573793 -31.183435
v -107.351006 11.902939 -31.183435
v -107.114601 11.903073 -31.183435
v -110.256271 11.901304 -31.183435
v -110.019844 11.901436 -31.183435
v -107.403801 12.227215 -31.183435
v -107.165009 12.227222 -31.183435
v -110.205902 12.227111 -31.183435
v -109.967117 12.227118 -31.183435
v -107.474197 12.554090 -31.183435
v -107.232437 12.554104 -31.183435
v -110.139565 12.553923 -31.183435
v -109.897820 12.553939 -31.183435
v -107.591438 12.880390 -31.183435
v -107.346123 12.880426 -31.183435
v -110.024155 12.880043 -31.183435
v -109.778831 12.880077 -31.183435
v -107.555244 13.299383 -31.183435
v -107.757561 13.205884 -31.183435
v -109.613762 13.206187 -31.183435
v -109.816475 13.299553 -31.183435
v -108.396378 13.467482 -31.183435
v -108.389549 13.647672 -31.183435
v -108.981247 13.647898 -31.183435
v -108.974548 13.467703 -31.183435
v -107.321404 10.594760 -29.383242
v -107.089836 10.594760 -29.383242
v -110.281021 10.594760 -29.383242
v -110.049454 10.594760 -29.383242
v -107.089836 10.594760 -30.041998
v -107.321404 10.594760 -30.041998
v -110.049454 10.594760 -30.041998
v -110.281021 10.594760 -30.041998
v -109.165260 -0.051941 -29.264923
v -109.160942 -0.011487 -29.229946
v -109.202011 -0.011268 -29.271290
v -109.163956 -0.040138 -29.237648
v -109.187080 -0.034797 -29.243914
v -109.189941 -0.011377 -29.242151
v -109.192993 -0.039983 -29.266884
v -109.066650 0.917350 -29.365551
v -109.062752 0.957804 -29.412340
v -109.107765 0.917130 -29.406830
v -109.063843 0.946001 -29.381618
v -109.088051 0.940660 -29.386324
v -109.092918 0.945846 -29.410809
v -109.095673 0.917240 -29.377724
v -109.165260 -0.051941 -30.282724
v -109.202011 -0.011268 -30.276356
v -109.160942 -0.011487 -30.317699
v -109.192993 -0.039983 -30.280764
v -109.187080 -0.034797 -30.303734
v -109.189941 -0.011377 -30.305496
v -109.163956 -0.040138 -30.309998
v -109.062752 0.957804 -30.135307
v -109.066650 0.917350 -30.182095
v -109.107765 0.917130 -30.140816
v -109.063843 0.946001 -30.166027
v -109.088051 0.940660 -30.161322
v -109.095673 0.917240 -30.169922
v -109.092918 0.945846 -30.136837
v -108.237274 -0.051941 -29.264923
v -108.200523 -0.011268 -29.271290
v -108.241592 -0.011487 -29.229946
v -108.209541 -0.039983 -29.266884
v -108.215454 -0.034797 -29.243914
v -108.212593 -0.011377 -29.242151
v -108.238579 -0.040138 -29.237648
v -108.339783 0.957804 -29.412340
v -108.335884 0.917350 -29.365551
v -108.294769 0.917130 -29.406830
v -108.338692 0.946001 -29.381618
v -108.314484 0.940660 -29.386324
v -108.306862 0.917240 -29.377724
v -108.309616 0.945846 -29.410809
v -108.237274 -0.051941 -30.282724
v -108.241592 -0.011487 -30.317699
v -108.200523 -0.011268 -30.276356
v -108.238579 -0.040138 -30.309998
v -108.215454 -0.034797 -30.303734
v -108.212593 -0.011377 -30.305496
v -108.209541 -0.039983 -30.280764
v -108.339783 0.957804 -30.135307
v -108.294769 0.917130 -30.140816
v -108.335884 0.917350 -30.182095
v -108.309616 0.945846 -30.136837
v -108.314484 0.940660 -30.161322
v -108.306862 0.917240 -30.169922
v -108.338692 0.946001 -30.166027
vt 0.800000 0.857143
vt 1.000000 1.000000
vt 1.000000 0.857143
vt 0.800000 0.000000
vt 0.800000 0.142857
vt 1.000000 0.142857
vt 1.000000 0.000000
vt 0.800000 0.285714
vt 1.000000 0.285714
vt 0.800000 0.428572
vt 1.000000 0.428571
vt 0.800000 0.571429
vt 1.000000 0.571429
vt 0.800000 0.714286
vt 1.000000 0.714286
vt 0.800000 0.857143
vt 1.000000 0.857143
vt 0.800000 1.000000
vt 0.800000 0.000000
vt 1.000000 0.000000
vt 1.000000 0.142857
vt 0.800000 0.142857
vt 1.000000 0.285714
vt 0.800000 0.285714
vt 1.000000 0.428571
vt 0.800000 0.428571
vt 1.000000 0.571429
vt 0.800000 0.571429
vt 1.000000 0.714286
vt 0.800000 0.714286
vt 0.000000 0.857143
vt 0.000000 0.714286
vt 0.000000 0.714286
vt 0.000000 0.857143
vt 0.000000 0.571429
vt 0.000000 0.571429
vt 0.000000 0.428571
vt 0.000000 0.428571
vt 0.000000 0.142857
vt 0.000000 0.000000
vt 0.000000 0.000000
vt 0.000000 0.142857
vt 0.000000 0.285714
vt 0.000000 0.285714
vt 0.000000 1.000000
vt 0.200000 0.000000
vt 0.200000 0.000000
vt 0.400000 0.000000
vt 0.400000 0.000000
vt 0.600000 0.000000
vt 0.600000 0.000000
vt 0.200000 0.714286
vt 0.200000 0.857143
vt 0.400000 0.714286
vt 0.400000 0.857143
vt 0.600000 0.714286
vt 0.600000 0.857143
vt 0.200000 0.571429
vt 0.400000 0.571429
vt 0.600000 0.571429
vt 0.200000 0.428571
vt 0.400000 0.428571
vt 0.600000 0.428572
vt 0.200000 0.285714
vt 0.400000 0.285714
vt 0.600000 0.285714
vt 0.200000 0.142857
vt 0.400000 0.142857
vt 0.600000 0.142857
vt 0.200000 1.000000
vt 0.600000 1.000000
vt 0.200000 0.857143
vt 0.200000 0.714286
vt 0.400000 0.857143
vt 0.400000 0.714286
vt 0.600000 0.857143
vt 0.600000 0.714286
vt 0.200000 0.571429
vt 0.400000 0.571429
vt 0.600000 0.571429
vt 0.200000 0.428571
vt 0.400000 0.428571
vt 0.600000 0.428571
vt 0.200000 0.285714
vt 0.400000 0.285714
vt 0.600000 0.285714
vt 0.200000 0.142857
vt 0.400000 0.142857
vt 0.600000 0.142857
vt 0.400000 1.000000
vt 0.031250 0.500000
vt 0.031250 0.981708
vt 0.000000 0.981708
vt 0.000000 0.500000
vt 0.937500 1.000000
vt 0.968750 1.000000
vt 0.968750 1.000000
vt 0.937500 1.000000
vt 0.906250 1.000000
vt 0.906250 1.000000
vt 0.875000 1.000000
vt 0.875000 1.000000
vt 0.843750 1.000000
vt 0.843750 1.000000
vt 0.812500 1.000000
vt 0.843750 1.000000
vt 0.812500 1.000000
vt 0.781250 1.000000
vt 0.781250 1.000000
vt 0.750000 1.000000
vt 0.750000 1.000000
vt 0.718750 1.000000
vt 0.718750 1.000000
vt 0.687500 1.000000
vt 0.687500 1.000000
vt 0.656250 1.000000
vt 0.656250 1.000000
vt 0.625000 1.000000
vt 0.625000 1.000000
vt 0.593750 1.000000
vt 0.593750 1.000000
vt 0.562500 1.000000
vt 0.562500 1.000000
vt 0.531250 1.000000
vt 0.531250 1.000000
vt 0.500000 1.000000
vt 0.500000 1.000000
vt 0.468750 1.000000
vt 0.468750 1.000000
vt 0.437500 1.000000
vt 0.468750 1.000000
vt 0.437500 1.000000
vt 0.406250 1.000000
vt 0.406250 1.000000
vt 0.375000 1.000000
vt 0.375000 1.000000
vt 0.343750 1.000000
vt 0.343750 1.000000
vt 0.312500 1.000000
vt 0.312500 1.000000
vt 0.281250 1.000000
vt 0.281250 1.000000
vt 0.250000 1.000000
vt 0.250000 1.000000
vt 0.218750 1.000000
vt 0.218750 1.000000
vt 0.187500 1.000000
vt 0.187500 1.000000
vt 0.156250 1.000000
vt 0.156250 1.000000
vt 0.125000 1.000000
vt 0.156250 1.000000
vt 0.125000 1.000000
vt 0.093750 1.000000
vt 0.093750 1.000000
vt 0.062500 1.000000
vt 0.062500 1.000000
vt 0.906250 1.000000
vt 0.937500 1.000000
vt 0.937500 1.000000
vt 0.906250 1.000000
vt 0.031250 1.000000
vt 0.031250 1.000000
vt 0.000000 1.000000
vt 0.000000 1.000000
vt 0.750000 0.490000
vt 0.796822 0.485388
vt 0.841844 0.471731
vt 0.883337 0.449553
vt 0.919706 0.419706
vt 0.949553 0.383337
vt 0.971731 0.341844
vt 0.985388 0.296822
vt 0.990000 0.250000
vt 0.985388 0.203178
vt 0.971731 0.158156
vt 0.949553 0.116663
vt 0.919706 0.080294
vt 0.883337 0.050447
vt 0.841844 0.028269
vt 0.796822 0.014612
vt 0.750000 0.010000
vt 0.703178 0.014612
vt 0.658156 0.028269
vt 0.616663 0.050447
vt 0.580294 0.080294
vt 0.550447 0.116663
vt 0.528269 0.158156
vt 0.514612 0.203178
vt 0.510000 0.250000
vt 0.514612 0.296822
vt 0.528269 0.341844
vt 0.550447 0.383337
vt 0.580294 0.419706
vt 0.616663 0.449553
vt 0.658156 0.471731
vt 0.703178 0.485388
vt 0.296822 0.485388
vt 0.250000 0.490000
vt 0.203178 0.485388
vt 0.158156 0.471731
vt 0.116663 0.449553
vt 0.080294 0.419706
vt 0.050447 0.383337
vt 0.028269 0.341844
vt 0.014612 0.296822
vt 0.010000 0.250000
vt 0.014612 0.203178
vt 0.028269 0.158156
vt 0.050447 0.116663
vt 0.080294 0.080294
vt 0.116663 0.050447
vt 0.158156 0.028269
vt 0.203178 0.014612
vt 0.250000 0.010000
vt 0.296822 0.014612
vt 0.341844 0.028269
vt 0.383337 0.050447
vt 0.419706 0.080294
vt 0.449553 0.116663
vt 0.471731 0.158156
vt 0.485388 0.203178
vt 0.490000 0.250000
vt 0.485388 0.296822
vt 0.471731 0.341844
vt 0.449553 0.383337
vt 0.419706 0.419706
vt 0.383337 0.449553
vt 0.341844 0.471731
vt 0.625000 1.000000
vt 0.656250 1.000000
vt 0.656250 1.000000
vt 0.625000 1.000000
vt 0.343750 1.000000
vt 0.375000 1.000000
vt 0.375000 1.000000
vt 0.343750 1.000000
vt 0.062500 1.000000
vt 0.093750 1.000000
vt 0.093750 1.000000
vt 0.062500 1.000000
vt 0.750000 1.000000
vt 0.781250 1.000000
vt 0.781250 1.000000
vt 0.750000 1.000000
vt 0.468750 1.000000
vt 0.500000 1.000000
vt 0.500000 1.000000
vt 0.468750 1.000000
vt 0.187500 1.000000
vt 0.218750 1.000000
vt 0.218750 1.000000
vt 0.187500 1.000000
vt 0.906250 1.000000
vt 0.937500 1.000000
vt 0.937500 1.000000
vt 0.906250 1.000000
vt 0.625000 1.000000
vt 0.656250 1.000000
vt 0.656250 1.000000
vt 0.625000 1.000000
vt 0.343750 1.000000
vt 0.375000 1.000000
vt 0.375000 1.000000
vt 0.343750 1.000000
vt 0.062500 1.000000
vt 0.093750 1.000000
vt 0.093750 1.000000
vt 0.062500 1.000000
vt 0.750000 1.000000
vt 0.781250 1.000000
vt 0.781250 1.000000
vt 0.750000 1.000000
vt 0.468750 1.000000
vt 0.500000 1.000000
vt 0.500000 1.000000
vt 0.468750 1.000000
vt 0.187500 1.000000
vt 0.218750 1.000000
vt 0.218750 1.000000
vt 0.187500 1.000000
vt 0.875000 1.000000
vt 0.875000 1.000000
vt 0.593750 1.000000
vt 0.593750 1.000000
vt 0.312500 1.000000
vt 0.312500 1.000000
vt 0.031250 1.000000
vt 0.031250 1.000000
vt 0.718750 1.000000
vt 0.718750 1.000000
vt 0.437500 1.000000
vt 0.437500 1.000000
vt 0.156250 1.000000
vt 0.156250 1.000000
vt 0.843750 1.000000
vt 0.843750 1.000000
vt 0.562500 1.000000
vt 0.562500 1.000000
vt 0.281250 1.000000
vt 0.281250 1.000000
vt 0.968750 1.000000
vt 0.968750 1.000000
vt 0.000000 1.000000
vt 0.000000 1.000000
vt 0.687500 1.000000
vt 0.687500 1.000000
vt 0.406250 1.000000
vt 0.406250 1.000000
vt 0.125000 1.000000
vt 0.125000 1.000000
vt 0.812500 1.000000
vt 0.812500 1.000000
vt 0.531250 1.000000
vt 0.531250 1.000000
vt 0.250000 1.000000
vt 0.250000 1.000000
vt 0.218750 1.000000
vt 0.250000 1.000000
vt 0.250000 1.000000
vt 0.218750 1.000000
vt 0.218750 1.000000
vt 0.250000 1.000000
vt 0.250000 1.000000
vt 0.218750 1.000000
vt 0.218750 1.000000
vt 0.250000 1.000000
vt 0.250000 1.000000
vt 0.218750 1.000000
vt 0.218750 1.000000
vt 0.250000 1.000000
vt 0.250000 1.000000
vt 0.218750 1.000000
vt 0.218750 1.000000
vt 0.250000 1.000000
vt 0.250000 1.000000
vt 0.218750 1.000000
vt 0.218750 1.000000
vt 0.250000 1.000000
vt 0.250000 1.000000
vt 0.218750 1.000000
vt 0.218750 1.000000
vt 0.250000 1.000000
vt 0.250000 1.000000
vt 0.218750 1.000000
vt 0.218750 1.000000
vt 0.250000 1.000000
vt 0.250000 1.000000
vt 0.218750 1.000000
vt 0.218750 1.000000
vt 0.250000 1.000000
vt 0.250000 1.000000
vt 0.218750 1.000000
vt 0.218750 1.000000
vt 0.250000 1.000000
vt 0.250000 1.000000
vt 0.218750 1.000000
vt 0.250000 1.000000
vt 0.250000 1.000000
vt 0.281250 1.000000
vt 0.281250 1.000000
vt 0.500000 1.000000
vt 0.531250 1.000000
vt 0.531250 1.000000
vt 0.500000 1.000000
vt 0.500000 1.000000
vt 0.531250 1.000000
vt 0.531250 1.000000
vt 0.500000 1.000000
vt 0.500000 1.000000
vt 0.531250 1.000000
vt 0.531250 1.000000
vt 0.500000 1.000000
vt 0.500000 1.000000
vt 0.531250 1.000000
vt 0.531250 1.000000
vt 0.500000 1.000000
vt 0.500000 1.000000
vt 0.531250 1.000000
vt 0.531250 1.000000
vt 0.500000 1.000000
vt 0.500000 1.000000
vt 0.531250 1.000000
vt 0.531250 1.000000
vt 0.500000 1.000000
vt 0.500000 1.000000
vt 0.531250 1.000000
vt 0.531250 1.000000
vt 0.500000 1.000000
vt 0.500000 1.000000
vt 0.531250 1.000000
vt 0.531250 1.000000
vt 0.500000 1.000000
vt 0.500000 1.000000
vt 0.531250 1.000000
vt 0.531250 1.000000
vt 0.500000 1.000000
vt 0.500000 1.000000
vt 0.531250 1.000000
vt 0.531250 1.000000
vt 0.500000 1.000000
vt 0.531250 1.000000
vt 0.531250 1.000000
vt 0.562500 1.000000
vt 0.562500 1.000000
vt 0.781250 1.000000
vt 0.812500 1.000000
vt 0.812500 1.000000
vt 0.781250 1.000000
vt 0.781250 1.000000
vt 0.812500 1.000000
vt 0.812500 1.000000
vt 0.781250 1.000000
vt 0.781250 1.000000
vt 0.812500 1.000000
vt 0.812500 1.000000
vt 0.781250 1.000000
vt 0.781250 1.000000
vt 0.812500 1.000000
vt 0.812500 1.000000
vt 0.781250 1.000000
vt 0.781250 1.000000
vt 0.812500 1.000000
vt 0.812500 1.000000
vt 0.781250 1.000000
vt 0.781250 1.000000
vt 0.812500 1.000000
vt 0.812500 1.000000
vt 0.781250 1.000000
vt 0.781250 1.000000
vt 0.812500 1.000000
vt 0.812500 1.000000
vt 0.781250 1.000000
vt 0.781250 1.000000
vt 0.812500 1.000000
vt 0.812500 1.000000
vt 0.781250 1.000000
vt 0.781250 1.000000
vt 0.812500 1.000000
vt 0.812500 1.000000
vt 0.781250 1.000000
vt 0.781250 1.000000
vt 0.812500 1.000000
vt 0.812500 1.000000
vt 0.781250 1.000000
vt 0.812500 1.000000
vt 0.812500 1.000000
vt 0.843750 1.000000
vt 0.843750 1.000000
vt 0.093750 1.000000
vt 0.125000 1.000000
vt 0.125000 1.000000
vt 0.093750 1.000000
vt 0.093750 1.000000
vt 0.125000 1.000000
vt 0.125000 1.000000
vt 0.093750 1.000000
vt 0.093750 1.000000
vt 0.125000 1.000000
vt 0.125000 1.000000
vt 0.093750 1.000000
vt 0.093750 1.000000
vt 0.125000 1.000000
vt 0.125000 1.000000
vt 0.093750 1.000000
vt 0.093750 1.000000
vt 0.125000 1.000000
vt 0.125000 1.000000
vt 0.093750 1.000000
vt 0.093750 1.000000
vt 0.125000 1.000000
vt 0.125000 1.000000
vt 0.093750 1.000000
vt 0.093750 1.000000
vt 0.125000 1.000000
vt 0.125000 1.000000
vt 0.093750 1.000000
vt 0.093750 1.000000
vt 0.125000 1.000000
vt 0.125000 1.000000
vt 0.093750 1.000000
vt 0.093750 1.000000
vt 0.125000 1.000000
vt 0.125000 1.000000
vt 0.093750 1.000000
vt 0.093750 1.000000
vt 0.125000 1.000000
vt 0.125000 1.000000
vt 0.093750 1.000000
vt 0.125000 1.000000
vt 0.125000 1.000000
vt 0.156250 1.000000
vt 0.156250 1.000000
vt 0.375000 1.000000
vt 0.406250 1.000000
vt 0.406250 1.000000
vt 0.375000 1.000000
vt 0.375000 1.000000
vt 0.406250 1.000000
vt 0.406250 1.000000
vt 0.375000 1.000000
vt 0.375000 1.000000
vt 0.406250 1.000000
vt 0.406250 1.000000
vt 0.375000 1.000000
vt 0.375000 1.000000
vt 0.406250 1.000000
vt 0.406250 1.000000
vt 0.375000 1.000000
vt 0.375000 1.000000
vt 0.406250 1.000000
vt 0.406250 1.000000
vt 0.375000 1.000000
vt 0.375000 1.000000
vt 0.406250 1.000000
vt 0.406250 1.000000
vt 0.375000 1.000000
vt 0.375000 1.000000
vt 0.406250 1.000000
vt 0.406250 1.000000
vt 0.375000 1.000000
vt 0.375000 1.000000
vt 0.406250 1.000000
vt 0.406250 1.000000
vt 0.375000 1.000000
vt 0.375000 1.000000
vt 0.406250 1.000000
vt 0.406250 1.000000
vt 0.375000 1.000000
vt 0.375000 1.000000
vt 0.406250 1.000000
vt 0.406250 1.000000
vt 0.375000 1.000000
vt 0.406250 1.000000
vt 0.406250 1.000000
vt 0.437500 1.000000
vt 0.437500 1.000000
vt 0.656250 1.000000
vt 0.687500 1.000000
vt 0.687500 1.000000
vt 0.656250 1.000000
vt 0.656250 1.000000
vt 0.687500 1.000000
vt 0.687500 1.000000
vt 0.656250 1.000000
vt 0.656250 1.000000
vt 0.687500 1.000000
vt 0.687500 1.000000
vt 0.656250 1.000000
vt 0.656250 1.000000
vt 0.687500 1.000000
vt 0.687500 1.000000
vt 0.656250 1.000000
vt 0.656250 1.000000
vt 0.687500 1.000000
vt 0.687500 1.000000
vt 0.656250 1.000000
vt 0.656250 1.000000
vt 0.687500 1.000000
vt 0.687500 1.000000
vt 0.656250 1.000000
vt 0.656250 1.000000
vt 0.687500 1.000000
vt 0.687500 1.000000
vt 0.656250 1.000000
vt 0.656250 1.000000
vt 0.687500 1.000000
vt 0.687500 1.000000
vt 0.656250 1.000000
vt 0.656250 1.000000
vt 0.687500 1.000000
vt 0.687500 1.000000
vt 0.656250 1.000000
vt 0.656250 1.000000
vt 0.687500 1.000000
vt 0.687500 1.000000
vt 0.656250 1.000000
vt 0.687500 1.000000
vt 0.687500 1.000000
vt 0.718750 1.000000
vt 0.718750 1.000000
vt 0.968750 0.500000
vt 0.968750 0.981708
vt 0.937500 0.981708
vt 0.937500 0.500000
vt 0.000000 1.000000
vt 0.031250 1.000000
vt 0.031250 1.000000
vt 0.000000 1.000000
vt 0.000000 1.000000
vt 0.031250 1.000000
vt 0.031250 1.000000
vt 0.000000 1.000000
vt 0.000000 1.000000
vt 0.031250 1.000000
vt 0.031250 1.000000
vt 0.000000 1.000000
vt 0.000000 1.000000
vt 0.031250 1.000000
vt 0.031250 1.000000
vt 0.000000 1.000000
vt 0.000000 1.000000
vt 0.031250 1.000000
vt 0.031250 1.000000
vt 0.000000 1.000000
vt 0.000000 1.000000
vt 0.031250 1.000000
vt 0.031250 1.000000
vt 0.000000 1.000000
vt 0.000000 1.000000
vt 0.031250 1.000000
vt 0.031250 1.000000
vt 0.000000 1.000000
vt 0.000000 1.000000
vt 0.031250 1.000000
vt 0.031250 1.000000
vt 0.000000 1.000000
vt 0.000000 1.000000
vt 0.031250 1.000000
vt 0.031250 1.000000
vt 0.000000 1.000000
vt 0.000000 1.000000
vt 0.031250 1.000000
vt 0.031250 1.000000
vt 0.000000 1.000000
vt 0.937500 1.000000
vt 0.968750 1.000000
vt 0.968750 1.000000
vt 0.937500 1.000000
vt 0.937500 1.000000
vt 0.968750 1.000000
vt 0.968750 1.000000
vt 0.937500 1.000000
vt 0.937500 1.000000
vt 0.968750 1.000000
vt 0.968750 1.000000
vt 0.937500 1.000000
vt 0.937500 1.000000
vt 0.968750 1.000000
vt 0.968750 1.000000
vt 0.937500 1.000000
vt 0.937500 1.000000
vt 0.968750 1.000000
vt 0.968750 1.000000
vt 0.937500 1.000000
vt 0.937500 1.000000
vt 0.968750 1.000000
vt 0.968750 1.000000
vt 0.937500 1.000000
vt 0.937500 1.000000
vt 0.968750 1.000000
vt 0.968750 1.000000
vt 0.937500 1.000000
vt 0.937500 1.000000
vt 0.968750 1.000000
vt 0.968750 1.000000
vt 0.937500 1.000000
vt 0.937500 1.000000
vt 0.968750 1.000000
vt 0.968750 1.000000
vt 0.937500 1.000000
vt 0.937500 1.000000
vt 0.968750 1.000000
vt 0.968750 1.000000
vt 0.937500 1.000000
vt 0.968750 1.000000
vt 0.968750 1.000000
vt 1.000000 1.000000
vt 1.000000 1.000000
vt 0.000000 1.000000
vt 0.031250 1.000000
vt 0.031250 1.000000
vt 0.000000 1.000000
vt 0.281250 0.500000
vt 0.281250 0.981708
vt 0.250000 0.981708
vt 0.250000 0.500000
vt 0.281250 1.000000
vt 0.312500 1.000000
vt 0.312500 1.000000
vt 0.281250 1.000000
vt 0.281250 1.000000
vt 0.312500 1.000000
vt 0.312500 1.000000
vt 0.281250 1.000000
vt 0.281250 1.000000
vt 0.312500 1.000000
vt 0.312500 1.000000
vt 0.281250 1.000000
vt 0.281250 1.000000
vt 0.312500 1.000000
vt 0.312500 1.000000
vt 0.281250 1.000000
vt 0.281250 1.000000
vt 0.312500 1.000000
vt 0.312500 1.000000
vt 0.281250 1.000000
vt 0.281250 1.000000
vt 0.312500 1.000000
vt 0.312500 1.000000
vt 0.281250 1.000000
vt 0.281250 1.000000
vt 0.312500 1.000000
vt 0.312500 1.000000
vt 0.281250 1.000000
vt 0.281250 1.000000
vt 0.312500 1.000000
vt 0.312500 1.000000
vt 0.281250 1.000000
vt 0.281250 1.000000
vt 0.312500 1.000000
vt 0.312500 1.000000
vt 0.281250 1.000000
vt 0.281250 1.000000
vt 0.312500 1.000000
vt 0.312500 1.000000
vt 0.281250 1.000000
vt 0.312500 1.000000
vt 0.312500 1.000000
vt 0.562500 0.500000
vt 0.562500 0.981708
vt 0.531250 0.981708
vt 0.531250 0.500000
vt 0.562500 1.000000
vt 0.593750 1.000000
vt 0.593750 1.000000
vt 0.562500 1.000000
vt 0.562500 1.000000
vt 0.593750 1.000000
vt 0.593750 1.000000
vt 0.562500 1.000000
vt 0.562500 1.000000
vt 0.593750 1.000000
vt 0.593750 1.000000
vt 0.562500 1.000000
vt 0.562500 1.000000
vt 0.593750 1.000000
vt 0.593750 1.000000
vt 0.562500 1.000000
vt 0.562500 1.000000
vt 0.593750 1.000000
vt 0.593750 1.000000
vt 0.562500 1.000000
vt 0.562500 1.000000
vt 0.593750 1.000000
vt 0.593750 1.000000
vt 0.562500 1.000000
vt 0.562500 1.000000
vt 0.593750 1.000000
vt 0.593750 1.000000
vt 0.562500 1.000000
vt 0.562500 1.000000
vt 0.593750 1.000000
vt 0.593750 1.000000
vt 0.562500 1.000000
vt 0.562500 1.000000
vt 0.593750 1.000000
vt 0.593750 1.000000
vt 0.562500 1.000000
vt 0.562500 1.000000
vt 0.593750 1.000000
vt 0.593750 1.000000
vt 0.562500 1.000000
vt 0.593750 1.000000
vt 0.593750 1.000000
vt 0.843750 0.500000
vt 0.843750 0.981708
vt 0.812500 0.981708
vt 0.812500 0.500000
vt 0.843750 1.000000
vt 0.875000 1.000000
vt 0.875000 1.000000
vt 0.843750 1.000000
vt 0.843750 1.000000
vt 0.875000 1.000000
vt 0.875000 1.000000
vt 0.843750 1.000000
vt 0.843750 1.000000
vt 0.875000 1.000000
vt 0.875000 1.000000
vt 0.843750 1.000000
vt 0.843750 1.000000
vt 0.875000 1.000000
vt 0.875000 1.000000
vt 0.843750 1.000000
vt 0.843750 1.000000
vt 0.875000 1.000000
vt 0.875000 1.000000
vt 0.843750 1.000000
vt 0.843750 1.000000
vt 0.875000 1.000000
vt 0.875000 1.000000
vt 0.843750 1.000000
vt 0.843750 1.000000
vt 0.875000 1.000000
vt 0.875000 1.000000
vt 0.843750 1.000000
vt 0.843750 1.000000
vt 0.875000 1.000000
vt 0.875000 1.000000
vt 0.843750 1.000000
vt 0.843750 1.000000
vt 0.875000 1.000000
vt 0.875000 1.000000
vt 0.843750 1.000000
vt 0.843750 1.000000
vt 0.875000 1.000000
vt 0.875000 1.000000
vt 0.843750 1.000000
vt 0.875000 1.000000
vt 0.875000 1.000000
vt 0.156250 0.500000
vt 0.156250 0.981708
vt 0.125000 0.981708
vt 0.125000 0.500000
vt 0.156250 1.000000
vt 0.187500 1.000000
vt 0.187500 1.000000
vt 0.156250 1.000000
vt 0.156250 1.000000
vt 0.187500 1.000000
vt 0.187500 1.000000
vt 0.156250 1.000000
vt 0.156250 1.000000
vt 0.187500 1.000000
vt 0.187500 1.000000
vt 0.156250 1.000000
vt 0.156250 1.000000
vt 0.187500 1.000000
vt 0.187500 1.000000
vt 0.156250 1.000000
vt 0.156250 1.000000
vt 0.187500 1.000000
vt 0.187500 1.000000
vt 0.156250 1.000000
vt 0.156250 1.000000
vt 0.187500 1.000000
vt 0.187500 1.000000
vt 0.156250 1.000000
vt 0.156250 1.000000
vt 0.187500 1.000000
vt 0.187500 1.000000
vt 0.156250 1.000000
vt 0.156250 1.000000
vt 0.187500 1.000000
vt 0.187500 1.000000
vt 0.156250 1.000000
vt 0.156250 1.000000
vt 0.187500 1.000000
vt 0.187500 1.000000
vt 0.156250 1.000000
vt 0.156250 1.000000
vt 0.187500 1.000000
vt 0.187500 1.000000
vt 0.156250 1.000000
vt 0.437500 0.500000
vt 0.437500 0.981708
vt 0.406250 0.981708
vt 0.406250 0.500000
vt 0.437500 1.000000
vt 0.468750 1.000000
vt 0.468750 1.000000
vt 0.437500 1.000000
vt 0.437500 1.000000
vt 0.468750 1.000000
vt 0.468750 1.000000
vt 0.437500 1.000000
vt 0.437500 1.000000
vt 0.468750 1.000000
vt 0.468750 1.000000
vt 0.437500 1.000000
vt 0.437500 1.000000
vt 0.468750 1.000000
vt 0.468750 1.000000
vt 0.437500 1.000000
vt 0.437500 1.000000
vt 0.468750 1.000000
vt 0.468750 1.000000
vt 0.437500 1.000000
vt 0.437500 1.000000
vt 0.468750 1.000000
vt 0.468750 1.000000
vt 0.437500 1.000000
vt 0.437500 1.000000
vt 0.468750 1.000000
vt 0.468750 1.000000
vt 0.437500 1.000000
vt 0.437500 1.000000
vt 0.468750 1.000000
vt 0.468750 1.000000
vt 0.437500 1.000000
vt 0.437500 1.000000
vt 0.468750 1.000000
vt 0.468750 1.000000
vt 0.437500 1.000000
vt 0.437500 1.000000
vt 0.468750 1.000000
vt 0.468750 1.000000
vt 0.437500 1.000000
vt 0.718750 0.500000
vt 0.718750 0.981708
vt 0.687500 0.981708
vt 0.687500 0.500000
vt 0.718750 1.000000
vt 0.750000 1.000000
vt 0.750000 1.000000
vt 0.718750 1.000000
vt 0.718750 1.000000
vt 0.750000 1.000000
vt 0.750000 1.000000
vt 0.718750 1.000000
vt 0.718750 1.000000
vt 0.750000 1.000000
vt 0.750000 1.000000
vt 0.718750 1.000000
vt 0.718750 1.000000
vt 0.750000 1.000000
vt 0.750000 1.000000
vt 0.718750 1.000000
vt 0.718750 1.000000
vt 0.750000 1.000000
vt 0.750000 1.000000
vt 0.718750 1.000000
vt 0.718750 1.000000
vt 0.750000 1.000000
vt 0.750000 1.000000
vt 0.718750 1.000000
vt 0.718750 1.000000
vt 0.750000 1.000000
vt 0.750000 1.000000
vt 0.718750 1.000000
vt 0.718750 1.000000
vt 0.750000 1.000000
vt 0.750000 1.000000
vt 0.718750 1.000000
vt 0.718750 1.000000
vt 0.750000 1.000000
vt 0.750000 1.000000
vt 0.718750 1.000000
vt 0.718750 1.000000
vt 0.750000 1.000000
vt 0.750000 1.000000
vt 0.718750 1.000000
vt 0.062500 1.000000
vt 0.062500 1.000000
vt 0.062500 1.000000
vt 0.062500 1.000000
vt 0.062500 1.000000
vt 0.062500 1.000000
vt 0.062500 1.000000
vt 0.062500 1.000000
vt 0.062500 1.000000
vt 0.062500 1.000000
vt 0.062500 1.000000
vt 0.062500 1.000000
vt 0.062500 1.000000
vt 0.062500 1.000000
vt 0.062500 1.000000
vt 0.062500 1.000000
vt 0.062500 1.000000
vt 0.062500 1.000000
vt 0.062500 1.000000
vt 0.062500 1.000000
vt 0.312500 0.500000
vt 0.312500 0.981708
vt 0.343750 1.000000
vt 0.343750 1.000000
vt 0.343750 1.000000
vt 0.343750 1.000000
vt 0.343750 1.000000
vt 0.343750 1.000000
vt 0.343750 1.000000
vt 0.343750 1.000000
vt 0.343750 1.000000
vt 0.343750 1.000000
vt 0.343750 1.000000
vt 0.343750 1.000000
vt 0.343750 1.000000
vt 0.343750 1.000000
vt 0.343750 1.000000
vt 0.343750 1.000000
vt 0.343750 1.000000
vt 0.343750 1.000000
vt 0.343750 1.000000
vt 0.343750 1.000000
vt 0.593750 0.500000
vt 0.593750 0.981708
vt 0.625000 1.000000
vt 0.625000 1.000000
vt 0.625000 1.000000
vt 0.625000 1.000000
vt 0.625000 1.000000
vt 0.625000 1.000000
vt 0.625000 1.000000
vt 0.625000 1.000000
vt 0.625000 1.000000
vt 0.625000 1.000000
vt 0.625000 1.000000
vt 0.625000 1.000000
vt 0.625000 1.000000
vt 0.625000 1.000000
vt 0.625000 1.000000
vt 0.625000 1.000000
vt 0.625000 1.000000
vt 0.625000 1.000000
vt 0.625000 1.000000
vt 0.625000 1.000000
vt 0.875000 0.500000
vt 0.875000 0.981708
vt 0.906250 1.000000
vt 0.906250 1.000000
vt 0.906250 1.000000
vt 0.906250 1.000000
vt 0.906250 1.000000
vt 0.906250 1.000000
vt 0.906250 1.000000
vt 0.906250 1.000000
vt 0.906250 1.000000
vt 0.906250 1.000000
vt 0.906250 1.000000
vt 0.906250 1.000000
vt 0.906250 1.000000
vt 0.906250 1.000000
vt 0.906250 1.000000
vt 0.906250 1.000000
vt 0.906250 1.000000
vt 0.906250 1.000000
vt 0.906250 1.000000
vt 0.906250 1.000000
vt 0.187500 0.500000
vt 0.187500 0.981708
vt 0.218750 1.000000
vt 0.218750 1.000000
vt 0.218750 0.500000
vt 0.218750 0.981708
vt 0.468750 0.500000
vt 0.468750 0.981708
vt 0.468750 1.000000
vt 0.468750 1.000000
vt 0.500000 0.500000
vt 0.500000 0.981708
vt 0.750000 0.500000
vt 0.750000 0.981708
vt 0.781250 1.000000
vt 0.781250 0.500000
vt 0.781250 0.981708
vt 0.062500 0.500000
vt 0.062500 0.981708
vt 0.093750 1.000000
vt 0.093750 1.000000
vt 0.093750 1.000000
vt 0.093750 1.000000
vt 0.093750 1.000000
vt 0.093750 0.500000
vt 0.093750 0.981708
vt 0.343750 0.500000
vt 0.343750 0.981708
vt 0.375000 0.500000
vt 0.375000 0.981708
vt 0.625000 0.500000
vt 0.625000 0.981708
vt 0.656250 0.500000
vt 0.656250 0.981708
vt 0.906250 0.500000
vt 0.906250 0.981708
vt 0.843750 1.000000
vt 0.843750 1.000000
vt 0.843750 1.000000
vt 0.843750 1.000000
vt 0.843750 1.000000
vt 0.843750 1.000000
vt 0.843750 1.000000
vt 0.843750 1.000000
vt 0.843750 1.000000
vt 0.843750 1.000000
vt 0.843750 1.000000
vt 0.843750 1.000000
vt 0.843750 1.000000
vt 0.843750 1.000000
vt 0.843750 1.000000
vt 0.843750 1.000000
vt 0.718750 1.000000
vt 0.718750 1.000000
vt 1.000000 0.500000
vt 1.000000 0.981708
vt 1.000000 1.000000
vt 1.000000 1.000000
vt 1.000000 1.000000
vt 1.000000 1.000000
vt 1.000000 1.000000
vt 1.000000 1.000000
vt 1.000000 1.000000
vt 1.000000 1.000000
vt 1.000000 1.000000
vt 1.000000 1.000000
vt 1.000000 1.000000
vt 1.000000 1.000000
vt 1.000000 1.000000
vt 1.000000 1.000000
vt 1.000000 1.000000
vt 1.000000 1.000000
vt 1.000000 1.000000
vt 1.000000 1.000000
vt 1.000000 1.000000
vt 1.000000 1.000000
vt 1.000000 1.000000
vt 1.000000 1.000000
vt 0.250000 1.000000
vt 0.281250 1.000000
vt 0.250000 1.000000
vt 0.281250 1.000000
vt 0.250000 1.000000
vt 0.281250 1.000000
vt 0.250000 1.000000
vt 0.281250 1.000000
vt 0.250000 1.000000
vt 0.281250 1.000000
vt 0.250000 1.000000
vt 0.281250 1.000000
vt 0.250000 1.000000
vt 0.281250 1.000000
vt 0.250000 1.000000
vt 0.281250 1.000000
vt 0.250000 1.000000
vt 0.281250 1.000000
vt 0.250000 1.000000
vt 0.281250 1.000000
vt 0.250000 1.000000
vt 0.281250 1.000000
vt 0.250000 1.000000
vt 0.281250 1.000000
vt 0.531250 1.000000
vt 0.562500 1.000000
vt 0.531250 1.000000
vt 0.562500 1.000000
vt 0.531250 1.000000
vt 0.562500 1.000000
vt 0.531250 1.000000
vt 0.562500 1.000000
vt 0.531250 1.000000
vt 0.562500 1.000000
vt 0.531250 1.000000
vt 0.562500 1.000000
vt 0.531250 1.000000
vt 0.562500 1.000000
vt 0.531250 1.000000
vt 0.562500 1.000000
vt 0.531250 1.000000
vt 0.562500 1.000000
vt 0.531250 1.000000
vt 0.562500 1.000000
vt 0.531250 1.000000
vt 0.562500 1.000000
vt 0.531250 1.000000
vt 0.562500 1.000000
vt 0.812500 1.000000
vt 0.843750 1.000000
vt 0.812500 1.000000
vt 0.843750 1.000000
vt 0.812500 1.000000
vt 0.843750 1.000000
vt 0.812500 1.000000
vt 0.843750 1.000000
vt 0.812500 1.000000
vt 0.843750 1.000000
vt 0.812500 1.000000
vt 0.843750 1.000000
vt 0.812500 1.000000
vt 0.843750 1.000000
vt 0.812500 1.000000
vt 0.843750 1.000000
vt 0.812500 1.000000
vt 0.843750 1.000000
vt 0.812500 1.000000
vt 0.843750 1.000000
vt 0.812500 1.000000
vt 0.843750 1.000000
vt 0.812500 1.000000
vt 0.843750 1.000000
vt 0.125000 1.000000
vt 0.156250 1.000000
vt 0.125000 1.000000
vt 0.156250 1.000000
vt 0.125000 1.000000
vt 0.156250 1.000000
vt 0.125000 1.000000
vt 0.156250 1.000000
vt 0.125000 1.000000
vt 0.156250 1.000000
vt 0.125000 1.000000
vt 0.156250 1.000000
vt 0.125000 1.000000
vt 0.156250 1.000000
vt 0.125000 1.000000
vt 0.156250 1.000000
vt 0.125000 1.000000
vt 0.156250 1.000000
vt 0.125000 1.000000
vt 0.156250 1.000000
vt 0.125000 1.000000
vt 0.156250 1.000000
vt 0.125000 1.000000
vt 0.156250 1.000000
vt 0.406250 1.000000
vt 0.437500 1.000000
vt 0.406250 1.000000
vt 0.437500 1.000000
vt 0.406250 1.000000
vt 0.437500 1.000000
vt 0.406250 1.000000
vt 0.437500 1.000000
vt 0.406250 1.000000
vt 0.437500 1.000000
vt 0.406250 1.000000
vt 0.437500 1.000000
vt 0.406250 1.000000
vt 0.437500 1.000000
vt 0.406250 1.000000
vt 0.437500 1.000000
vt 0.406250 1.000000
vt 0.437500 1.000000
vt 0.406250 1.000000
vt 0.437500 1.000000
vt 0.406250 1.000000
vt 0.437500 1.000000
vt 0.406250 1.000000
vt 0.437500 1.000000
vt 0.687500 1.000000
vt 0.718750 1.000000
vt 0.687500 1.000000
vt 0.718750 1.000000
vt 0.687500 1.000000
vt 0.718750 1.000000
vt 0.687500 1.000000
vt 0.718750 1.000000
vt 0.687500 1.000000
vt 0.718750 1.000000
vt 0.687500 1.000000
vt 0.718750 1.000000
vt 0.687500 1.000000
vt 0.718750 1.000000
vt 0.687500 1.000000
vt 0.718750 1.000000
vt 0.687500 1.000000
vt 0.718750 1.000000
vt 0.687500 1.000000
vt 0.718750 1.000000
vt 0.687500 1.000000
vt 0.718750 1.000000
vt 0.687500 1.000000
vt 0.718750 1.000000
vt 0.000000 1.000000
vt 0.031250 1.000000
vt 0.000000 1.000000
vt 0.031250 1.000000
vt 0.000000 1.000000
vt 0.031250 1.000000
vt 0.000000 1.000000
vt 0.031250 1.000000
vt 0.000000 1.000000
vt 0.031250 1.000000
vt 0.000000 1.000000
vt 0.031250 1.000000
vt 0.000000 1.000000
vt 0.031250 1.000000
vt 0.000000 1.000000
vt 0.031250 1.000000
vt 0.000000 1.000000
vt 0.031250 1.000000
vt 0.000000 1.000000
vt 0.031250 1.000000
vt 0.000000 1.000000
vt 0.031250 1.000000
vt 0.000000 1.000000
vt 0.031250 1.000000
vt 0.968750 1.000000
vt 1.000000 1.000000
vt 1.000000 1.000000
vt 0.968750 1.000000
vt 1.000000 1.000000
vt 0.968750 1.000000
vt 1.000000 1.000000
vt 0.968750 1.000000
vt 1.000000 1.000000
vt 0.968750 1.000000
vt 1.000000 1.000000
vt 0.968750 1.000000
vt 1.000000 1.000000
vt 0.968750 1.000000
vt 1.000000 1.000000
vt 0.968750 1.000000
vt 1.000000 1.000000
vt 0.968750 1.000000
vt 1.000000 1.000000
vt 0.968750 1.000000
vt 1.000000 1.000000
vt 0.968750 1.000000
vt 1.000000 1.000000
vt 0.968750 1.000000
vt 1.000000 1.000000
vt 0.312500 1.000000
vt 0.312500 1.000000
vt 0.312500 1.000000
vt 0.312500 1.000000
vt 0.312500 1.000000
vt 0.312500 1.000000
vt 0.312500 1.000000
vt 0.312500 1.000000
vt 0.312500 1.000000
vt 0.312500 1.000000
vt 0.312500 1.000000
vt 0.312500 1.000000
vt 0.593750 1.000000
vt 0.593750 1.000000
vt 0.593750 1.000000
vt 0.593750 1.000000
vt 0.593750 1.000000
vt 0.593750 1.000000
vt 0.593750 1.000000
vt 0.593750 1.000000
vt 0.593750 1.000000
vt 0.593750 1.000000
vt 0.593750 1.000000
vt 0.593750 1.000000
vt 0.875000 1.000000
vt 0.875000 1.000000
vt 0.875000 1.000000
vt 0.875000 1.000000
vt 0.875000 1.000000
vt 0.875000 1.000000
vt 0.875000 1.000000
vt 0.875000 1.000000
vt 0.875000 1.000000
vt 0.875000 1.000000
vt 0.875000 1.000000
vt 0.875000 1.000000
vt 0.187500 1.000000
vt 0.187500 1.000000
vt 0.187500 1.000000
vt 0.187500 1.000000
vt 0.187500 1.000000
vt 0.187500 1.000000
vt 0.187500 1.000000
vt 0.187500 1.000000
vt 0.187500 1.000000
vt 0.187500 1.000000
vt 0.187500 1.000000
vt 0.187500 1.000000
vt 0.468750 1.000000
vt 0.468750 1.000000
vt 0.468750 1.000000
vt 0.468750 1.000000
vt 0.468750 1.000000
vt 0.468750 1.000000
vt 0.468750 1.000000
vt 0.468750 1.000000
vt 0.468750 1.000000
vt 0.468750 1.000000
vt 0.468750 1.000000
vt 0.468750 1.000000
vt 0.750000 1.000000
vt 0.750000 1.000000
vt 0.750000 1.000000
vt 0.750000 1.000000
vt 0.750000 1.000000
vt 0.750000 1.000000
vt 0.750000 1.000000
vt 0.750000 1.000000
vt 0.750000 1.000000
vt 0.750000 1.000000
vt 0.750000 1.000000
vt 0.750000 1.000000
vt 0.062500 1.000000
vt 0.062500 1.000000
vt 0.062500 1.000000
vt 0.062500 1.000000
vt 0.062500 1.000000
vt 0.062500 1.000000
vt 0.062500 1.000000
vt 0.062500 1.000000
vt 0.062500 1.000000
vt 0.062500 1.000000
vt 0.062500 1.000000
vt 0.062500 1.000000
vt 0.343750 1.000000
vt 0.343750 1.000000
vt 0.343750 1.000000
vt 0.343750 1.000000
vt 0.343750 1.000000
vt 0.343750 1.000000
vt 0.343750 1.000000
vt 0.343750 1.000000
vt 0.343750 1.000000
vt 0.343750 1.000000
vt 0.343750 1.000000
vt 0.343750 1.000000
vt 0.625000 1.000000
vt 0.625000 1.000000
vt 0.625000 1.000000
vt 0.625000 1.000000
vt 0.625000 1.000000
vt 0.625000 1.000000
vt 0.625000 1.000000
vt 0.625000 1.000000
vt 0.625000 1.000000
vt 0.625000 1.000000
vt 0.625000 1.000000
vt 0.625000 1.000000
vt 0.906250 1.000000
vt 0.906250 1.000000
vt 0.906250 1.000000
vt 0.906250 1.000000
vt 0.906250 1.000000
vt 0.906250 1.000000
vt 0.906250 1.000000
vt 0.906250 1.000000
vt 0.906250 1.000000
vt 0.906250 1.000000
vt 0.906250 1.000000
vt 0.906250 1.000000
vt 0.218750 1.000000
vt 0.218750 1.000000
vt 0.218750 1.000000
vt 0.218750 1.000000
vt 0.218750 1.000000
vt 0.218750 1.000000
vt 0.218750 1.000000
vt 0.218750 1.000000
vt 0.218750 1.000000
vt 0.218750 1.000000
vt 0.218750 1.000000
vt 0.218750 1.000000
vt 0.500000 1.000000
vt 0.500000 1.000000
vt 0.500000 1.000000
vt 0.500000 1.000000
vt 0.500000 1.000000
vt 0.500000 1.000000
vt 0.500000 1.000000
vt 0.500000 1.000000
vt 0.500000 1.000000
vt 0.500000 1.000000
vt 0.500000 1.000000
vt 0.500000 1.000000
vt 0.781250 1.000000
vt 0.781250 1.000000
vt 0.781250 1.000000
vt 0.781250 1.000000
vt 0.781250 1.000000
vt 0.781250 1.000000
vt 0.781250 1.000000
vt 0.781250 1.000000
vt 0.781250 1.000000
vt 0.781250 1.000000
vt 0.781250 1.000000
vt 0.781250 1.000000
vt 0.093750 1.000000
vt 0.093750 1.000000
vt 0.093750 1.000000
vt 0.093750 1.000000
vt 0.093750 1.000000
vt 0.093750 1.000000
vt 0.093750 1.000000
vt 0.093750 1.000000
vt 0.093750 1.000000
vt 0.093750 1.000000
vt 0.093750 1.000000
vt 0.093750 1.000000
vt 0.375000 1.000000
vt 0.375000 1.000000
vt 0.375000 1.000000
vt 0.375000 1.000000
vt 0.375000 1.000000
vt 0.375000 1.000000
vt 0.375000 1.000000
vt 0.375000 1.000000
vt 0.375000 1.000000
vt 0.375000 1.000000
vt 0.375000 1.000000
vt 0.375000 1.000000
vt 0.656250 1.000000
vt 0.656250 1.000000
vt 0.656250 1.000000
vt 0.656250 1.000000
vt 0.656250 1.000000
vt 0.656250 1.000000
vt 0.656250 1.000000
vt 0.656250 1.000000
vt 0.656250 1.000000
vt 0.656250 1.000000
vt 0.656250 1.000000
vt 0.656250 1.000000
vt 0.937500 1.000000
vt 0.937500 1.000000
vt 0.937500 1.000000
vt 0.937500 1.000000
vt 0.937500 1.000000
vt 0.937500 1.000000
vt 0.937500 1.000000
vt 0.937500 1.000000
vt 0.937500 1.000000
vt 0.937500 1.000000
vt 0.937500 1.000000
vt 0.937500 1.000000
vt 1.000000 1.000000
vt 0.968750 1.000000
vt 1.000000 1.000000
vt 0.937500 1.000000
vt 0.906250 1.000000
vt 0.875000 1.000000
vt 0.843750 1.000000
vt 0.812500 1.000000
vt 0.781250 1.000000
vt 0.750000 1.000000
vt 0.718750 1.000000
vt 0.687500 1.000000
vt 0.656250 1.000000
vt 0.625000 1.000000
vt 0.593750 1.000000
vt 0.562500 1.000000
vt 0.531250 1.000000
vt 0.500000 1.000000
vt 0.468750 1.000000
vt 0.437500 1.000000
vt 0.406250 1.000000
vt 0.375000 1.000000
vt 0.343750 1.000000
vt 0.312500 1.000000
vt 0.281250 1.000000
vt 0.250000 1.000000
vt 0.218750 1.000000
vt 0.187500 1.000000
vt 0.156250 1.000000
vt 0.125000 1.000000
vt 0.093750 1.000000
vt 0.062500 1.000000
vt 0.031250 1.000000
vt 0.000000 1.000000
vt 0.800000 0.900000
vt 0.800000 1.000000
vt 1.000000 1.000000
vt 1.000000 0.900000
vt 0.823414 0.200000
vt 0.823548 0.300000
vt 1.000000 0.300000
vt 1.000000 0.200000
vt 0.600000 0.400000
vt 0.600000 0.500000
vt 0.773977 0.500000
vt 0.775261 0.400000
vt 0.600000 0.600000
vt 0.600000 0.700000
vt 0.768837 0.700000
vt 0.772177 0.600000
vt 0.600000 0.800000
vt 0.600000 0.879826
vt 0.763124 0.800000
vt 0.600000 0.300000
vt 0.775891 0.300000
vt 0.600000 0.200000
vt 0.776141 0.200000
vt 0.800000 1.000000
vt 1.000000 1.000000
vt 0.800000 0.900000
vt 1.000000 0.900000
vt 1.000000 1.000000
vt 0.800000 1.000000
vt 0.000000 0.200000
vt 0.000000 0.000000
vt 0.000000 0.000000
vt 0.000000 0.200000
vt 0.800000 0.300000
vt 1.000000 0.300000
vt 1.000000 0.400000
vt 0.800000 0.400000
vt 0.800000 0.500000
vt 1.000000 0.500000
vt 1.000000 0.600000
vt 0.800000 0.600000
vt 0.800000 0.700000
vt 1.000000 0.700000
vt 1.000000 0.800000
vt 0.800000 0.800000
vt 0.800000 0.200000
vt 1.000000 0.200000
vt 1.000000 1.000000
vt 0.800000 1.000000
vt 0.000000 0.700000
vt 0.000000 0.600000
vt 0.000000 0.600000
vt 0.000000 0.700000
vt 1.000000 0.600000
vt 1.000000 0.700000
vt 0.200000 1.000000
vt 0.000000 1.000000
vt 0.000000 1.000000
vt 0.200000 1.000000
vt 0.000000 0.500000
vt 0.000000 0.400000
vt 0.000000 0.400000
vt 0.000000 0.500000
vt 0.000000 0.300000
vt 0.000000 0.200000
vt 0.000000 0.200000
vt 0.000000 0.300000
vt 0.000000 0.000000
vt 0.000000 0.000000
vt 0.000000 1.000000
vt 0.000000 1.000000
vt 1.000000 0.000000
vt 1.000000 0.000000
vt 1.000000 0.400000
vt 1.000000 0.500000
vt 0.600000 0.000000
vt 0.776271 0.000000
vt 1.000000 0.800000
vt 0.000000 0.900000
vt 0.000000 0.900000
vt 0.000000 0.800000
vt 0.000000 0.800000
vt 0.600000 0.000000
vt 0.776352 0.000000
vt 0.776271 0.000000
vt 0.600000 0.000000
vt 0.776141 0.200000
vt 0.600000 0.200000
vt 0.200000 0.200000
vt 0.000000 0.200000
vt 0.200000 0.200000
vt 1.000000 0.000000
vt 1.000000 0.200000
vt 1.000000 0.200000
vt 1.000000 0.000000
vt 1.000000 0.000000
vt 1.000000 0.200000
vt 0.200000 0.200000
vt 0.000000 0.200000
vt 0.600000 0.000000
vt 0.776392 0.000000
vt 0.000000 0.000000
vt 0.000000 0.200000
vt 0.200000 0.200000
vt 1.000000 0.200000
vt 1.000000 0.200000
vt 0.000000 0.200000
vt 0.775884 0.200000
vt 0.600000 0.200000
vt 1.000000 0.200000
vt 1.000000 0.200000
vt 1.000000 0.200000
vt 1.000000 0.200000
vt 0.000000 0.200000
vt 0.775253 0.200000
vt 0.600000 0.200000
vt 0.200000 0.200000
vt 0.000000 0.200000
vt 0.000000 0.200000
vt 0.200000 0.200000
vt 0.773980 0.200000
vt 0.600000 0.200000
vt 0.000000 0.200000
vt 0.000000 0.200000
vt 0.000000 0.200000
vt 0.000000 0.200000
vt 1.000000 0.200000
vt 1.000000 0.200000
vt 0.772164 0.200000
vt 0.600000 0.200000
vt 1.000000 0.200000
vt 1.000000 0.200000
vt 1.000000 0.200000
vt 1.000000 0.200000
vt 0.768839 0.200000
vt 0.600000 0.200000
vt 0.200000 0.200000
vt 0.200000 0.200000
vt 0.000000 0.200000
vt 0.000000 0.200000
vt 0.200000 0.200000
vt 0.763097 0.200000
vt 0.600000 0.200000
vt 0.000000 0.200000
vt 1.000000 0.200000
vt 1.000000 0.200000
vt 1.000000 0.200000
vt 1.000000 0.200000
vt 0.000000 0.200000
vt 0.638894 0.200000
vt 0.851445 0.200000
vt 0.800000 0.200000
vt 1.000000 0.200000
vt 1.000000 0.200000
vt 0.800000 0.200000
vt 0.000000 0.200000
vt 0.200000 0.200000
vt 0.000000 0.200000
vt 0.200000 0.200000
vt 0.000000 0.200000
vt 0.000000 0.200000
vt 0.200000 0.200000
vt 0.800000 0.200000
vt 0.000000 0.000000
vt 0.000000 0.200000
vt 0.600000 0.000000
vt 0.776353 0.000000
vt 0.776392 0.000000
vt 0.600000 0.000000
vt 0.200000 0.200000
vt 0.200000 0.200000
vt 1.000000 0.200000
vt 1.000000 0.000000
vt 0.800000 0.200000
vt 0.800000 0.200000
vt 0.600000 0.200000
vt 0.600000 0.200000
vt 0.400000 0.200000
vt 0.400000 0.200000
vt 0.600000 0.200000
vt 0.400000 0.200000
vt 0.223608 0.000000
vt 0.400000 0.000000
vt 0.400000 0.000000
vt 0.223608 0.000000
vt 0.600000 0.879826
vt 0.400000 0.879826
vt 0.364530 0.958009
vt 0.622009 0.958436
vt 0.176686 0.000000
vt 0.176686 0.000000
vt 0.223647 0.000000
vt 0.400000 0.000000
vt 0.823329 0.000000
vt 0.823314 0.000000
vt 0.176638 0.000000
vt 0.176586 0.200000
vt 0.800000 0.200000
vt 0.800000 0.200000
vt 0.600000 0.200000
vt 0.600000 0.200000
vt 0.400000 0.200000
vt 0.400000 0.200000
vt 0.200000 0.200000
vt 0.400000 0.200000
vt 0.400000 0.200000
vt 0.600000 0.200000
vt 0.600000 0.200000
vt 0.800000 0.200000
vt 0.600000 0.200000
vt 0.400000 0.200000
vt 0.200000 0.200000
vt 0.823314 0.000000
vt 0.357951 0.200000
vt 0.400000 0.200000
vt 0.600000 0.200000
vt 0.400000 0.200000
vt 0.148445 0.200000
vt 0.361119 0.200000
vt 0.236887 0.200000
vt 0.364389 0.200000
vt 0.622103 0.200000
vt 0.153955 0.200000
vt 0.800000 0.200000
vt 0.800000 0.200000
vt 0.600000 0.200000
vt 0.600000 0.200000
vt 0.400000 0.200000
vt 0.400000 0.200000
vt 0.231162 0.200000
vt 0.400000 0.200000
vt 0.845959 0.200000
vt 0.170860 0.200000
vt 0.164343 0.200000
vt 0.800000 0.200000
vt 0.600000 0.200000
vt 0.400000 0.200000
vt 0.227834 0.200000
vt 0.400000 0.200000
vt 0.829140 0.200000
vt 0.835678 0.200000
vt 0.173539 0.200000
vt 0.226017 0.200000
vt 0.400000 0.200000
vt 0.826462 0.200000
vt 0.174973 0.200000
vt 0.800000 0.200000
vt 0.800000 0.200000
vt 0.600000 0.200000
vt 0.600000 0.200000
vt 0.400000 0.200000
vt 0.400000 0.200000
vt 0.224750 0.200000
vt 0.400000 0.200000
vt 0.825029 0.200000
vt 0.175982 0.200000
vt 0.224116 0.200000
vt 0.400000 0.200000
vt 0.824016 0.200000
vt 0.176445 0.200000
vt 0.223860 0.200000
vt 0.400000 0.200000
vt 0.823330 0.000000
vt 0.800000 0.200000
vt 0.600000 0.200000
vt 0.400000 0.200000
vt 0.400000 0.000000
vt 0.223648 0.000000
vt 0.823555 0.200000
vt 0.176670 0.000000
vt 0.800000 0.200000
vt 0.600000 0.200000
vt 0.400000 0.200000
vt 0.223729 0.000000
vt 0.400000 0.000000
vt 0.823362 0.000000
vt 0.823414 0.200000
vt 0.223729 0.000000
vt 0.223859 0.200000
vt 0.400000 0.200000
vt 0.400000 0.000000
vt 0.176638 0.000000
vt 0.176670 0.000000
vt 0.823362 0.000000
vt 0.600000 1.000000
vt 0.600000 1.000000
vt 0.400000 1.000000
vt 0.400000 1.000000
vt 0.200000 1.000000
vt 0.400000 1.000000
vt 0.600000 1.000000
vt 0.200000 0.300000
vt 0.400000 0.300000
vt 0.600000 0.300000
vt 0.200000 0.400000
vt 0.200000 0.500000
vt 0.400000 0.400000
vt 0.400000 0.500000
vt 0.600000 0.400000
vt 0.600000 0.500000
vt 0.200000 0.600000
vt 0.200000 0.700000
vt 0.400000 0.600000
vt 0.400000 0.700000
vt 0.600000 0.600000
vt 0.600000 0.700000
vt 0.200000 0.800000
vt 0.200000 0.900000
vt 0.400000 0.800000
vt 0.400000 0.900000
vt 0.600000 0.800000
vt 0.600000 0.900000
vt 0.200000 1.000000
vt 0.400000 1.000000
vt 0.600000 1.000000
vt 0.224109 0.300000
vt 0.400000 0.300000
vt 0.824008 0.400000
vt 0.825032 0.500000
vt 0.176452 0.300000
vt 0.176586 0.200000
vt 0.224739 0.400000
vt 0.400000 0.400000
vt 0.826450 0.600000
vt 0.829141 0.700000
vt 0.400000 0.500000
vt 0.175992 0.400000
vt 0.226023 0.500000
vt 0.227823 0.600000
vt 0.400000 0.600000
vt 0.846169 0.828596
vt 0.400000 0.700000
vt 0.173550 0.600000
vt 0.174968 0.500000
vt 0.231163 0.700000
vt 0.236875 0.800000
vt 0.400000 0.800000
vt 0.624376 0.958461
vt 0.200000 0.900000
vt 0.358178 0.957943
vt 0.164357 0.828596
vt 0.170859 0.700000
vt 0.400000 0.879826
vt 0.148324 0.828596
vt 0.361021 0.934944
vt 0.851676 0.828596
vt 0.638979 0.934945
vt 0.364530 0.958009
vt 0.622009 0.958436
vt 0.835643 0.828596
vt 0.153831 0.828596
vt 0.624492 0.200000
vt 0.763124 0.800000
vt 0.823314 0.000000
vt 0.823329 0.000000
vt 0.825029 0.200000
vt 0.824016 0.200000
vt 0.223860 0.200000
vt 0.223729 0.000000
vt 0.851676 0.828596
vt 0.638979 0.934945
vt 0.776352 0.000000
vt 0.776271 0.000000
vt 0.773977 0.500000
vt 0.775261 0.400000
vt 0.776141 0.200000
vt 0.776271 0.000000
vt 0.176670 0.000000
vt 0.176686 0.000000
vt 0.175982 0.200000
vt 0.174973 0.200000
vt 0.823362 0.000000
vt 0.823414 0.200000
vt 0.223608 0.000000
vt 0.223647 0.000000
vt 0.226017 0.200000
vt 0.224750 0.200000
vt 0.823362 0.000000
vt 0.823330 0.000000
vt 0.824008 0.400000
vt 0.825032 0.500000
vt 0.176586 0.200000
vt 0.176638 0.000000
vt 0.176670 0.000000
vt 0.176638 0.000000
vt 0.223729 0.000000
vt 0.223859 0.200000
vt 0.776392 0.000000
vt 0.776392 0.000000
vt 0.773980 0.200000
vt 0.772164 0.200000
vt 0.174968 0.500000
vt 0.175992 0.400000
vt 0.775891 0.300000
vt 0.826462 0.200000
vt 0.223648 0.000000
vt 0.823548 0.300000
vt 0.823314 0.000000
vt 0.224739 0.400000
vt 0.226023 0.500000
vt 0.176452 0.300000
vt 0.173539 0.200000
vt 0.224109 0.300000
vt 0.176686 0.000000
vt 0.227834 0.200000
vt 0.772177 0.600000
vt 0.826450 0.600000
vt 0.223608 0.000000
vt 0.768839 0.200000
vt 0.173550 0.600000
vt 0.829140 0.200000
vt 0.622103 0.200000
vt 0.364389 0.200000
vt 0.400000 0.200000
vt 0.600000 0.200000
vt 0.776353 0.000000
vt 0.231162 0.200000
vt 0.236887 0.200000
vt 0.164343 0.200000
vt 0.170860 0.200000
vt 0.835678 0.200000
vt 0.763097 0.200000
vt 0.775253 0.200000
vt 0.224116 0.200000
vt 0.176445 0.200000
vt 0.823555 0.200000
vt 0.775884 0.200000
vt 0.176586 0.200000
vt 0.823414 0.200000
vt 0.776141 0.200000
vt 0.231163 0.700000
vt 0.227823 0.600000
vt 0.170859 0.700000
vt 0.829141 0.700000
vt 0.768837 0.700000
vt 0.236875 0.800000
vt 0.164357 0.828596
vt 0.835643 0.828596
vt 0.148324 0.828596
vt 0.361021 0.934944
vt 0.361119 0.200000
vt 0.148445 0.200000
vt 0.851445 0.200000
vt 0.638894 0.200000
vt 0.385016 0.760542
vt 0.614984 0.762214
vt 0.614984 0.987785
vt 0.385016 0.989458
vt 0.385070 0.509852
vt 0.614930 0.512029
vt 0.614930 0.737971
vt 0.385070 0.740148
vt 0.637701 0.512701
vt 0.862299 0.512701
vt 0.862299 0.737299
vt 0.637701 0.737299
vt 0.385070 0.009852
vt 0.614930 0.012029
vt 0.614930 0.237971
vt 0.385070 0.240148
vt 0.385016 0.260542
vt 0.614984 0.262215
vt 0.614984 0.487785
vt 0.385016 0.489458
vt 0.135122 0.740705
vt 0.135444 0.750000
vt 0.129720 0.750000
vt 0.125000 0.740259
vt 0.385764 1.000000
vt 0.380275 1.000000
vt 0.375000 0.989556
vt 0.375000 0.009741
vt 0.375000 0.004518
vt 0.385764 0.000000
vt 0.625000 0.987640
vt 0.625000 0.995159
vt 0.615678 1.000000
vt 0.875000 0.737775
vt 0.875000 0.745381
vt 0.862640 0.750000
vt 0.615678 0.000000
vt 0.621786 0.000000
vt 0.625000 0.012225
vt 0.135122 0.509295
vt 0.125000 0.509741
vt 0.125000 0.504518
vt 0.135444 0.500000
vt 0.385764 0.250000
vt 0.380275 0.250000
vt 0.375000 0.240259
vt 0.375000 0.260444
vt 0.375000 0.254720
vt 0.862640 0.500000
vt 0.870159 0.500000
vt 0.875000 0.512225
vt 0.615678 0.250000
vt 0.621786 0.250000
vt 0.625000 0.262360
vt 0.625000 0.237775
vt 0.625000 0.245381
vt 0.364878 0.740705
vt 0.375000 0.740259
vt 0.376758 0.750067
vt 0.364556 0.750000
vt 0.385764 0.750000
vt 0.375000 0.760444
vt 0.637360 0.750000
vt 0.625542 0.748460
vt 0.625000 0.737775
vt 0.615678 0.750000
vt 0.625000 0.762360
vt 0.364878 0.509295
vt 0.364556 0.500000
vt 0.375185 0.501506
vt 0.375000 0.509741
vt 0.385764 0.500000
vt 0.375000 0.489556
vt 0.625000 0.512225
vt 0.623929 0.499926
vt 0.637360 0.500000
vt 0.615678 0.500000
vt 0.625000 0.487640
vt 0.500000 0.500000
vt 0.541667 0.500000
vt 0.541667 0.583333
vt 0.500000 0.583333
vt 0.541667 0.666667
vt 0.500000 0.666667
vt 0.541667 0.750000
vt 0.500000 0.750000
vt 0.541667 0.833333
vt 0.500000 0.833333
vt 0.541667 0.916667
vt 0.500000 0.916667
vt 0.541667 1.000000
vt 0.500000 1.000000
vt 0.500000 0.000000
vt 0.541667 0.000000
vt 0.541667 0.083333
vt 0.500000 0.083333
vt 0.541667 0.166667
vt 0.500000 0.166667
vt 0.541667 0.250000
vt 0.500000 0.250000
vt 0.541667 0.333333
vt 0.500000 0.333333
vt 0.541667 0.416667
vt 0.500000 0.416667
vt 0.583333 0.500000
vt 0.583333 0.583333
vt 0.583333 0.666667
vt 0.583333 0.750000
vt 0.583333 0.833333
vt 0.583333 0.916667
vt 0.583333 1.000000
vt 0.583333 0.000000
vt 0.583333 0.083333
vt 0.583333 0.166667
vt 0.583333 0.250000
vt 0.583333 0.333333
vt 0.583333 0.416667
vt 0.625000 0.500000
vt 0.625000 0.583333
vt 0.625000 0.666667
vt 0.625000 0.750000
vt 0.625000 0.833333
vt 0.625000 0.916667
vt 0.625000 1.000000
vt 0.625000 0.000000
vt 0.625000 0.083333
vt 0.625000 0.166667
vt 0.625000 0.250000
vt 0.625000 0.333333
vt 0.625000 0.416667
vt 0.666667 0.500000
vt 0.666667 0.583333
vt 0.666667 0.666667
vt 0.666667 0.750000
vt 0.666667 0.833333
vt 0.666667 0.916667
vt 0.666667 1.000000
vt 0.666667 0.000000
vt 0.666667 0.083333
vt 0.666667 0.166667
vt 0.666667 0.250000
vt 0.666667 0.333333
vt 0.666667 0.416667
vt 0.708333 0.500000
vt 0.708333 0.583333
vt 0.708333 0.666667
vt 0.708333 0.750000
vt 0.708333 0.833333
vt 0.708333 0.916667
vt 0.708333 1.000000
vt 0.708333 0.000000
vt 0.708333 0.083333
vt 0.708333 0.166667
vt 0.708333 0.250000
vt 0.708333 0.333333
vt 0.708333 0.416667
vt 0.750000 0.500000
vt 0.750000 0.583333
vt 0.750000 0.666667
vt 0.750000 0.750000
vt 0.750000 0.833333
vt 0.750000 0.916667
vt 0.750000 1.000000
vt 0.750000 0.000000
vt 0.750000 0.083333
vt 0.750000 0.166667
vt 0.750000 0.250000
vt 0.750000 0.333333
vt 0.750000 0.416667
vt 0.791667 0.500000
vt 0.791667 0.583333
vt 0.791667 0.666667
vt 0.791667 0.750000
vt 0.791667 0.833333
vt 0.791667 0.916667
vt 0.791667 1.000000
vt 0.791667 0.000000
vt 0.791667 0.083333
vt 0.791667 0.166667
vt 0.791667 0.250000
vt 0.791667 0.333333
vt 0.791667 0.416667
vt 0.833333 0.500000
vt 0.833333 0.583333
vt 0.833333 0.666667
vt 0.833333 0.750000
vt 0.833333 0.833333
vt 0.833333 0.916667
vt 0.833333 1.000000
vt 0.833333 0.000000
vt 0.833333 0.083333
vt 0.833333 0.166667
vt 0.833333 0.250000
vt 0.833333 0.333333
vt 0.833333 0.416667
vt 0.875000 0.500000
vt 0.875000 0.583333
vt 0.875000 0.666667
vt 0.875000 0.750000
vt 0.875000 0.833333
vt 0.875000 0.916667
vt 0.875000 1.000000
vt 0.875000 0.000000
vt 0.875000 0.083333
vt 0.875000 0.166667
vt 0.875000 0.250000
vt 0.875000 0.333333
vt 0.875000 0.416667
vt 0.916667 0.500000
vt 0.916667 0.583333
vt 0.916667 0.666667
vt 0.916667 0.750000
vt 0.916667 0.833333
vt 0.916667 0.916667
vt 0.916667 1.000000
vt 0.916667 0.000000
vt 0.916667 0.083333
vt 0.916667 0.166667
vt 0.916667 0.250000
vt 0.916667 0.333333
vt 0.916667 0.416667
vt 0.958333 0.500000
vt 0.958333 0.583333
vt 0.958333 0.666667
vt 0.958333 0.750000
vt 0.958333 0.833333
vt 0.958333 0.916667
vt 0.958333 1.000000
vt 0.958333 0.000000
vt 0.958333 0.083333
vt 0.958333 0.166667
vt 0.958333 0.250000
vt 0.958333 0.333333
vt 0.958333 0.416667
vt 1.000000 0.500000
vt 1.000000 0.583333
vt 1.000000 0.666667
vt 1.000000 0.750000
vt 1.000000 0.833333
vt 1.000000 0.916667
vt 1.000000 1.000000
vt 1.000000 0.000000
vt 1.000000 0.083333
vt 1.000000 0.166667
vt 1.000000 0.250000
vt 1.000000 0.333333
vt 1.000000 0.416667
vt -0.000000 0.500000
vt 0.041667 0.500000
vt 0.041667 0.583333
vt -0.000000 0.583333
vt 0.041667 0.666667
vt -0.000000 0.666667
vt 0.041667 0.750000
vt -0.000000 0.750000
vt 0.041667 0.833333
vt -0.000000 0.833333
vt 0.041667 0.916667
vt -0.000000 0.916667
vt 0.041667 1.000000
vt -0.000000 1.000000
vt -0.000000 0.000000
vt 0.041667 0.000000
vt 0.041667 0.083333
vt -0.000000 0.083333
vt 0.041667 0.166667
vt -0.000000 0.166667
vt 0.041667 0.250000
vt -0.000000 0.250000
vt 0.041667 0.333333
vt -0.000000 0.333333
vt 0.041667 0.416667
vt -0.000000 0.416667
vt 0.083333 0.500000
vt 0.083333 0.583333
vt 0.083333 0.666667
vt 0.083333 0.750000
vt 0.083333 0.833333
vt 0.083333 0.916667
vt 0.083333 1.000000
vt 0.083333 0.000000
vt 0.083333 0.083333
vt 0.083333 0.166667
vt 0.083333 0.250000
vt 0.083333 0.333333
vt 0.083333 0.416667
vt 0.125000 0.500000
vt 0.125000 0.583333
vt 0.125000 0.666667
vt 0.125000 0.750000
vt 0.125000 0.833333
vt 0.125000 0.916667
vt 0.125000 1.000000
vt 0.125000 0.000000
vt 0.125000 0.083333
vt 0.125000 0.166667
vt 0.125000 0.250000
vt 0.125000 0.333333
vt 0.125000 0.416667
vt 0.166667 0.500000
vt 0.166667 0.583333
vt 0.166667 0.666667
vt 0.166667 0.750000
vt 0.166667 0.833333
vt 0.166667 0.916667
vt 0.166667 1.000000
vt 0.166667 0.000000
vt 0.166667 0.083333
vt 0.166667 0.166667
vt 0.166667 0.250000
vt 0.166667 0.333333
vt 0.166667 0.416667
vt 0.208333 0.500000
vt 0.208333 0.583333
vt 0.208333 0.666667
vt 0.208333 0.750000
vt 0.208333 0.833333
vt 0.208333 0.916667
vt 0.208333 1.000000
vt 0.208333 0.000000
vt 0.208333 0.083333
vt 0.208333 0.166667
vt 0.208333 0.250000
vt 0.208333 0.333333
vt 0.208333 0.416667
vt 0.250000 0.500000
vt 0.250000 0.583333
vt 0.250000 0.666667
vt 0.250000 0.750000
vt 0.250000 0.833333
vt 0.250000 0.916667
vt 0.250000 1.000000
vt 0.250000 0.000000
vt 0.250000 0.083333
vt 0.250000 0.166667
vt 0.250000 0.250000
vt 0.250000 0.333333
vt 0.250000 0.416667
vt 0.291667 0.500000
vt 0.291667 0.583333
vt 0.291667 0.666667
vt 0.291667 0.750000
vt 0.291667 0.833333
vt 0.291667 0.916667
vt 0.291667 1.000000
vt 0.291667 0.000000
vt 0.291667 0.083333
vt 0.291667 0.166667
vt 0.291667 0.250000
vt 0.291667 0.333333
vt 0.291667 0.416667
vt 0.333333 0.500000
vt 0.333333 0.583333
vt 0.333333 0.666667
vt 0.333333 0.750000
vt 0.333333 0.833333
vt 0.333333 0.916667
vt 0.333333 1.000000
vt 0.333333 0.000000
vt 0.333333 0.083333
vt 0.333333 0.166667
vt 0.333333 0.250000
vt 0.333333 0.333333
vt 0.333333 0.416667
vt 0.375000 0.500000
vt 0.375000 0.583333
vt 0.375000 0.666667
vt 0.375000 0.750000
vt 0.375000 0.833333
vt 0.375000 0.916667
vt 0.375000 1.000000
vt 0.375000 0.000000
vt 0.375000 0.083333
vt 0.375000 0.166667
vt 0.375000 0.250000
vt 0.375000 0.333333
vt 0.375000 0.416667
vt 0.416667 0.500000
vt 0.416667 0.583333
vt 0.416667 0.666667
vt 0.416667 0.750000
vt 0.416667 0.833333
vt 0.416667 0.916667
vt 0.416667 1.000000
vt 0.416667 0.000000
vt 0.416667 0.083333
vt 0.416667 0.166667
vt 0.416667 0.250000
vt 0.416667 0.333333
vt 0.416667 0.416667
vt 0.458333 0.500000
vt 0.458333 0.583333
vt 0.458333 0.666667
vt 0.458333 0.750000
vt 0.458333 0.833333
vt 0.458333 0.916667
vt 0.458333 1.000000
vt 0.458333 0.000000
vt 0.458333 0.083333
vt 0.458333 0.166667
vt 0.458333 0.250000
vt 0.458333 0.333333
vt 0.458333 0.416667
vt 1.000000 0.947910
vt 1.000000 1.000000
vt 0.968750 1.000000
vt 0.968750 0.947910
vt 0.531250 1.000000
vt 0.562500 1.000000
vt 0.562500 1.000000
vt 0.531250 1.000000
vt 0.968750 0.947909
vt 0.968750 1.000000
vt 0.937500 1.000000
vt 0.937500 0.947909
vt 0.062500 1.000000
vt 0.093750 1.000000
vt 0.093750 1.000000
vt 0.062500 1.000000
vt 0.968750 1.000000
vt 1.000000 1.000000
vt 1.000000 1.000000
vt 0.968750 1.000000
vt 0.937500 0.947909
vt 0.937500 1.000000
vt 0.906250 1.000000
vt 0.906250 0.947909
vt 0.531250 1.000000
vt 0.562500 1.000000
vt 0.562500 1.000000
vt 0.531250 1.000000
vt 0.187500 1.000000
vt 0.218750 1.000000
vt 0.218750 1.000000
vt 0.187500 1.000000
vt 0.906250 0.947909
vt 0.906250 1.000000
vt 0.875000 1.000000
vt 0.875000 0.947909
vt 0.218750 1.000000
vt 0.250000 1.000000
vt 0.250000 1.000000
vt 0.218750 1.000000
vt 0.281250 1.000000
vt 0.312500 1.000000
vt 0.312500 1.000000
vt 0.281250 1.000000
vt 0.312500 1.000000
vt 0.343750 1.000000
vt 0.343750 1.000000
vt 0.312500 1.000000
vt 0.781250 1.000000
vt 0.812500 1.000000
vt 0.812500 1.000000
vt 0.781250 1.000000
vt 0.875000 1.000000
vt 0.906250 1.000000
vt 0.906250 1.000000
vt 0.875000 1.000000
vt 0.593750 1.000000
vt 0.625000 1.000000
vt 0.625000 1.000000
vt 0.593750 1.000000
vt 0.875000 0.947909
vt 0.875000 1.000000
vt 0.843750 1.000000
vt 0.843750 0.947909
vt 0.906250 1.000000
vt 0.937500 1.000000
vt 0.937500 1.000000
vt 0.906250 1.000000
vt 1.000000 1.000000
vt 0.968750 1.000000
vt 0.843750 0.947909
vt 0.843750 1.000000
vt 0.812500 1.000000
vt 0.812500 0.947909
vt 0.593750 1.000000
vt 0.625000 1.000000
vt 0.625000 1.000000
vt 0.593750 1.000000
vt 0.437500 1.000000
vt 0.468750 1.000000
vt 0.468750 1.000000
vt 0.437500 1.000000
vt 0.812500 0.947909
vt 0.781250 0.947909
vt 0.375000 1.000000
vt 0.406250 1.000000
vt 0.406250 1.000000
vt 0.375000 1.000000
vt 0.781250 0.947909
vt 0.781250 1.000000
vt 0.750000 1.000000
vt 0.750000 0.947909
vt 0.968750 1.000000
vt 0.937500 1.000000
vt 0.375000 1.000000
vt 0.406250 1.000000
vt 0.406250 1.000000
vt 0.375000 1.000000
vt 0.750000 0.947909
vt 0.750000 1.000000
vt 0.718750 1.000000
vt 0.718750 0.947909
vt 0.250000 1.000000
vt 0.281250 1.000000
vt 0.281250 1.000000
vt 0.250000 1.000000
vt 0.187500 1.000000
vt 0.218750 1.000000
vt 0.218750 1.000000
vt 0.187500 1.000000
vt 0.718750 0.947909
vt 0.718750 1.000000
vt 0.687500 1.000000
vt 0.687500 0.947909
vt 0.000000 1.000000
vt 0.031250 1.000000
vt 0.031250 1.000000
vt 0.000000 1.000000
vt 0.156250 1.000000
vt 0.187500 1.000000
vt 0.187500 1.000000
vt 0.156250 1.000000
vt 0.687500 0.947909
vt 0.687500 1.000000
vt 0.656250 1.000000
vt 0.656250 0.947909
vt 0.687500 1.000000
vt 0.718750 1.000000
vt 0.718750 1.000000
vt 0.687500 1.000000
vt 0.656250 0.947909
vt 0.656250 1.000000
vt 0.625000 1.000000
vt 0.625000 0.947909
vt 0.937500 1.000000
vt 0.906250 1.000000
vt 0.718750 1.000000
vt 0.750000 1.000000
vt 0.750000 1.000000
vt 0.718750 1.000000
vt 0.343750 1.000000
vt 0.375000 1.000000
vt 0.375000 1.000000
vt 0.343750 1.000000
vt 0.625000 0.947909
vt 0.593750 0.947909
vt 0.750000 1.000000
vt 0.781250 1.000000
vt 0.781250 1.000000
vt 0.750000 1.000000
vt 0.312500 1.000000
vt 0.343750 1.000000
vt 0.343750 1.000000
vt 0.312500 1.000000
vt 0.593750 0.947910
vt 0.593750 1.000000
vt 0.562500 1.000000
vt 0.562500 0.947910
vt 0.406250 1.000000
vt 0.437500 1.000000
vt 0.437500 1.000000
vt 0.406250 1.000000
vt 0.406250 1.000000
vt 0.437500 1.000000
vt 0.437500 1.000000
vt 0.406250 1.000000
vt 0.562500 0.947909
vt 0.531250 0.947909
vt 0.409848 0.143193
vt 0.427614 0.176430
vt 0.427614 0.176430
vt 0.409848 0.143193
vt 0.531250 0.947910
vt 0.531250 1.000000
vt 0.500000 1.000000
vt 0.500000 0.947910
vt 0.593750 1.000000
vt 0.562500 1.000000
vt 0.062500 1.000000
vt 0.093750 1.000000
vt 0.093750 1.000000
vt 0.062500 1.000000
vt 0.250000 1.000000
vt 0.281250 1.000000
vt 0.281250 1.000000
vt 0.250000 1.000000
vt 0.500000 0.947909
vt 0.500000 1.000000
vt 0.468750 1.000000
vt 0.468750 0.947909
vt 0.343750 1.000000
vt 0.375000 1.000000
vt 0.375000 1.000000
vt 0.343750 1.000000
vt 0.843750 1.000000
vt 0.812500 1.000000
vt 0.468750 0.947909
vt 0.437500 0.947909
vt 0.500000 1.000000
vt 0.531250 1.000000
vt 0.531250 1.000000
vt 0.500000 1.000000
vt 0.531250 1.000000
vt 0.500000 1.000000
vt 0.437500 0.947909
vt 0.406250 0.947909
vt 0.812500 1.000000
vt 0.843750 1.000000
vt 0.843750 1.000000
vt 0.812500 1.000000
vt 0.406250 0.947910
vt 0.375000 0.947910
vt 0.875000 1.000000
vt 0.843750 1.000000
vt 0.843750 1.000000
vt 0.875000 1.000000
vt 0.875000 1.000000
vt 0.843750 1.000000
vt 0.687500 1.000000
vt 0.656250 1.000000
vt 0.375000 0.947909
vt 0.343750 0.947909
vt 0.937500 1.000000
vt 0.968750 1.000000
vt 0.968750 1.000000
vt 0.937500 1.000000
vt 0.500000 1.000000
vt 0.468750 1.000000
vt 0.343750 0.947909
vt 0.312500 0.947909
vt 0.625000 1.000000
vt 0.656250 1.000000
vt 0.656250 1.000000
vt 0.625000 1.000000
vt 0.031250 1.000000
vt 0.062500 1.000000
vt 0.062500 1.000000
vt 0.031250 1.000000
vt 0.312500 0.947909
vt 0.312500 1.000000
vt 0.281250 1.000000
vt 0.281250 0.947909
vt 0.031250 1.000000
vt 0.062500 1.000000
vt 0.062500 1.000000
vt 0.031250 1.000000
vt 0.281250 0.947910
vt 0.250000 0.947910
vt 0.750000 0.500000
vt 0.791667 0.500000
vt 0.791667 0.583333
vt 0.750000 0.583333
vt 0.791667 0.666667
vt 0.750000 0.666667
vt 0.791667 0.750000
vt 0.750000 0.750000
vt 0.791667 0.833333
vt 0.750000 0.833333
vt 0.791667 0.916667
vt 0.750000 0.916667
vt 0.791667 1.000000
vt 0.750000 1.000000
vt 0.750000 0.000000
vt 0.791667 0.000000
vt 0.791667 0.083333
vt 0.750000 0.083333
vt 0.791667 0.166667
vt 0.750000 0.166667
vt 0.791667 0.250000
vt 0.750000 0.250000
vt 0.791667 0.333333
vt 0.750000 0.333333
vt 0.791667 0.416667
vt 0.750000 0.416667
vt 0.833333 0.500000
vt 0.833333 0.583333
vt 0.833333 0.666667
vt 0.833333 0.750000
vt 0.833333 0.833333
vt 0.833333 0.916667
vt 0.833333 1.000000
vt 0.833333 0.000000
vt 0.833333 0.083333
vt 0.833333 0.166667
vt 0.833333 0.250000
vt 0.833333 0.333333
vt 0.833333 0.416667
vt 0.875000 0.500000
vt 0.875000 0.583333
vt 0.875000 0.666667
vt 0.875000 0.750000
vt 0.875000 0.833333
vt 0.875000 0.916667
vt 0.875000 1.000000
vt 0.875000 0.000000
vt 0.875000 0.083333
vt 0.875000 0.166667
vt 0.875000 0.250000
vt 0.875000 0.333333
vt 0.875000 0.416667
vt 0.916667 0.500000
vt 0.916667 0.583333
vt 0.916667 0.666667
vt 0.916667 0.750000
vt 0.916667 0.833333
vt 0.916667 0.916667
vt 0.916667 1.000000
vt 0.916667 0.000000
vt 0.916667 0.083333
vt 0.916667 0.166667
vt 0.916667 0.250000
vt 0.916667 0.333333
vt 0.916667 0.416667
vt 0.958333 0.500000
vt 0.958333 0.583333
vt 0.958333 0.666667
vt 0.958333 0.750000
vt 0.958333 0.833333
vt 0.958333 0.916667
vt 0.958333 1.000000
vt 0.958333 0.000000
vt 0.958333 0.083333
vt 0.958333 0.166667
vt 0.958333 0.250000
vt 0.958333 0.333333
vt 0.958333 0.416667
vt 1.000000 0.500000
vt 1.000000 0.583333
vt 1.000000 0.666667
vt 1.000000 0.750000
vt 1.000000 0.833333
vt 1.000000 0.916667
vt 1.000000 1.000000
vt 1.000000 0.000000
vt 1.000000 0.083333
vt 1.000000 0.166667
vt 1.000000 0.250000
vt 1.000000 0.333333
vt 1.000000 0.416667
vt -0.000000 0.500000
vt 0.041667 0.500000
vt 0.041667 0.583333
vt -0.000000 0.583333
vt 0.041667 0.666667
vt -0.000000 0.666667
vt 0.041667 0.750000
vt -0.000000 0.750000
vt 0.041667 0.833333
vt -0.000000 0.833333
vt 0.041667 0.916667
vt -0.000000 0.916667
vt 0.041667 1.000000
vt -0.000000 1.000000
vt -0.000000 0.000000
vt 0.041667 0.000000
vt 0.041667 0.083333
vt -0.000000 0.083333
vt 0.041667 0.166667
vt -0.000000 0.166667
vt 0.041667 0.250000
vt -0.000000 0.250000
vt 0.041667 0.333333
vt -0.000000 0.333333
vt 0.041667 0.416667
vt -0.000000 0.416667
vt 0.083333 0.500000
vt 0.083333 0.583333
vt 0.083333 0.666667
vt 0.083333 0.750000
vt 0.083333 0.833333
vt 0.083333 0.916667
vt 0.083333 1.000000
vt 0.083333 0.000000
vt 0.083333 0.083333
vt 0.083333 0.166667
vt 0.083333 0.250000
vt 0.083333 0.333333
vt 0.083333 0.416667
vt 0.125000 0.500000
vt 0.125000 0.583333
vt 0.125000 0.666667
vt 0.125000 0.750000
vt 0.125000 0.833333
vt 0.125000 0.916667
vt 0.125000 1.000000
vt 0.125000 0.000000
vt 0.125000 0.083333
vt 0.125000 0.166667
vt 0.125000 0.250000
vt 0.125000 0.333333
vt 0.125000 0.416667
vt 0.166667 0.500000
vt 0.166667 0.583333
vt 0.166667 0.666667
vt 0.166667 0.750000
vt 0.166667 0.833333
vt 0.166667 0.916667
vt 0.166667 1.000000
vt 0.166667 0.000000
vt 0.166667 0.083333
vt 0.166667 0.166667
vt 0.166667 0.250000
vt 0.166667 0.333333
vt 0.166667 0.416667
vt 0.208333 0.500000
vt 0.208333 0.583333
vt 0.208333 0.666667
vt 0.208333 0.750000
vt 0.208333 0.833333
vt 0.208333 0.916667
vt 0.208333 1.000000
vt 0.208333 0.000000
vt 0.208333 0.083333
vt 0.208333 0.166667
vt 0.208333 0.250000
vt 0.208333 0.333333
vt 0.208333 0.416667
vt 0.250000 0.500000
vt 0.250000 0.583333
vt 0.250000 0.666667
vt 0.250000 0.750000
vt 0.250000 0.833333
vt 0.250000 0.916667
vt 0.250000 1.000000
vt 0.250000 0.000000
vt 0.250000 0.083333
vt 0.250000 0.166667
vt 0.250000 0.250000
vt 0.250000 0.333333
vt 0.250000 0.416667
vt 0.250000 0.947909
vt 0.218750 0.947909
vt 0.218750 0.947909
vt 0.187500 0.947909
vt 0.656250 1.000000
vt 0.625000 1.000000
vt 0.093750 1.000000
vt 0.125000 1.000000
vt 0.125000 1.000000
vt 0.093750 1.000000
vt 0.750000 0.833333
vt 0.750000 0.916667
vt 0.750000 0.916667
vt 0.750000 0.833333
vt 0.750000 0.083333
vt 0.750000 0.166667
vt 0.750000 0.166667
vt 0.750000 0.083333
vt 0.750000 0.500000
vt 0.750000 0.583333
vt 0.750000 0.583333
vt 0.750000 0.500000
vt 0.250000 0.750000
vt 0.250000 0.666667
vt 0.250000 0.666667
vt 0.250000 0.750000
vt 0.750000 0.666667
vt 0.750000 0.666667
vt 0.250000 0.166667
vt 0.250000 0.083333
vt 0.250000 0.083333
vt 0.250000 0.166667
vt 0.250000 0.000000
vt 0.250000 0.000000
vt 0.750000 1.000000
vt 0.718750 1.000000
vt 0.781250 1.000000
vt 0.812500 1.000000
vt 0.812500 1.000000
vt 0.781250 1.000000
vt 0.468750 1.000000
vt 0.500000 1.000000
vt 0.500000 1.000000
vt 0.468750 1.000000
vt 0.187500 0.947909
vt 0.156250 0.947909
vt 0.906250 1.000000
vt 0.875000 1.000000
vt 0.250000 0.916667
vt 0.250000 0.833333
vt 0.250000 0.833333
vt 0.250000 0.916667
vt 0.750000 0.750000
vt 0.750000 0.750000
vt 0.750000 0.250000
vt 0.750000 0.250000
vt 0.750000 0.416667
vt 0.750000 0.416667
vt 0.750000 0.000000
vt 0.750000 0.000000
vt 0.250000 0.500000
vt 0.250000 0.416667
vt 0.250000 0.416667
vt 0.250000 0.500000
vt 0.125000 1.000000
vt 0.156250 1.000000
vt 0.156250 1.000000
vt 0.125000 1.000000
vt 0.250000 0.583333
vt 0.250000 0.583333
vt 0.250000 1.000000
vt 0.250000 1.000000
vt 0.250000 0.333333
vt 0.250000 0.333333
vt 0.250000 0.250000
vt 0.250000 0.250000
vt 0.750000 0.333333
vt 0.750000 0.333333
vt 0.750000 1.000000
vt 0.750000 1.000000
vt 0.781250 1.000000
vt 0.750000 1.000000
vt 0.156250 0.947909
vt 0.125000 0.947909
vt 0.000000 1.000000
vt 0.031250 1.000000
vt 0.031250 1.000000
vt 0.000000 1.000000
vt 0.156250 1.000000
vt 0.187500 1.000000
vt 0.187500 1.000000
vt 0.156250 1.000000
vt 0.125000 0.947910
vt 0.125000 1.000000
vt 0.093750 1.000000
vt 0.093750 0.947910
vt 0.718750 1.000000
vt 0.687500 1.000000
vt 0.218750 1.000000
vt 0.250000 1.000000
vt 0.250000 1.000000
vt 0.218750 1.000000
vt 0.093750 0.947910
vt 0.062500 0.947910
vt 0.125000 1.000000
vt 0.093750 1.000000
vt 0.656250 1.000000
vt 0.687500 1.000000
vt 0.687500 1.000000
vt 0.656250 1.000000
vt 0.062500 0.947910
vt 0.031250 0.947910
vt 0.580294 0.419706
vt 0.616663 0.449553
vt 0.658156 0.471731
vt 0.703178 0.485388
vt 0.750000 0.490000
vt 0.796822 0.485388
vt 0.841844 0.471731
vt 0.883337 0.449553
vt 0.919706 0.419706
vt 0.949553 0.383336
vt 0.971731 0.341844
vt 0.985388 0.296822
vt 0.990000 0.250000
vt 0.985388 0.203178
vt 0.971731 0.158156
vt 0.949553 0.116664
vt 0.919706 0.080294
vt 0.883337 0.050447
vt 0.841844 0.028268
vt 0.796822 0.014612
vt 0.750000 0.010000
vt 0.703178 0.014612
vt 0.658156 0.028268
vt 0.616663 0.050447
vt 0.580294 0.080294
vt 0.550447 0.116663
vt 0.528269 0.158156
vt 0.514612 0.203178
vt 0.510000 0.250000
vt 0.514612 0.296822
vt 0.528269 0.341844
vt 0.550447 0.383336
vt 0.125000 1.000000
vt 0.156250 1.000000
vt 0.156250 1.000000
vt 0.125000 1.000000
vt 0.031250 0.947909
vt 0.000000 0.947909
vt 0.312500 1.000000
vt 0.281250 1.000000
vt 0.437500 1.000000
vt 0.468750 1.000000
vt 0.468750 1.000000
vt 0.437500 1.000000
vt 0.124089 1.000000
vt 0.094661 1.000000
vt 0.111351 0.388649
vt 0.086966 0.358936
vt 0.090152 0.356807
vt 0.114061 0.385940
vt 0.624089 1.000000
vt 0.594661 1.000000
vt 0.325036 0.068846
vt 0.358936 0.086966
vt 0.356807 0.090152
vt 0.323570 0.072387
vt 0.217839 1.000000
vt 0.188411 1.000000
vt 0.325036 0.431154
vt 0.288253 0.442312
vt 0.287506 0.438554
vt 0.323570 0.427614
vt 0.936589 1.000000
vt 0.907161 1.000000
vt 0.068846 0.325036
vt 0.072386 0.323570
vt 0.186589 1.000000
vt 0.157161 1.000000
vt 0.250000 0.446080
vt 0.250000 0.442248
vt 0.311589 1.000000
vt 0.282161 1.000000
vt 0.388649 0.388649
vt 0.358936 0.413034
vt 0.356807 0.409848
vt 0.385939 0.385940
vt 0.467839 1.000000
vt 0.438411 1.000000
vt 0.442312 0.211747
vt 0.446080 0.250000
vt 0.442248 0.250000
vt 0.438554 0.212494
vt 0.092839 1.000000
vt 0.063411 1.000000
vt 0.057688 0.288253
vt 0.061446 0.287506
vt 0.061589 1.000000
vt 0.032161 1.000000
vt 0.053920 0.250000
vt 0.057688 0.211747
vt 0.061446 0.212494
vt 0.057752 0.250000
vt 0.874089 1.000000
vt 0.844661 1.000000
vt 0.068846 0.174964
vt 0.086966 0.141064
vt 0.090152 0.143193
vt 0.072386 0.176430
vt 0.811589 1.000000
vt 0.782161 1.000000
vt 0.111351 0.111351
vt 0.141064 0.086966
vt 0.143193 0.090152
vt 0.114061 0.114060
vt 0.905339 1.000000
vt 0.875911 1.000000
vt 0.717839 1.000000
vt 0.688411 1.000000
vt 0.211747 0.057688
vt 0.250000 0.053920
vt 0.250000 0.057752
vt 0.212494 0.061446
vt 0.436589 1.000000
vt 0.407161 1.000000
vt 0.442312 0.288253
vt 0.438554 0.287506
vt 0.749089 1.000000
vt 0.719661 1.000000
vt 0.174964 0.068846
vt 0.176430 0.072387
vt 0.842839 1.000000
vt 0.813411 1.000000
vt 0.499089 1.000000
vt 0.469661 1.000000
vt 0.431154 0.174964
vt 0.427614 0.176430
vt 0.780339 1.000000
vt 0.750911 1.000000
vt 0.967839 1.000000
vt 0.938411 1.000000
vt 0.141064 0.413034
vt 0.143193 0.409848
vt 0.562500 1.000000
vt 0.593750 1.000000
vt 0.592839 1.000000
vt 0.563411 1.000000
vt 0.388649 0.111351
vt 0.385939 0.114060
vt 0.655340 1.000000
vt 0.625911 1.000000
vt 0.405339 1.000000
vt 0.375911 1.000000
vt 0.413034 0.141064
vt 0.409848 0.143193
vt 0.686589 1.000000
vt 0.657161 1.000000
vt 0.288253 0.057688
vt 0.287505 0.061446
vt 0.280339 1.000000
vt 0.250911 1.000000
vt 0.431154 0.325036
vt 0.427614 0.323570
vt 0.342839 1.000000
vt 0.313411 1.000000
vt 0.413034 0.358936
vt 0.409848 0.356807
vt 0.030339 1.000000
vt 0.000911 1.000000
vt 0.211747 0.442312
vt 0.212494 0.438554
vt 0.999089 1.000000
vt 0.969661 1.000000
vt 0.174964 0.431154
vt 0.176430 0.427614
vt 0.155339 1.000000
vt 0.125911 1.000000
vt 0.530340 1.000000
vt 0.500911 1.000000
vt 0.561590 1.000000
vt 0.532161 1.000000
vt 0.374089 1.000000
vt 0.344661 1.000000
vt 0.249089 1.000000
vt 0.219661 1.000000
vt 0.562500 1.000000
vt 0.593750 1.000000
vt 0.031250 0.500000
vt 0.031250 0.541810
vt 0.000000 0.541810
vt 0.000000 0.500000
vt 0.062500 0.500000
vt 0.062500 0.541810
vt 0.031250 0.541810
vt 0.031250 0.500000
vt 0.093750 0.500000
vt 0.093750 0.541810
vt 0.062500 0.541810
vt 0.062500 0.500000
vt 0.125000 0.500000
vt 0.125000 0.541810
vt 0.093750 0.541810
vt 0.093750 0.500000
vt 0.156250 0.500000
vt 0.156250 0.541810
vt 0.125000 0.541810
vt 0.125000 0.500000
vt 0.187500 0.500000
vt 0.187500 0.541810
vt 0.156250 0.541810
vt 0.156250 0.500000
vt 0.218750 0.500000
vt 0.218750 0.541810
vt 0.187500 0.541810
vt 0.187500 0.500000
vt 0.250000 0.500000
vt 0.250000 0.541810
vt 0.218750 0.541810
vt 0.218750 0.500000
vt 0.281250 0.500000
vt 0.281250 0.541810
vt 0.250000 0.541810
vt 0.250000 0.500000
vt 0.312500 0.500000
vt 0.312500 0.541810
vt 0.281250 0.541810
vt 0.281250 0.500000
vt 0.343750 0.500000
vt 0.343750 0.541810
vt 0.312500 0.541810
vt 0.312500 0.500000
vt 0.375000 0.500000
vt 0.375000 0.541810
vt 0.343750 0.541810
vt 0.343750 0.500000
vt 0.406250 0.500000
vt 0.406250 0.541810
vt 0.375000 0.541810
vt 0.375000 0.500000
vt 0.437500 0.500000
vt 0.437500 0.541810
vt 0.406250 0.541810
vt 0.406250 0.500000
vt 0.468750 0.500000
vt 0.468750 0.541810
vt 0.437500 0.541810
vt 0.437500 0.500000
vt 0.500000 0.500000
vt 0.500000 0.541810
vt 0.468750 0.541810
vt 0.468750 0.500000
vt 0.531250 0.500000
vt 0.531250 0.541810
vt 0.500000 0.541810
vt 0.500000 0.500000
vt 0.562500 0.500000
vt 0.562500 0.541810
vt 0.531250 0.541810
vt 0.531250 0.500000
vt 0.593750 0.500000
vt 0.593750 0.541810
vt 0.562500 0.541810
vt 0.562500 0.500000
vt 0.625000 0.500000
vt 0.625000 0.541810
vt 0.593750 0.541810
vt 0.593750 0.500000
vt 0.656250 0.500000
vt 0.656250 0.541810
vt 0.625000 0.541810
vt 0.625000 0.500000
vt 0.687500 0.500000
vt 0.687500 0.541810
vt 0.656250 0.541810
vt 0.656250 0.500000
vt 0.718750 0.500000
vt 0.718750 0.541810
vt 0.687500 0.541810
vt 0.687500 0.500000
vt 0.750000 0.500000
vt 0.750000 0.541810
vt 0.718750 0.541810
vt 0.718750 0.500000
vt 0.781250 0.500000
vt 0.781250 0.541810
vt 0.750000 0.541810
vt 0.750000 0.500000
vt 0.812500 0.500000
vt 0.812500 0.541810
vt 0.781250 0.541810
vt 0.781250 0.500000
vt 0.843750 0.500000
vt 0.843750 0.541810
vt 0.812500 0.541810
vt 0.812500 0.500000
vt 0.875000 0.500000
vt 0.875000 0.541810
vt 0.843750 0.541810
vt 0.843750 0.500000
vt 0.906250 0.500000
vt 0.906250 0.541810
vt 0.875000 0.541810
vt 0.875000 0.500000
vt 0.937500 0.500000
vt 0.937500 0.541810
vt 0.906250 0.541810
vt 0.906250 0.500000
vt 0.968750 0.500000
vt 0.968750 0.541810
vt 0.937500 0.541810
vt 0.937500 0.500000
vt 1.000000 0.500000
vt 1.000000 0.541810
vt 0.968750 0.541810
vt 0.968750 0.500000
vt 0.176430 0.427614
vt 0.143193 0.409848
vt 0.114061 0.385940
vt 0.090152 0.356807
vt 0.072386 0.323570
vt 0.061446 0.287506
vt 0.057752 0.250000
vt 0.061446 0.212494
vt 0.072386 0.176430
vt 0.090152 0.143193
vt 0.114061 0.114060
vt 0.143193 0.090152
vt 0.176430 0.072387
vt 0.212494 0.061446
vt 0.250000 0.057752
vt 0.287505 0.061446
vt 0.323570 0.072387
vt 0.356807 0.090152
vt 0.385939 0.114060
vt 0.438554 0.212494
vt 0.442248 0.250000
vt 0.438554 0.287506
vt 0.427614 0.323570
vt 0.409848 0.356807
vt 0.385939 0.385940
vt 0.356807 0.409848
vt 0.323570 0.427614
vt 0.287506 0.438554
vt 0.250000 0.442248
vt 0.212494 0.438554
vt 0.143193 0.409848
vt 0.114061 0.385940
vt 0.090152 0.143193
vt 0.114061 0.114060
vt 0.212494 0.061446
vt 0.250000 0.057752
vt 0.323570 0.072387
vt 0.356807 0.090152
vt 0.176430 0.427614
vt 0.409848 0.356807
vt 0.385939 0.385940
vt 0.057752 0.250000
vt 0.061446 0.212494
vt 0.287505 0.061446
vt 0.143193 0.090152
vt 0.287506 0.438554
vt 0.250000 0.442248
vt 0.385939 0.114060
vt 0.438554 0.212494
vt 0.442248 0.250000
vt 0.438554 0.287506
vt 0.212494 0.438554
vt 0.090152 0.356807
vt 0.061446 0.287506
vt 0.323570 0.427614
vt 0.176430 0.072387
vt 0.072386 0.176430
vt 0.427614 0.323570
vt 0.072386 0.323570
vt 0.356807 0.409848
vt 0.382128 0.450199
vt 0.343053 0.471085
vt 0.471085 0.343053
vt 0.450199 0.382127
vt 0.420575 0.081354
vt 0.448683 0.115604
vt 0.298134 0.015009
vt 0.340532 0.027871
vt 0.156947 0.471085
vt 0.117872 0.450199
vt 0.201866 0.484991
vt 0.159468 0.472130
vt 0.248636 0.489866
vt 0.204543 0.485523
vt 0.448683 0.384396
vt 0.420575 0.418646
vt 0.484990 0.298134
vt 0.472129 0.340532
vt 0.251364 0.010134
vt 0.295457 0.014477
vt 0.450199 0.117872
vt 0.471085 0.156947
vt 0.117872 0.049801
vt 0.156947 0.028916
vt 0.384397 0.051317
vt 0.418646 0.079424
vt 0.115603 0.448683
vt 0.081354 0.420576
vt 0.015010 0.201866
vt 0.027871 0.159468
vt 0.472129 0.159468
vt 0.484991 0.201866
vt 0.051317 0.115604
vt 0.079425 0.081354
vt 0.159468 0.027871
vt 0.201866 0.015010
vt 0.489866 0.251364
vt 0.485523 0.295458
vt 0.204543 0.014477
vt 0.248636 0.010134
vt 0.014477 0.295458
vt 0.010134 0.251364
vt 0.081354 0.079424
vt 0.115603 0.051317
vt 0.028915 0.156947
vt 0.049801 0.117872
vt 0.010134 0.248636
vt 0.014477 0.204542
vt 0.027871 0.340532
vt 0.015010 0.298134
vt 0.485523 0.204542
vt 0.489866 0.248636
vt 0.418646 0.420576
vt 0.384397 0.448683
vt 0.295457 0.485523
vt 0.251364 0.489866
vt 0.049801 0.382127
vt 0.028915 0.343053
vt 0.340532 0.472130
vt 0.298134 0.484991
vt 0.343053 0.028916
vt 0.382128 0.049801
vt 0.079425 0.418646
vt 0.051317 0.384396
vt 0.500000 0.500000
vt 0.541667 0.500000
vt 0.541667 0.583333
vt 0.500000 0.583333
vt 0.541667 0.666667
vt 0.500000 0.666667
vt 0.541667 0.750000
vt 0.500000 0.750000
vt 0.541667 0.833333
vt 0.500000 0.833333
vt 0.541667 0.916667
vt 0.500000 0.916667
vt 0.541667 1.000000
vt 0.500000 1.000000
vt 0.500000 0.000000
vt 0.541667 0.000000
vt 0.541667 0.083333
vt 0.500000 0.083333
vt 0.541667 0.166667
vt 0.500000 0.166667
vt 0.541667 0.250000
vt 0.500000 0.250000
vt 0.541667 0.333333
vt 0.500000 0.333333
vt 0.541667 0.416667
vt 0.500000 0.416667
vt 0.583333 0.500000
vt 0.583333 0.583333
vt 0.583333 0.666667
vt 0.583333 0.750000
vt 0.583333 0.833333
vt 0.583333 0.916667
vt 0.583333 1.000000
vt 0.583333 0.000000
vt 0.583333 0.083333
vt 0.583333 0.166667
vt 0.583333 0.250000
vt 0.583333 0.333333
vt 0.583333 0.416667
vt 0.625000 0.500000
vt 0.625000 0.583333
vt 0.625000 0.666667
vt 0.625000 0.750000
vt 0.625000 0.833333
vt 0.625000 0.916667
vt 0.625000 1.000000
vt 0.625000 0.000000
vt 0.625000 0.083333
vt 0.625000 0.166667
vt 0.625000 0.250000
vt 0.625000 0.333333
vt 0.625000 0.416667
vt 0.666667 0.500000
vt 0.666667 0.583333
vt 0.666667 0.666667
vt 0.666667 0.750000
vt 0.666667 0.833333
vt 0.666667 0.916667
vt 0.666667 1.000000
vt 0.666667 0.000000
vt 0.666667 0.083333
vt 0.666667 0.166667
vt 0.666667 0.250000
vt 0.666667 0.333333
vt 0.666667 0.416667
vt 0.708333 0.500000
vt 0.708333 0.583333
vt 0.708333 0.666667
vt 0.708333 0.750000
vt 0.708333 0.833333
vt 0.708333 0.916667
vt 0.708333 1.000000
vt 0.708333 0.000000
vt 0.708333 0.083333
vt 0.708333 0.166667
vt 0.708333 0.250000
vt 0.708333 0.333333
vt 0.708333 0.416667
vt 0.750000 0.500000
vt 0.750000 0.583333
vt 0.750000 0.666667
vt 0.750000 0.750000
vt 0.750000 0.833333
vt 0.750000 0.916667
vt 0.750000 1.000000
vt 0.750000 0.000000
vt 0.750000 0.083333
vt 0.750000 0.166667
vt 0.750000 0.250000
vt 0.750000 0.333333
vt 0.750000 0.416667
vt 0.791667 0.500000
vt 0.791667 0.583333
vt 0.791667 0.666667
vt 0.791667 0.750000
vt 0.791667 0.833333
vt 0.791667 0.916667
vt 0.791667 1.000000
vt 0.791667 0.000000
vt 0.791667 0.083333
vt 0.791667 0.166667
vt 0.791667 0.250000
vt 0.791667 0.333333
vt 0.791667 0.416667
vt 0.833333 0.500000
vt 0.833333 0.583333
vt 0.833333 0.666667
vt 0.833333 0.750000
vt 0.833333 0.833333
vt 0.833333 0.916667
vt 0.833333 1.000000
vt 0.833333 0.000000
vt 0.833333 0.083333
vt 0.833333 0.166667
vt 0.833333 0.250000
vt 0.833333 0.333333
vt 0.833333 0.416667
vt 0.875000 0.500000
vt 0.875000 0.583333
vt 0.875000 0.666667
vt 0.875000 0.750000
vt 0.875000 0.833333
vt 0.875000 0.916667
vt 0.875000 1.000000
vt 0.875000 0.000000
vt 0.875000 0.083333
vt 0.875000 0.166667
vt 0.875000 0.250000
vt 0.875000 0.333333
vt 0.875000 0.416667
vt 0.916667 0.500000
vt 0.916667 0.583333
vt 0.916667 0.666667
vt 0.916667 0.750000
vt 0.916667 0.833333
vt 0.916667 0.916667
vt 0.916667 1.000000
vt 0.916667 0.000000
vt 0.916667 0.083333
vt 0.916667 0.166667
vt 0.916667 0.250000
vt 0.916667 0.333333
vt 0.916667 0.416667
vt 0.958333 0.500000
vt 0.958333 0.583333
vt 0.958333 0.666667
vt 0.958333 0.750000
vt 0.958333 0.833333
vt 0.958333 0.916667
vt 0.958333 1.000000
vt 0.958333 0.000000
vt 0.958333 0.083333
vt 0.958333 0.166667
vt 0.958333 0.250000
vt 0.958333 0.333333
vt 0.958333 0.416667
vt 1.000000 0.500000
vt 1.000000 0.583333
vt 1.000000 0.666667
vt 1.000000 0.750000
vt 1.000000 0.833333
vt 1.000000 0.916667
vt 1.000000 1.000000
vt 1.000000 0.000000
vt 1.000000 0.083333
vt 1.000000 0.166667
vt 1.000000 0.250000
vt 1.000000 0.333333
vt 1.000000 0.416667
vt -0.000000 0.500000
vt 0.041667 0.500000
vt 0.041667 0.583333
vt -0.000000 0.583333
vt 0.041667 0.666667
vt -0.000000 0.666667
vt 0.041667 0.750000
vt -0.000000 0.750000
vt 0.041667 0.833333
vt -0.000000 0.833333
vt 0.041667 0.916667
vt -0.000000 0.916667
vt 0.041667 1.000000
vt -0.000000 1.000000
vt -0.000000 0.000000
vt 0.041667 0.000000
vt 0.041667 0.083333
vt -0.000000 0.083333
vt 0.041667 0.166667
vt -0.000000 0.166667
vt 0.041667 0.250000
vt -0.000000 0.250000
vt 0.041667 0.333333
vt -0.000000 0.333333
vt 0.041667 0.416667
vt -0.000000 0.416667
vt 0.083333 0.500000
vt 0.083333 0.583333
vt 0.083333 0.666667
vt 0.083333 0.750000
vt 0.083333 0.833333
vt 0.083333 0.916667
vt 0.083333 1.000000
vt 0.083333 0.000000
vt 0.083333 0.083333
vt 0.083333 0.166667
vt 0.083333 0.250000
vt 0.083333 0.333333
vt 0.083333 0.416667
vt 0.125000 0.500000
vt 0.125000 0.583333
vt 0.125000 0.666667
vt 0.125000 0.750000
vt 0.125000 0.833333
vt 0.125000 0.916667
vt 0.125000 1.000000
vt 0.125000 0.000000
vt 0.125000 0.083333
vt 0.125000 0.166667
vt 0.125000 0.250000
vt 0.125000 0.333333
vt 0.125000 0.416667
vt 0.166667 0.500000
vt 0.166667 0.583333
vt 0.166667 0.666667
vt 0.166667 0.750000
vt 0.166667 0.833333
vt 0.166667 0.916667
vt 0.166667 1.000000
vt 0.166667 0.000000
vt 0.166667 0.083333
vt 0.166667 0.166667
vt 0.166667 0.250000
vt 0.166667 0.333333
vt 0.166667 0.416667
vt 0.208333 0.500000
vt 0.208333 0.583333
vt 0.208333 0.666667
vt 0.208333 0.750000
vt 0.208333 0.833333
vt 0.208333 0.916667
vt 0.208333 1.000000
vt 0.208333 0.000000
vt 0.208333 0.083333
vt 0.208333 0.166667
vt 0.208333 0.250000
vt 0.208333 0.333333
vt 0.208333 0.416667
vt 0.250000 0.500000
vt 0.250000 0.583333
vt 0.250000 0.666667
vt 0.250000 0.750000
vt 0.250000 0.833333
vt 0.250000 0.916667
vt 0.250000 1.000000
vt 0.250000 0.000000
vt 0.250000 0.083333
vt 0.250000 0.166667
vt 0.250000 0.250000
vt 0.250000 0.333333
vt 0.250000 0.416667
vt 0.291667 0.500000
vt 0.291667 0.583333
vt 0.291667 0.666667
vt 0.291667 0.750000
vt 0.291667 0.833333
vt 0.291667 0.916667
vt 0.291667 1.000000
vt 0.291667 0.000000
vt 0.291667 0.083333
vt 0.291667 0.166667
vt 0.291667 0.250000
vt 0.291667 0.333333
vt 0.291667 0.416667
vt 0.333333 0.500000
vt 0.333333 0.583333
vt 0.333333 0.666667
vt 0.333333 0.750000
vt 0.333333 0.833333
vt 0.333333 0.916667
vt 0.333333 1.000000
vt 0.333333 0.000000
vt 0.333333 0.083333
vt 0.333333 0.166667
vt 0.333333 0.250000
vt 0.333333 0.333333
vt 0.333333 0.416667
vt 0.375000 0.500000
vt 0.375000 0.583333
vt 0.375000 0.666667
vt 0.375000 0.750000
vt 0.375000 0.833333
vt 0.375000 0.916667
vt 0.375000 1.000000
vt 0.375000 0.000000
vt 0.375000 0.083333
vt 0.375000 0.166667
vt 0.375000 0.250000
vt 0.375000 0.333333
vt 0.375000 0.416667
vt 0.416667 0.500000
vt 0.416667 0.583333
vt 0.416667 0.666667
vt 0.416667 0.750000
vt 0.416667 0.833333
vt 0.416667 0.916667
vt 0.416667 1.000000
vt 0.416667 0.000000
vt 0.416667 0.083333
vt 0.416667 0.166667
vt 0.416667 0.250000
vt 0.416667 0.333333
vt 0.416667 0.416667
vt 0.458333 0.500000
vt 0.458333 0.583333
vt 0.458333 0.666667
vt 0.458333 0.750000
vt 0.458333 0.833333
vt 0.458333 0.916667
vt 0.458333 1.000000
vt 0.458333 0.000000
vt 0.458333 0.083333
vt 0.458333 0.166667
vt 0.458333 0.250000
vt 0.458333 0.333333
vt 0.458333 0.416667
vt 1.000000 0.947910
vt 1.000000 1.000000
vt 0.968750 1.000000
vt 0.968750 0.947910
vt 0.531250 1.000000
vt 0.562500 1.000000
vt 0.562500 1.000000
vt 0.531250 1.000000
vt 0.968750 0.947909
vt 0.968750 1.000000
vt 0.937500 1.000000
vt 0.937500 0.947909
vt 0.062500 1.000000
vt 0.093750 1.000000
vt 0.093750 1.000000
vt 0.062500 1.000000
vt 0.968750 1.000000
vt 1.000000 1.000000
vt 1.000000 1.000000
vt 0.968750 1.000000
vt 0.937500 0.947909
vt 0.937500 1.000000
vt 0.906250 1.000000
vt 0.906250 0.947909
vt 0.531250 1.000000
vt 0.562500 1.000000
vt 0.562500 1.000000
vt 0.531250 1.000000
vt 0.187500 1.000000
vt 0.218750 1.000000
vt 0.218750 1.000000
vt 0.187500 1.000000
vt 0.906250 0.947909
vt 0.906250 1.000000
vt 0.875000 1.000000
vt 0.875000 0.947909
vt 0.218750 1.000000
vt 0.250000 1.000000
vt 0.250000 1.000000
vt 0.218750 1.000000
vt 0.281250 1.000000
vt 0.312500 1.000000
vt 0.312500 1.000000
vt 0.281250 1.000000
vt 0.312500 1.000000
vt 0.343750 1.000000
vt 0.343750 1.000000
vt 0.312500 1.000000
vt 0.781250 1.000000
vt 0.812500 1.000000
vt 0.812500 1.000000
vt 0.781250 1.000000
vt 0.875000 1.000000
vt 0.906250 1.000000
vt 0.906250 1.000000
vt 0.875000 1.000000
vt 0.593750 1.000000
vt 0.625000 1.000000
vt 0.625000 1.000000
vt 0.593750 1.000000
vt 0.875000 0.947909
vt 0.875000 1.000000
vt 0.843750 1.000000
vt 0.843750 0.947909
vt 0.906250 1.000000
vt 0.937500 1.000000
vt 0.937500 1.000000
vt 0.906250 1.000000
vt 1.000000 1.000000
vt 0.968750 1.000000
vt 0.843750 0.947909
vt 0.843750 1.000000
vt 0.812500 1.000000
vt 0.812500 0.947909
vt 0.593750 1.000000
vt 0.625000 1.000000
vt 0.625000 1.000000
vt 0.593750 1.000000
vt 0.437500 1.000000
vt 0.468750 1.000000
vt 0.468750 1.000000
vt 0.437500 1.000000
vt 0.812500 0.947909
vt 0.781250 0.947909
vt 0.375000 1.000000
vt 0.406250 1.000000
vt 0.406250 1.000000
vt 0.375000 1.000000
vt 0.781250 0.947909
vt 0.781250 1.000000
vt 0.750000 1.000000
vt 0.750000 0.947909
vt 0.968750 1.000000
vt 0.937500 1.000000
vt 0.375000 1.000000
vt 0.406250 1.000000
vt 0.406250 1.000000
vt 0.375000 1.000000
vt 0.750000 0.947909
vt 0.750000 1.000000
vt 0.718750 1.000000
vt 0.718750 0.947909
vt 0.250000 1.000000
vt 0.281250 1.000000
vt 0.281250 1.000000
vt 0.250000 1.000000
vt 0.187500 1.000000
vt 0.218750 1.000000
vt 0.218750 1.000000
vt 0.187500 1.000000
vt 0.718750 0.947909
vt 0.718750 1.000000
vt 0.687500 1.000000
vt 0.687500 0.947909
vt 0.000000 1.000000
vt 0.031250 1.000000
vt 0.031250 1.000000
vt 0.000000 1.000000
vt 0.156250 1.000000
vt 0.187500 1.000000
vt 0.187500 1.000000
vt 0.156250 1.000000
vt 0.687500 0.947909
vt 0.687500 1.000000
vt 0.656250 1.000000
vt 0.656250 0.947909
vt 0.687500 1.000000
vt 0.718750 1.000000
vt 0.718750 1.000000
vt 0.687500 1.000000
vt 0.656250 0.947909
vt 0.656250 1.000000
vt 0.625000 1.000000
vt 0.625000 0.947909
vt 0.937500 1.000000
vt 0.906250 1.000000
vt 0.718750 1.000000
vt 0.750000 1.000000
vt 0.750000 1.000000
vt 0.718750 1.000000
vt 0.343750 1.000000
vt 0.375000 1.000000
vt 0.375000 1.000000
vt 0.343750 1.000000
vt 0.625000 0.947909
vt 0.593750 0.947909
vt 0.750000 1.000000
vt 0.781250 1.000000
vt 0.781250 1.000000
vt 0.750000 1.000000
vt 0.312500 1.000000
vt 0.343750 1.000000
vt 0.343750 1.000000
vt 0.312500 1.000000
vt 0.593750 0.947910
vt 0.593750 1.000000
vt 0.562500 1.000000
vt 0.562500 0.947910
vt 0.406250 1.000000
vt 0.437500 1.000000
vt 0.437500 1.000000
vt 0.406250 1.000000
vt 0.406250 1.000000
vt 0.437500 1.000000
vt 0.437500 1.000000
vt 0.406250 1.000000
vt 0.562500 0.947909
vt 0.531250 0.947909
vt 0.409848 0.143193
vt 0.427614 0.176430
vt 0.427614 0.176430
vt 0.409848 0.143193
vt 0.531250 0.947910
vt 0.531250 1.000000
vt 0.500000 1.000000
vt 0.500000 0.947910
vt 0.593750 1.000000
vt 0.562500 1.000000
vt 0.062500 1.000000
vt 0.093750 1.000000
vt 0.093750 1.000000
vt 0.062500 1.000000
vt 0.250000 1.000000
vt 0.281250 1.000000
vt 0.281250 1.000000
vt 0.250000 1.000000
vt 0.500000 0.947909
vt 0.500000 1.000000
vt 0.468750 1.000000
vt 0.468750 0.947909
vt 0.343750 1.000000
vt 0.375000 1.000000
vt 0.375000 1.000000
vt 0.343750 1.000000
vt 0.843750 1.000000
vt 0.812500 1.000000
vt 0.468750 0.947909
vt 0.437500 0.947909
vt 0.500000 1.000000
vt 0.531250 1.000000
vt 0.531250 1.000000
vt 0.500000 1.000000
vt 0.531250 1.000000
vt 0.500000 1.000000
vt 0.437500 0.947909
vt 0.406250 0.947909
vt 0.812500 1.000000
vt 0.843750 1.000000
vt 0.843750 1.000000
vt 0.812500 1.000000
vt 0.406250 0.947910
vt 0.375000 0.947910
vt 0.875000 1.000000
vt 0.843750 1.000000
vt 0.843750 1.000000
vt 0.875000 1.000000
vt 0.875000 1.000000
vt 0.843750 1.000000
vt 0.687500 1.000000
vt 0.656250 1.000000
vt 0.375000 0.947909
vt 0.343750 0.947909
vt 0.937500 1.000000
vt 0.968750 1.000000
vt 0.968750 1.000000
vt 0.937500 1.000000
vt 0.500000 1.000000
vt 0.468750 1.000000
vt 0.343750 0.947909
vt 0.312500 0.947909
vt 0.625000 1.000000
vt 0.656250 1.000000
vt 0.656250 1.000000
vt 0.625000 1.000000
vt 0.031250 1.000000
vt 0.062500 1.000000
vt 0.062500 1.000000
vt 0.031250 1.000000
vt 0.312500 0.947909
vt 0.312500 1.000000
vt 0.281250 1.000000
vt 0.281250 0.947909
vt 0.031250 1.000000
vt 0.062500 1.000000
vt 0.062500 1.000000
vt 0.031250 1.000000
vt 0.281250 0.947910
vt 0.250000 0.947910
vt 0.750000 0.500000
vt 0.791667 0.500000
vt 0.791667 0.583333
vt 0.750000 0.583333
vt 0.791667 0.666667
vt 0.750000 0.666667
vt 0.791667 0.750000
vt 0.750000 0.750000
vt 0.791667 0.833333
vt 0.750000 0.833333
vt 0.791667 0.916667
vt 0.750000 0.916667
vt 0.791667 1.000000
vt 0.750000 1.000000
vt 0.750000 0.000000
vt 0.791667 0.000000
vt 0.791667 0.083333
vt 0.750000 0.083333
vt 0.791667 0.166667
vt 0.750000 0.166667
vt 0.791667 0.250000
vt 0.750000 0.250000
vt 0.791667 0.333333
vt 0.750000 0.333333
vt 0.791667 0.416667
vt 0.750000 0.416667
vt 0.833333 0.500000
vt 0.833333 0.583333
vt 0.833333 0.666667
vt 0.833333 0.750000
vt 0.833333 0.833333
vt 0.833333 0.916667
vt 0.833333 1.000000
vt 0.833333 0.000000
vt 0.833333 0.083333
vt 0.833333 0.166667
vt 0.833333 0.250000
vt 0.833333 0.333333
vt 0.833333 0.416667
vt 0.875000 0.500000
vt 0.875000 0.583333
vt 0.875000 0.666667
vt 0.875000 0.750000
vt 0.875000 0.833333
vt 0.875000 0.916667
vt 0.875000 1.000000
vt 0.875000 0.000000
vt 0.875000 0.083333
vt 0.875000 0.166667
vt 0.875000 0.250000
vt 0.875000 0.333333
vt 0.875000 0.416667
vt 0.916667 0.500000
vt 0.916667 0.583333
vt 0.916667 0.666667
vt 0.916667 0.750000
vt 0.916667 0.833333
vt 0.916667 0.916667
vt 0.916667 1.000000
vt 0.916667 0.000000
vt 0.916667 0.083333
vt 0.916667 0.166667
vt 0.916667 0.250000
vt 0.916667 0.333333
vt 0.916667 0.416667
vt 0.958333 0.500000
vt 0.958333 0.583333
vt 0.958333 0.666667
vt 0.958333 0.750000
vt 0.958333 0.833333
vt 0.958333 0.916667
vt 0.958333 1.000000
vt 0.958333 0.000000
vt 0.958333 0.083333
vt 0.958333 0.166667
vt 0.958333 0.250000
vt 0.958333 0.333333
vt 0.958333 0.416667
vt 1.000000 0.500000
vt 1.000000 0.583333
vt 1.000000 0.666667
vt 1.000000 0.750000
vt 1.000000 0.833333
vt 1.000000 0.916667
vt 1.000000 1.000000
vt 1.000000 0.000000
vt 1.000000 0.083333
vt 1.000000 0.166667
vt 1.000000 0.250000
vt 1.000000 0.333333
vt 1.000000 0.416667
vt -0.000000 0.500000
vt 0.041667 0.500000
vt 0.041667 0.583333
vt -0.000000 0.583333
vt 0.041667 0.666667
vt -0.000000 0.666667
vt 0.041667 0.750000
vt -0.000000 0.750000
vt 0.041667 0.833333
vt -0.000000 0.833333
vt 0.041667 0.916667
vt -0.000000 0.916667
vt 0.041667 1.000000
vt -0.000000 1.000000
vt -0.000000 0.000000
vt 0.041667 0.000000
vt 0.041667 0.083333
vt -0.000000 0.083333
vt 0.041667 0.166667
vt -0.000000 0.166667
vt 0.041667 0.250000
vt -0.000000 0.250000
vt 0.041667 0.333333
vt -0.000000 0.333333
vt 0.041667 0.416667
vt -0.000000 0.416667
vt 0.083333 0.500000
vt 0.083333 0.583333
vt 0.083333 0.666667
vt 0.083333 0.750000
vt 0.083333 0.833333
vt 0.083333 0.916667
vt 0.083333 1.000000
vt 0.083333 0.000000
vt 0.083333 0.083333
vt 0.083333 0.166667
vt 0.083333 0.250000
vt 0.083333 0.333333
vt 0.083333 0.416667
vt 0.125000 0.500000
vt 0.125000 0.583333
vt 0.125000 0.666667
vt 0.125000 0.750000
vt 0.125000 0.833333
vt 0.125000 0.916667
vt 0.125000 1.000000
vt 0.125000 0.000000
vt 0.125000 0.083333
vt 0.125000 0.166667
vt 0.125000 0.250000
vt 0.125000 0.333333
vt 0.125000 0.416667
vt 0.166667 0.500000
vt 0.166667 0.583333
vt 0.166667 0.666667
vt 0.166667 0.750000
vt 0.166667 0.833333
vt 0.166667 0.916667
vt 0.166667 1.000000
vt 0.166667 0.000000
vt 0.166667 0.083333
vt 0.166667 0.166667
vt 0.166667 0.250000
vt 0.166667 0.333333
vt 0.166667 0.416667
vt 0.208333 0.500000
vt 0.208333 0.583333
vt 0.208333 0.666667
vt 0.208333 0.750000
vt 0.208333 0.833333
vt 0.208333 0.916667
vt 0.208333 1.000000
vt 0.208333 0.000000
vt 0.208333 0.083333
vt 0.208333 0.166667
vt 0.208333 0.250000
vt 0.208333 0.333333
vt 0.208333 0.416667
vt 0.250000 0.500000
vt 0.250000 0.583333
vt 0.250000 0.666667
vt 0.250000 0.750000
vt 0.250000 0.833333
vt 0.250000 0.916667
vt 0.250000 1.000000
vt 0.250000 0.000000
vt 0.250000 0.083333
vt 0.250000 0.166667
vt 0.250000 0.250000
vt 0.250000 0.333333
vt 0.250000 0.416667
vt 0.250000 0.947909
vt 0.218750 0.947909
vt 0.218750 0.947909
vt 0.187500 0.947909
vt 0.656250 1.000000
vt 0.625000 1.000000
vt 0.093750 1.000000
vt 0.125000 1.000000
vt 0.125000 1.000000
vt 0.093750 1.000000
vt 0.750000 0.833333
vt 0.750000 0.916667
vt 0.750000 0.916667
vt 0.750000 0.833333
vt 0.750000 0.083333
vt 0.750000 0.166667
vt 0.750000 0.166667
vt 0.750000 0.083333
vt 0.750000 0.500000
vt 0.750000 0.583333
vt 0.750000 0.583333
vt 0.750000 0.500000
vt 0.250000 0.750000
vt 0.250000 0.666667
vt 0.250000 0.666667
vt 0.250000 0.750000
vt 0.750000 0.666667
vt 0.750000 0.666667
vt 0.250000 0.166667
vt 0.250000 0.083333
vt 0.250000 0.083333
vt 0.250000 0.166667
vt 0.250000 0.000000
vt 0.250000 0.000000
vt 0.750000 1.000000
vt 0.718750 1.000000
vt 0.781250 1.000000
vt 0.812500 1.000000
vt 0.812500 1.000000
vt 0.781250 1.000000
vt 0.468750 1.000000
vt 0.500000 1.000000
vt 0.500000 1.000000
vt 0.468750 1.000000
vt 0.187500 0.947909
vt 0.156250 0.947909
vt 0.906250 1.000000
vt 0.875000 1.000000
vt 0.250000 0.916667
vt 0.250000 0.833333
vt 0.250000 0.833333
vt 0.250000 0.916667
vt 0.750000 0.750000
vt 0.750000 0.750000
vt 0.750000 0.250000
vt 0.750000 0.250000
vt 0.750000 0.416667
vt 0.750000 0.416667
vt 0.750000 0.000000
vt 0.750000 0.000000
vt 0.250000 0.500000
vt 0.250000 0.416667
vt 0.250000 0.416667
vt 0.250000 0.500000
vt 0.125000 1.000000
vt 0.156250 1.000000
vt 0.156250 1.000000
vt 0.125000 1.000000
vt 0.250000 0.583333
vt 0.250000 0.583333
vt 0.250000 1.000000
vt 0.250000 1.000000
vt 0.250000 0.333333
vt 0.250000 0.333333
vt 0.250000 0.250000
vt 0.250000 0.250000
vt 0.750000 0.333333
vt 0.750000 0.333333
vt 0.750000 1.000000
vt 0.750000 1.000000
vt 0.781250 1.000000
vt 0.750000 1.000000
vt 0.156250 0.947909
vt 0.125000 0.947909
vt 0.000000 1.000000
vt 0.031250 1.000000
vt 0.031250 1.000000
vt 0.000000 1.000000
vt 0.156250 1.000000
vt 0.187500 1.000000
vt 0.187500 1.000000
vt 0.156250 1.000000
vt 0.125000 0.947910
vt 0.125000 1.000000
vt 0.093750 1.000000
vt 0.093750 0.947910
vt 0.718750 1.000000
vt 0.687500 1.000000
vt 0.218750 1.000000
vt 0.250000 1.000000
vt 0.250000 1.000000
vt 0.218750 1.000000
vt 0.093750 0.947910
vt 0.062500 0.947910
vt 0.125000 1.000000
vt 0.093750 1.000000
vt 0.656250 1.000000
vt 0.687500 1.000000
vt 0.687500 1.000000
vt 0.656250 1.000000
vt 0.062500 0.947910
vt 0.031250 0.947910
vt 0.580294 0.419706
vt 0.616663 0.449553
vt 0.658156 0.471731
vt 0.703178 0.485388
vt 0.750000 0.490000
vt 0.796822 0.485388
vt 0.841844 0.471731
vt 0.883337 0.449553
vt 0.919706 0.419706
vt 0.949553 0.383336
vt 0.971731 0.341844
vt 0.985388 0.296822
vt 0.990000 0.250000
vt 0.985388 0.203178
vt 0.971731 0.158156
vt 0.949553 0.116664
vt 0.919706 0.080294
vt 0.883337 0.050447
vt 0.841844 0.028268
vt 0.796822 0.014612
vt 0.750000 0.010000
vt 0.703178 0.014612
vt 0.658156 0.028268
vt 0.616663 0.050447
vt 0.580294 0.080294
vt 0.550447 0.116663
vt 0.528269 0.158156
vt 0.514612 0.203178
vt 0.510000 0.250000
vt 0.514612 0.296822
vt 0.528269 0.341844
vt 0.550447 0.383336
vt 0.125000 1.000000
vt 0.156250 1.000000
vt 0.156250 1.000000
vt 0.125000 1.000000
vt 0.031250 0.947909
vt 0.000000 0.947909
vt 0.312500 1.000000
vt 0.281250 1.000000
vt 0.437500 1.000000
vt 0.468750 1.000000
vt 0.468750 1.000000
vt 0.437500 1.000000
vt 0.124089 1.000000
vt 0.094661 1.000000
vt 0.111351 0.388649
vt 0.086966 0.358936
vt 0.090152 0.356807
vt 0.114061 0.385940
vt 0.624089 1.000000
vt 0.594661 1.000000
vt 0.325036 0.068846
vt 0.358936 0.086966
vt 0.356807 0.090152
vt 0.323570 0.072387
vt 0.217839 1.000000
vt 0.188411 1.000000
vt 0.325036 0.431154
vt 0.288253 0.442312
vt 0.287506 0.438554
vt 0.323570 0.427614
vt 0.936589 1.000000
vt 0.907161 1.000000
vt 0.068846 0.325036
vt 0.072386 0.323570
vt 0.186589 1.000000
vt 0.157161 1.000000
vt 0.250000 0.446080
vt 0.250000 0.442248
vt 0.311589 1.000000
vt 0.282161 1.000000
vt 0.388649 0.388649
vt 0.358936 0.413034
vt 0.356807 0.409848
vt 0.385939 0.385940
vt 0.467839 1.000000
vt 0.438411 1.000000
vt 0.442312 0.211747
vt 0.446080 0.250000
vt 0.442248 0.250000
vt 0.438554 0.212494
vt 0.092839 1.000000
vt 0.063411 1.000000
vt 0.057688 0.288253
vt 0.061446 0.287506
vt 0.061589 1.000000
vt 0.032161 1.000000
vt 0.053920 0.250000
vt 0.057688 0.211747
vt 0.061446 0.212494
vt 0.057752 0.250000
vt 0.874089 1.000000
vt 0.844661 1.000000
vt 0.068846 0.174964
vt 0.086966 0.141064
vt 0.090152 0.143193
vt 0.072386 0.176430
vt 0.811589 1.000000
vt 0.782161 1.000000
vt 0.111351 0.111351
vt 0.141064 0.086966
vt 0.143193 0.090152
vt 0.114061 0.114060
vt 0.905339 1.000000
vt 0.875911 1.000000
vt 0.717839 1.000000
vt 0.688411 1.000000
vt 0.211747 0.057688
vt 0.250000 0.053920
vt 0.250000 0.057752
vt 0.212494 0.061446
vt 0.436589 1.000000
vt 0.407161 1.000000
vt 0.442312 0.288253
vt 0.438554 0.287506
vt 0.749089 1.000000
vt 0.719661 1.000000
vt 0.174964 0.068846
vt 0.176430 0.072387
vt 0.842839 1.000000
vt 0.813411 1.000000
vt 0.499089 1.000000
vt 0.469661 1.000000
vt 0.431154 0.174964
vt 0.427614 0.176430
vt 0.780339 1.000000
vt 0.750911 1.000000
vt 0.967839 1.000000
vt 0.938411 1.000000
vt 0.141064 0.413034
vt 0.143193 0.409848
vt 0.562500 1.000000
vt 0.593750 1.000000
vt 0.592839 1.000000
vt 0.563411 1.000000
vt 0.388649 0.111351
vt 0.385939 0.114060
vt 0.655340 1.000000
vt 0.625911 1.000000
vt 0.405339 1.000000
vt 0.375911 1.000000
vt 0.413034 0.141064
vt 0.409848 0.143193
vt 0.686589 1.000000
vt 0.657161 1.000000
vt 0.288253 0.057688
vt 0.287505 0.061446
vt 0.280339 1.000000
vt 0.250911 1.000000
vt 0.431154 0.325036
vt 0.427614 0.323570
vt 0.342839 1.000000
vt 0.313411 1.000000
vt 0.413034 0.358936
vt 0.409848 0.356807
vt 0.030339 1.000000
vt 0.000911 1.000000
vt 0.211747 0.442312
vt 0.212494 0.438554
vt 0.999089 1.000000
vt 0.969661 1.000000
vt 0.174964 0.431154
vt 0.176430 0.427614
vt 0.155339 1.000000
vt 0.125911 1.000000
vt 0.530340 1.000000
vt 0.500911 1.000000
vt 0.561590 1.000000
vt 0.532161 1.000000
vt 0.374089 1.000000
vt 0.344661 1.000000
vt 0.249089 1.000000
vt 0.219661 1.000000
vt 0.562500 1.000000
vt 0.593750 1.000000
vt 0.031250 0.500000
vt 0.031250 0.541810
vt 0.000000 0.541810
vt 0.000000 0.500000
vt 0.062500 0.500000
vt 0.062500 0.541810
vt 0.031250 0.541810
vt 0.031250 0.500000
vt 0.093750 0.500000
vt 0.093750 0.541810
vt 0.062500 0.541810
vt 0.062500 0.500000
vt 0.125000 0.500000
vt 0.125000 0.541810
vt 0.093750 0.541810
vt 0.093750 0.500000
vt 0.156250 0.500000
vt 0.156250 0.541810
vt 0.125000 0.541810
vt 0.125000 0.500000
vt 0.187500 0.500000
vt 0.187500 0.541810
vt 0.156250 0.541810
vt 0.156250 0.500000
vt 0.218750 0.500000
vt 0.218750 0.541810
vt 0.187500 0.541810
vt 0.187500 0.500000
vt 0.250000 0.500000
vt 0.250000 0.541810
vt 0.218750 0.541810
vt 0.218750 0.500000
vt 0.281250 0.500000
vt 0.281250 0.541810
vt 0.250000 0.541810
vt 0.250000 0.500000
vt 0.312500 0.500000
vt 0.312500 0.541810
vt 0.281250 0.541810
vt 0.281250 0.500000
vt 0.343750 0.500000
vt 0.343750 0.541810
vt 0.312500 0.541810
vt 0.312500 0.500000
vt 0.375000 0.500000
vt 0.375000 0.541810
vt 0.343750 0.541810
vt 0.343750 0.500000
vt 0.406250 0.500000
vt 0.406250 0.541810
vt 0.375000 0.541810
vt 0.375000 0.500000
vt 0.437500 0.500000
vt 0.437500 0.541810
vt 0.406250 0.541810
vt 0.406250 0.500000
vt 0.468750 0.500000
vt 0.468750 0.541810
vt 0.437500 0.541810
vt 0.437500 0.500000
vt 0.500000 0.500000
vt 0.500000 0.541810
vt 0.468750 0.541810
vt 0.468750 0.500000
vt 0.531250 0.500000
vt 0.531250 0.541810
vt 0.500000 0.541810
vt 0.500000 0.500000
vt 0.562500 0.500000
vt 0.562500 0.541810
vt 0.531250 0.541810
vt 0.531250 0.500000
vt 0.593750 0.500000
vt 0.593750 0.541810
vt 0.562500 0.541810
vt 0.562500 0.500000
vt 0.625000 0.500000
vt 0.625000 0.541810
vt 0.593750 0.541810
vt 0.593750 0.500000
vt 0.656250 0.500000
vt 0.656250 0.541810
vt 0.625000 0.541810
vt 0.625000 0.500000
vt 0.687500 0.500000
vt 0.687500 0.541810
vt 0.656250 0.541810
vt 0.656250 0.500000
vt 0.718750 0.500000
vt 0.718750 0.541810
vt 0.687500 0.541810
vt 0.687500 0.500000
vt 0.750000 0.500000
vt 0.750000 0.541810
vt 0.718750 0.541810
vt 0.718750 0.500000
vt 0.781250 0.500000
vt 0.781250 0.541810
vt 0.750000 0.541810
vt 0.750000 0.500000
vt 0.812500 0.500000
vt 0.812500 0.541810
vt 0.781250 0.541810
vt 0.781250 0.500000
vt 0.843750 0.500000
vt 0.843750 0.541810
vt 0.812500 0.541810
vt 0.812500 0.500000
vt 0.875000 0.500000
vt 0.875000 0.541810
vt 0.843750 0.541810
vt 0.843750 0.500000
vt 0.906250 0.500000
vt 0.906250 0.541810
vt 0.875000 0.541810
vt 0.875000 0.500000
vt 0.937500 0.500000
vt 0.937500 0.541810
vt 0.906250 0.541810
vt 0.906250 0.500000
vt 0.968750 0.500000
vt 0.968750 0.541810
vt 0.937500 0.541810
vt 0.937500 0.500000
vt 1.000000 0.500000
vt 1.000000 0.541810
vt 0.968750 0.541810
vt 0.968750 0.500000
vt 0.176430 0.427614
vt 0.143193 0.409848
vt 0.114061 0.385940
vt 0.090152 0.356807
vt 0.072386 0.323570
vt 0.061446 0.287506
vt 0.057752 0.250000
vt 0.061446 0.212494
vt 0.072386 0.176430
vt 0.090152 0.143193
vt 0.114061 0.114060
vt 0.143193 0.090152
vt 0.176430 0.072387
vt 0.212494 0.061446
vt 0.250000 0.057752
vt 0.287505 0.061446
vt 0.323570 0.072387
vt 0.356807 0.090152
vt 0.385939 0.114060
vt 0.438554 0.212494
vt 0.442248 0.250000
vt 0.438554 0.287506
vt 0.427614 0.323570
vt 0.409848 0.356807
vt 0.385939 0.385940
vt 0.356807 0.409848
vt 0.323570 0.427614
vt 0.287506 0.438554
vt 0.250000 0.442248
vt 0.212494 0.438554
vt 0.143193 0.409848
vt 0.114061 0.385940
vt 0.090152 0.143193
vt 0.114061 0.114060
vt 0.212494 0.061446
vt 0.250000 0.057752
vt 0.323570 0.072387
vt 0.356807 0.090152
vt 0.176430 0.427614
vt 0.409848 0.356807
vt 0.385939 0.385940
vt 0.057752 0.250000
vt 0.061446 0.212494
vt 0.287505 0.061446
vt 0.143193 0.090152
vt 0.287506 0.438554
vt 0.250000 0.442248
vt 0.385939 0.114060
vt 0.438554 0.212494
vt 0.442248 0.250000
vt 0.438554 0.287506
vt 0.212494 0.438554
vt 0.090152 0.356807
vt 0.061446 0.287506
vt 0.323570 0.427614
vt 0.176430 0.072387
vt 0.072386 0.176430
vt 0.427614 0.323570
vt 0.072386 0.323570
vt 0.356807 0.409848
vt 0.382128 0.450199
vt 0.343053 0.471085
vt 0.471085 0.343053
vt 0.450199 0.382127
vt 0.420575 0.081354
vt 0.448683 0.115604
vt 0.298134 0.015009
vt 0.340532 0.027871
vt 0.156947 0.471085
vt 0.117872 0.450199
vt 0.201866 0.484991
vt 0.159468 0.472130
vt 0.248636 0.489866
vt 0.204543 0.485523
vt 0.448683 0.384396
vt 0.420575 0.418646
vt 0.484990 0.298134
vt 0.472129 0.340532
vt 0.251364 0.010134
vt 0.295457 0.014477
vt 0.450199 0.117872
vt 0.471085 0.156947
vt 0.117872 0.049801
vt 0.156947 0.028916
vt 0.384397 0.051317
vt 0.418646 0.079424
vt 0.115603 0.448683
vt 0.081354 0.420576
vt 0.015010 0.201866
vt 0.027871 0.159468
vt 0.472129 0.159468
vt 0.484991 0.201866
vt 0.051317 0.115604
vt 0.079425 0.081354
vt 0.159468 0.027871
vt 0.201866 0.015010
vt 0.489866 0.251364
vt 0.485523 0.295458
vt 0.204543 0.014477
vt 0.248636 0.010134
vt 0.014477 0.295458
vt 0.010134 0.251364
vt 0.081354 0.079424
vt 0.115603 0.051317
vt 0.028915 0.156947
vt 0.049801 0.117872
vt 0.010134 0.248636
vt 0.014477 0.204542
vt 0.027871 0.340532
vt 0.015010 0.298134
vt 0.485523 0.204542
vt 0.489866 0.248636
vt 0.418646 0.420576
vt 0.384397 0.448683
vt 0.295457 0.485523
vt 0.251364 0.489866
vt 0.049801 0.382127
vt 0.028915 0.343053
vt 0.340532 0.472130
vt 0.298134 0.484991
vt 0.343053 0.028916
vt 0.382128 0.049801
vt 0.079425 0.418646
vt 0.051317 0.384396
vn -0.2828 -0.2079 -0.9364
vn -0.3771 -0.0146 -0.9260
vn -0.4030 -0.0122 -0.9151
vn -0.4130 -0.0171 -0.9106
vn -0.4208 -0.0143 -0.9070
vn -0.4187 -0.0173 -0.9080
vn -0.3786 -0.0081 -0.9255
vn -0.2828 -0.2079 0.9364
vn -0.3771 -0.0146 0.9260
vn -0.4030 -0.0122 0.9151
vn -0.4130 -0.0171 0.9106
vn -0.4208 -0.0143 0.9070
vn -0.4187 -0.0173 0.9080
vn -0.3786 -0.0081 0.9255
vn 0.9992 -0.0395 0.0000
vn -0.9995 -0.0318 0.0000
vn 0.9993 -0.0379 0.0000
vn -0.9993 -0.0379 0.0000
vn 0.9995 -0.0318 0.0000
vn 0.9993 -0.0383 0.0000
vn -0.9992 -0.0395 0.0000
vn 0.9989 -0.0463 0.0000
vn 0.0000 1.0000 0.0000
vn 0.9995 -0.0330 0.0000
vn -0.8518 -0.5238 0.0000
vn -0.9993 -0.0383 0.0000
vn -0.9995 -0.0330 0.0000
vn 0.8518 -0.5238 0.0000
vn -0.9989 -0.0463 0.0000
vn 0.3674 -0.0090 0.9300
vn 0.0104 -0.0111 0.9999
vn 0.0000 -0.0086 1.0000
vn -0.0101 -0.0110 0.9999
vn 0.4073 -0.0176 0.9131
vn 0.0000 -0.0068 1.0000
vn 0.4097 -0.0136 0.9121
vn 0.0000 -0.0108 0.9999
vn 0.4039 -0.0180 0.9146
vn 0.0000 -0.0082 1.0000
vn 0.3956 -0.0114 0.9183
vn -0.0000 -0.0008 1.0000
vn 0.3729 -0.0138 0.9278
vn 0.0000 0.0000 1.0000
vn 0.2754 -0.2035 0.9396
vn 0.3577 -0.2259 0.9061
vn -0.3541 -0.2278 0.9070
vn 0.3674 -0.0090 -0.9300
vn 0.0104 -0.0111 -0.9999
vn 0.0000 -0.0086 -1.0000
vn -0.0101 -0.0110 -0.9999
vn 0.4073 -0.0176 -0.9131
vn 0.0000 -0.0068 -1.0000
vn 0.4097 -0.0136 -0.9121
vn 0.0000 -0.0108 -0.9999
vn 0.4039 -0.0180 -0.9146
vn 0.0000 -0.0082 -1.0000
vn 0.3956 -0.0114 -0.9183
vn -0.0000 -0.0008 -1.0000
vn 0.3729 -0.0138 -0.9278
vn 0.0000 0.0000 -1.0000
vn 0.2754 -0.2035 -0.9396
vn 0.3577 -0.2259 -0.9061
vn -0.3541 -0.2278 -0.9070
vn -0.0980 0.0000 -0.9952
vn 0.2903 0.0000 -0.9569
vn 0.4714 0.0000 -0.8819
vn 0.6344 0.0000 -0.7730
vn 0.7730 0.0000 -0.6344
vn 0.8819 0.0000 -0.4714
vn 0.9570 0.0000 -0.2902
vn 0.9952 0.0000 -0.0981
vn 0.9952 0.0000 0.0981
vn 0.9570 0.0000 0.2902
vn 0.8819 0.0000 0.4714
vn 0.7730 0.0000 0.6344
vn 0.6344 0.0000 0.7730
vn 0.4714 0.0000 0.8819
vn 0.2903 0.0000 0.9569
vn 0.0980 0.0000 0.9952
vn -0.0980 0.0000 0.9952
vn -0.2903 0.0000 0.9569
vn -0.4714 0.0000 0.8819
vn -0.6344 0.0000 0.7730
vn -0.7730 0.0000 0.6344
vn -0.8819 0.0000 0.4714
vn -0.9569 0.0000 0.2903
vn -0.9952 0.0000 0.0980
vn -0.9952 0.0000 -0.0980
vn -0.9569 0.0000 -0.2903
vn -0.8819 0.0000 -0.4714
vn -0.7730 0.0000 -0.6344
vn -0.6344 0.0000 -0.7730
vn -0.4714 0.0000 -0.8819
vn -0.2903 0.0000 -0.9569
vn 0.0000 -1.0000 0.0000
vn 0.9952 0.0000 -0.0980
vn -0.2902 0.0000 -0.9570
vn 0.9952 0.0000 0.0980
vn 0.9569 0.0000 -0.2903
vn 0.9569 0.0000 0.2903
vn 0.0980 0.0000 -0.9952
vn -0.2903 0.0000 0.9570
vn -0.2903 0.0000 -0.9570
vn 0.7730 0.0000 0.6345
vn -0.6812 -0.7291 0.0671
vn -0.6812 0.7291 0.0671
vn -0.7532 -0.6536 0.0742
vn -0.7533 0.6535 0.0742
vn -0.7548 -0.6518 0.0743
vn -0.7547 0.6518 0.0743
vn -0.7524 -0.6545 0.0741
vn -0.7524 0.6545 0.0741
vn -0.6935 -0.7172 0.0683
vn -0.6935 0.7172 0.0683
vn -0.6330 -0.7717 0.0623
vn -0.6329 0.7717 0.0623
vn -0.7243 -0.6858 0.0714
vn -0.7243 0.6857 0.0714
vn -0.7470 -0.6608 0.0736
vn -0.7470 0.6608 0.0736
vn -0.7528 -0.6541 0.0742
vn -0.7528 0.6541 0.0742
vn -0.8099 -0.5812 0.0797
vn -0.8099 0.5811 0.0797
vn -0.7798 -0.6213 0.0768
vn -0.7798 0.6213 0.0768
vn -0.8127 -0.5772 0.0800
vn -0.8126 0.5772 0.0800
vn 0.1987 -0.7291 0.6550
vn 0.1987 0.7290 0.6550
vn 0.2197 -0.6536 0.7242
vn 0.2197 0.6536 0.7243
vn 0.2201 -0.6519 0.7257
vn 0.2201 0.6519 0.7257
vn 0.2195 -0.6544 0.7236
vn 0.2195 0.6544 0.7236
vn 0.2022 -0.7173 0.6667
vn 0.2022 0.7173 0.6668
vn 0.1846 -0.7717 0.6086
vn 0.1846 0.7717 0.6087
vn 0.2113 -0.6858 0.6965
vn 0.2113 0.6858 0.6965
vn 0.2179 -0.6608 0.7183
vn 0.2179 0.6608 0.7183
vn 0.2196 -0.6540 0.7239
vn 0.2196 0.6541 0.7239
vn 0.2362 -0.5813 0.7787
vn 0.2362 0.5812 0.7787
vn 0.2275 -0.6212 0.7499
vn 0.2275 0.6212 0.7499
vn 0.2370 -0.5774 0.7813
vn 0.2370 0.5775 0.7813
vn 0.6036 -0.7291 -0.3226
vn 0.6036 0.7291 -0.3226
vn 0.6675 -0.6536 -0.3568
vn 0.6676 0.6534 -0.3569
vn 0.6688 -0.6519 -0.3574
vn 0.6688 0.6519 -0.3574
vn 0.6669 -0.6544 -0.3564
vn 0.6669 0.6544 -0.3564
vn 0.6145 -0.7173 -0.3285
vn 0.6146 0.7172 -0.3285
vn 0.5611 -0.7715 -0.2999
vn 0.5611 0.7715 -0.2999
vn 0.6419 -0.6858 -0.3431
vn 0.6419 0.6857 -0.3431
vn 0.6620 -0.6607 -0.3539
vn 0.6620 0.6607 -0.3539
vn 0.6672 -0.6540 -0.3566
vn 0.6672 0.6540 -0.3566
vn 0.7176 -0.5813 -0.3836
vn 0.7176 0.5813 -0.3836
vn 0.6911 -0.6212 -0.3694
vn 0.6911 0.6212 -0.3694
vn 0.7200 -0.5775 -0.3848
vn 0.7200 0.5775 -0.3848
vn -0.5291 -0.7291 -0.4342
vn -0.5292 0.7290 -0.4343
vn -0.5851 -0.6535 -0.4801
vn -0.5851 0.6535 -0.4802
vn -0.5863 -0.6518 -0.4811
vn -0.5862 0.6518 -0.4811
vn -0.5846 -0.6542 -0.4798
vn -0.5846 0.6542 -0.4798
vn -0.5387 -0.7172 -0.4421
vn -0.5386 0.7173 -0.4420
vn -0.4917 -0.7716 -0.4035
vn -0.4917 0.7716 -0.4035
vn -0.5626 -0.6858 -0.4617
vn -0.5627 0.6857 -0.4617
vn -0.5802 -0.6608 -0.4762
vn -0.5802 0.6608 -0.4762
vn -0.5848 -0.6540 -0.4799
vn -0.5848 0.6540 -0.4799
vn -0.6291 -0.5810 -0.5163
vn -0.6291 0.5810 -0.5164
vn -0.6059 -0.6210 -0.4972
vn -0.6059 0.6210 -0.4972
vn -0.6312 -0.5774 -0.5180
vn -0.6311 0.5774 -0.5180
vn -0.3226 -0.7291 0.6036
vn -0.3226 0.7291 0.6036
vn -0.3568 -0.6535 0.6675
vn -0.3568 0.6535 0.6675
vn -0.3575 -0.6518 0.6688
vn -0.3575 0.6519 0.6688
vn -0.3565 -0.6544 0.6669
vn -0.3565 0.6544 0.6669
vn -0.3285 -0.7173 0.6145
vn -0.3284 0.7174 0.6144
vn -0.2999 -0.7716 0.5610
vn -0.2999 0.7716 0.5610
vn -0.3431 -0.6857 0.6419
vn -0.3431 0.6857 0.6419
vn -0.3539 -0.6607 0.6620
vn -0.3539 0.6607 0.6620
vn -0.3566 -0.6541 0.6671
vn -0.3566 0.6541 0.6671
vn -0.3836 -0.5813 0.7176
vn -0.3836 0.5812 0.7176
vn -0.3694 -0.6212 0.6911
vn -0.3694 0.6212 0.6911
vn -0.3849 -0.5774 0.7200
vn -0.3849 0.5774 0.7200
vn 0.6551 -0.7290 0.1987
vn 0.6550 0.7290 0.1987
vn 0.7241 -0.6538 0.2197
vn 0.7241 0.6537 0.2197
vn 0.7256 -0.6519 0.2201
vn 0.7256 0.6519 0.2201
vn 0.7234 -0.6546 0.2195
vn 0.7234 0.6546 0.2195
vn 0.6669 -0.7172 0.2023
vn 0.6668 0.7173 0.2023
vn 0.6086 -0.7717 0.1846
vn 0.6087 0.7716 0.1846
vn 0.6966 -0.6857 0.2113
vn 0.6965 0.6857 0.2113
vn 0.7182 -0.6609 0.2179
vn 0.7182 0.6609 0.2179
vn 0.7238 -0.6541 0.2196
vn 0.7238 0.6541 0.2196
vn 0.7786 -0.5813 0.2362
vn 0.7787 0.5813 0.2362
vn 0.7499 -0.6212 0.2275
vn 0.7499 0.6212 0.2275
vn 0.7812 -0.5775 0.2370
vn 0.7813 0.5774 0.2370
vn -0.0671 -0.7291 -0.6811
vn -0.0671 0.7291 -0.6811
vn -0.0742 -0.6537 -0.7531
vn -0.0742 0.6536 -0.7532
vn -0.0743 -0.6519 -0.7547
vn -0.0743 0.6519 -0.7547
vn -0.0741 -0.6544 -0.7525
vn -0.0741 0.6545 -0.7525
vn -0.0683 -0.7173 -0.6934
vn -0.0683 0.7173 -0.6934
vn -0.0623 -0.7717 -0.6330
vn -0.0623 0.7716 -0.6330
vn -0.0713 -0.6858 -0.7243
vn -0.0714 0.6858 -0.7243
vn -0.0736 -0.6608 -0.7470
vn -0.0736 0.6607 -0.7470
vn -0.0742 -0.6542 -0.7527
vn -0.0742 0.6541 -0.7527
vn -0.0798 -0.5812 -0.8099
vn -0.0798 0.5812 -0.8099
vn -0.0768 -0.6213 -0.7798
vn -0.0768 0.6212 -0.7799
vn -0.0800 -0.5775 -0.8124
vn -0.0800 0.5776 -0.8124
vn 0.0671 -0.7291 -0.6811
vn 0.0671 0.7291 -0.6811
vn 0.0742 -0.6536 -0.7532
vn 0.0742 0.6536 -0.7532
vn 0.0743 -0.6519 -0.7546
vn 0.0743 0.6519 -0.7546
vn 0.0741 -0.6544 -0.7525
vn 0.0741 0.6543 -0.7526
vn 0.0683 -0.7173 -0.6934
vn 0.0683 0.7173 -0.6934
vn 0.0623 -0.7716 -0.6330
vn 0.0623 0.7716 -0.6330
vn 0.0713 -0.6858 -0.7243
vn 0.0714 0.6857 -0.7243
vn 0.0736 -0.6608 -0.7469
vn 0.0736 0.6608 -0.7470
vn 0.0742 -0.6541 -0.7528
vn 0.0742 0.6541 -0.7528
vn 0.0798 -0.5812 -0.8098
vn 0.0798 0.5811 -0.8099
vn 0.0768 -0.6213 -0.7798
vn 0.0768 0.6212 -0.7799
vn 0.0800 -0.5774 -0.8125
vn 0.0800 0.5775 -0.8125
vn -0.6551 -0.7289 0.1987
vn -0.6552 0.7289 0.1987
vn -0.7243 -0.6535 0.2197
vn -0.7242 0.6536 0.2197
vn -0.7258 -0.6517 0.2202
vn -0.7258 0.6517 0.2202
vn -0.7237 -0.6542 0.2196
vn -0.7235 0.6545 0.2195
vn -0.6668 -0.7173 0.2023
vn -0.6668 0.7173 0.2023
vn -0.6088 -0.7715 0.1847
vn -0.6087 0.7716 0.1847
vn -0.6967 -0.6855 0.2113
vn -0.6966 0.6856 0.2113
vn -0.7186 -0.6604 0.2180
vn -0.7186 0.6604 0.2180
vn -0.7238 -0.6541 0.2196
vn -0.7238 0.6541 0.2196
vn -0.7787 -0.5812 0.2363
vn -0.7788 0.5811 0.2362
vn -0.7500 -0.6210 0.2276
vn -0.7500 0.6210 0.2276
vn -0.7813 -0.5774 0.2370
vn -0.7813 0.5774 0.2370
vn 0.3226 -0.7290 0.6037
vn 0.3226 0.7291 0.6037
vn 0.3568 -0.6535 0.6675
vn 0.3568 0.6536 0.6675
vn 0.3575 -0.6518 0.6688
vn 0.3575 0.6519 0.6688
vn 0.3565 -0.6543 0.6669
vn 0.3565 0.6544 0.6669
vn 0.3285 -0.7173 0.6145
vn 0.3285 0.7173 0.6145
vn 0.2998 -0.7717 0.5609
vn 0.2998 0.7717 0.5609
vn 0.3431 -0.6858 0.6419
vn 0.3431 0.6857 0.6419
vn 0.3538 -0.6607 0.6620
vn 0.3538 0.6607 0.6620
vn 0.3566 -0.6540 0.6671
vn 0.3566 0.6540 0.6671
vn 0.3836 -0.5812 0.7177
vn 0.3836 0.5811 0.7177
vn 0.3694 -0.6211 0.6912
vn 0.3694 0.6212 0.6911
vn 0.3848 -0.5774 0.7201
vn 0.3849 0.5775 0.7200
vn 0.5292 -0.7289 -0.4344
vn 0.5292 0.7289 -0.4344
vn 0.5852 -0.6534 -0.4802
vn 0.5852 0.6534 -0.4803
vn 0.5864 -0.6515 -0.4813
vn 0.5863 0.6517 -0.4812
vn 0.5845 -0.6543 -0.4798
vn 0.5845 0.6543 -0.4798
vn 0.5386 -0.7173 -0.4420
vn 0.5387 0.7172 -0.4421
vn 0.4917 -0.7716 -0.4036
vn 0.4916 0.7717 -0.4035
vn 0.5627 -0.6856 -0.4619
vn 0.5627 0.6856 -0.4618
vn 0.5804 -0.6605 -0.4763
vn 0.5803 0.6606 -0.4763
vn 0.5848 -0.6540 -0.4799
vn 0.5848 0.6540 -0.4799
vn 0.6291 -0.5810 -0.5163
vn 0.6291 0.5810 -0.5164
vn 0.6058 -0.6211 -0.4972
vn 0.6057 0.6213 -0.4971
vn 0.6311 -0.5775 -0.5179
vn 0.6311 0.5775 -0.5179
vn -0.6038 -0.7289 -0.3227
vn -0.6037 0.7290 -0.3227
vn -0.6675 -0.6536 -0.3568
vn -0.6675 0.6535 -0.3568
vn -0.6689 -0.6518 -0.3575
vn -0.6689 0.6517 -0.3576
vn -0.6670 -0.6542 -0.3565
vn -0.6669 0.6544 -0.3564
vn -0.6146 -0.7172 -0.3285
vn -0.6146 0.7172 -0.3285
vn -0.5611 -0.7715 -0.2999
vn -0.5610 0.7716 -0.2998
vn -0.6420 -0.6856 -0.3432
vn -0.6420 0.6856 -0.3432
vn -0.6620 -0.6607 -0.3539
vn -0.6620 0.6607 -0.3539
vn -0.6672 -0.6540 -0.3566
vn -0.6673 0.6539 -0.3566
vn -0.7177 -0.5812 -0.3836
vn -0.7177 0.5811 -0.3836
vn -0.6912 -0.6212 -0.3694
vn -0.6912 0.6212 -0.3694
vn -0.7201 -0.5774 -0.3849
vn -0.7201 0.5774 -0.3849
vn -0.1987 -0.7291 0.6549
vn -0.1987 0.7291 0.6549
vn -0.2197 -0.6536 0.7243
vn -0.2197 0.6535 0.7243
vn -0.2202 -0.6519 0.7257
vn -0.2201 0.6519 0.7256
vn -0.2195 -0.6545 0.7235
vn -0.2195 0.6544 0.7236
vn -0.2022 -0.7173 0.6668
vn -0.2023 0.7172 0.6669
vn -0.1846 -0.7716 0.6087
vn -0.1846 0.7717 0.6086
vn -0.2113 -0.6858 0.6965
vn -0.2113 0.6857 0.6966
vn -0.2179 -0.6607 0.7183
vn -0.2179 0.6607 0.7183
vn -0.2196 -0.6540 0.7239
vn -0.2196 0.6540 0.7239
vn -0.2362 -0.5812 0.7787
vn -0.2362 0.5812 0.7787
vn -0.2275 -0.6212 0.7499
vn -0.2275 0.6212 0.7499
vn -0.2370 -0.5774 0.7813
vn -0.2370 0.5775 0.7813
vn 0.6812 -0.7290 0.0671
vn 0.6812 0.7290 0.0671
vn 0.7530 -0.6538 0.0741
vn 0.7531 0.6537 0.0741
vn 0.7544 -0.6521 0.0743
vn 0.7544 0.6522 0.0743
vn 0.7523 -0.6546 0.0741
vn 0.7523 0.6546 0.0741
vn 0.6932 -0.7175 0.0683
vn 0.6933 0.7175 0.0683
vn 0.6329 -0.7717 0.0623
vn 0.6328 0.7718 0.0623
vn 0.7241 -0.6860 0.0713
vn 0.7241 0.6860 0.0713
vn 0.7468 -0.6610 0.0736
vn 0.7468 0.6610 0.0736
vn 0.7527 -0.6542 0.0741
vn 0.7527 0.6542 0.0741
vn 0.8097 -0.5815 0.0798
vn 0.8097 0.5814 0.0798
vn 0.7798 -0.6213 0.0768
vn 0.7798 0.6213 0.0768
vn 0.8123 -0.5777 0.0800
vn 0.8123 0.5777 0.0800
vn -0.1987 -0.7291 -0.6549
vn -0.1987 0.7291 -0.6549
vn -0.2197 -0.6535 -0.7243
vn -0.2197 0.6535 -0.7243
vn -0.2201 -0.6520 -0.7256
vn -0.2201 0.6519 -0.7256
vn -0.2195 -0.6544 -0.7236
vn -0.2195 0.6545 -0.7235
vn -0.2023 -0.7172 -0.6668
vn -0.2023 0.7173 -0.6668
vn -0.1846 -0.7716 -0.6087
vn -0.1847 0.7716 -0.6087
vn -0.2112 -0.6858 -0.6965
vn -0.2112 0.6858 -0.6965
vn -0.2179 -0.6607 -0.7183
vn -0.2179 0.6608 -0.7183
vn -0.2196 -0.6540 -0.7239
vn -0.2196 0.6541 -0.7238
vn -0.2362 -0.5812 -0.7787
vn -0.2362 0.5812 -0.7787
vn -0.2274 -0.6213 -0.7499
vn -0.2274 0.6213 -0.7498
vn -0.2370 -0.5776 -0.7812
vn -0.2370 0.5775 -0.7812
vn -0.6037 -0.7290 0.3227
vn -0.6037 0.7290 0.3227
vn -0.6675 -0.6536 0.3568
vn -0.6675 0.6535 0.3568
vn -0.6689 -0.6518 0.3575
vn -0.6687 0.6519 0.3575
vn -0.6670 -0.6543 0.3565
vn -0.6669 0.6544 0.3564
vn -0.6146 -0.7172 0.3285
vn -0.6146 0.7172 0.3285
vn -0.5610 -0.7716 0.2998
vn -0.5610 0.7716 0.2998
vn -0.6419 -0.6857 0.3431
vn -0.6419 0.6857 0.3431
vn -0.6621 -0.6606 0.3539
vn -0.6621 0.6606 0.3539
vn -0.6672 -0.6540 0.3566
vn -0.6673 0.6539 0.3566
vn -0.7178 -0.5810 0.3837
vn -0.7178 0.5810 0.3837
vn -0.6912 -0.6212 0.3694
vn -0.6912 0.6212 0.3694
vn -0.7201 -0.5774 0.3849
vn -0.7201 0.5774 0.3849
vn 0.4343 -0.7290 0.5291
vn 0.4343 0.7290 0.5291
vn 0.4801 -0.6537 0.5850
vn 0.4802 0.6535 0.5851
vn 0.4811 -0.6519 0.5862
vn 0.4811 0.6519 0.5861
vn 0.4797 -0.6545 0.5844
vn 0.4797 0.6545 0.5844
vn 0.4421 -0.7172 0.5387
vn 0.4420 0.7173 0.5386
vn 0.4036 -0.7715 0.4918
vn 0.4035 0.7716 0.4917
vn 0.4618 -0.6858 0.5626
vn 0.4618 0.6857 0.5626
vn 0.4763 -0.6607 0.5803
vn 0.4762 0.6608 0.5802
vn 0.4799 -0.6540 0.5847
vn 0.4799 0.6540 0.5847
vn 0.5162 -0.5813 0.6290
vn 0.5162 0.5813 0.6290
vn 0.4972 -0.6211 0.6058
vn 0.4972 0.6211 0.6059
vn 0.5179 -0.5776 0.6310
vn 0.5179 0.5775 0.6311
vn 0.4342 -0.7291 -0.5291
vn 0.4342 0.7291 -0.5291
vn 0.4801 -0.6537 -0.5850
vn 0.4802 0.6535 -0.5851
vn 0.4811 -0.6519 -0.5862
vn 0.4810 0.6521 -0.5861
vn 0.4797 -0.6544 -0.5845
vn 0.4796 0.6545 -0.5844
vn 0.4420 -0.7173 -0.5386
vn 0.4421 0.7173 -0.5386
vn 0.4035 -0.7716 -0.4917
vn 0.4035 0.7716 -0.4917
vn 0.4617 -0.6858 -0.5626
vn 0.4618 0.6857 -0.5626
vn 0.4763 -0.6607 -0.5803
vn 0.4763 0.6607 -0.5803
vn 0.4799 -0.6540 -0.5847
vn 0.4799 0.6540 -0.5848
vn 0.5162 -0.5813 -0.6290
vn 0.5162 0.5813 -0.6290
vn 0.4973 -0.6211 -0.6058
vn 0.4973 0.6211 -0.6058
vn 0.5179 -0.5776 -0.6310
vn 0.5179 0.5775 -0.6311
vn -0.6551 -0.7290 -0.1987
vn -0.6551 0.7290 -0.1987
vn -0.7243 -0.6535 -0.2197
vn -0.7243 0.6535 -0.2197
vn -0.7258 -0.6517 -0.2202
vn -0.7257 0.6518 -0.2202
vn -0.7237 -0.6542 -0.2196
vn -0.7237 0.6542 -0.2196
vn -0.6667 -0.7174 -0.2023
vn -0.6668 0.7173 -0.2023
vn -0.6087 -0.7716 -0.1847
vn -0.6088 0.7716 -0.1847
vn -0.6966 -0.6856 -0.2113
vn -0.6965 0.6857 -0.2113
vn -0.7186 -0.6604 -0.2180
vn -0.7185 0.6605 -0.2179
vn -0.7239 -0.6540 -0.2196
vn -0.7239 0.6540 -0.2196
vn -0.7787 -0.5812 -0.2363
vn -0.7788 0.5811 -0.2362
vn -0.7499 -0.6211 -0.2275
vn -0.7499 0.6212 -0.2275
vn -0.7813 -0.5774 -0.2370
vn -0.7813 0.5774 -0.2370
vn -0.0671 -0.7291 0.6812
vn -0.0671 0.7290 0.6812
vn -0.0742 -0.6536 0.7532
vn -0.0742 0.6536 0.7532
vn -0.0743 -0.6519 0.7547
vn -0.0743 0.6519 0.7547
vn -0.0741 -0.6544 0.7525
vn -0.0741 0.6544 0.7525
vn -0.0683 -0.7173 0.6934
vn -0.0683 0.7173 0.6934
vn -0.0623 -0.7717 0.6330
vn -0.0624 0.7717 0.6330
vn -0.0713 -0.6858 0.7243
vn -0.0713 0.6858 0.7243
vn -0.0736 -0.6607 0.7470
vn -0.0736 0.6607 0.7470
vn -0.0741 -0.6541 0.7527
vn -0.0741 0.6541 0.7528
vn -0.0798 -0.5812 0.8098
vn -0.0798 0.5812 0.8099
vn -0.0768 -0.6212 0.7798
vn -0.0768 0.6212 0.7798
vn -0.0800 -0.5775 0.8125
vn -0.0800 0.5775 0.8125
vn 0.6813 -0.7290 -0.0671
vn 0.6813 0.7290 -0.0671
vn 0.7532 -0.6537 -0.0742
vn 0.7532 0.6536 -0.0742
vn 0.7545 -0.6520 -0.0743
vn 0.7545 0.6521 -0.0743
vn 0.7524 -0.6545 -0.0741
vn 0.7524 0.6545 -0.0741
vn 0.6932 -0.7175 -0.0683
vn 0.6933 0.7175 -0.0683
vn 0.6330 -0.7717 -0.0624
vn 0.6329 0.7717 -0.0624
vn 0.7241 -0.6860 -0.0713
vn 0.7242 0.6859 -0.0713
vn 0.7469 -0.6609 -0.0736
vn 0.7469 0.6609 -0.0736
vn 0.7527 -0.6542 -0.0741
vn 0.7527 0.6542 -0.0741
vn 0.8098 -0.5813 -0.0798
vn 0.8098 0.5813 -0.0798
vn 0.7798 -0.6213 -0.0768
vn 0.7798 0.6213 -0.0768
vn 0.8123 -0.5777 -0.0800
vn 0.8123 0.5777 -0.0800
vn -0.3226 -0.7291 -0.6036
vn -0.3227 0.7291 -0.6036
vn -0.3568 -0.6536 -0.6675
vn -0.3568 0.6535 -0.6675
vn -0.3575 -0.6518 -0.6688
vn -0.3574 0.6519 -0.6687
vn -0.3565 -0.6544 -0.6669
vn -0.3565 0.6544 -0.6668
vn -0.3284 -0.7174 -0.6144
vn -0.3284 0.7173 -0.6145
vn -0.2999 -0.7716 -0.5610
vn -0.2998 0.7716 -0.5610
vn -0.3431 -0.6857 -0.6419
vn -0.3431 0.6857 -0.6419
vn -0.3539 -0.6607 -0.6620
vn -0.3539 0.6607 -0.6620
vn -0.3566 -0.6540 -0.6672
vn -0.3566 0.6540 -0.6672
vn -0.3836 -0.5813 -0.7176
vn -0.3836 0.5812 -0.7177
vn -0.3694 -0.6212 -0.6911
vn -0.3694 0.6212 -0.6911
vn -0.3849 -0.5773 -0.7201
vn -0.3849 0.5774 -0.7200
vn -0.5292 -0.7290 0.4343
vn -0.5291 0.7291 0.4342
vn -0.5851 -0.6535 0.4801
vn -0.5851 0.6535 0.4802
vn -0.5863 -0.6517 0.4812
vn -0.5862 0.6518 0.4811
vn -0.5846 -0.6542 0.4798
vn -0.5846 0.6542 0.4798
vn -0.5387 -0.7172 0.4421
vn -0.5386 0.7173 0.4420
vn -0.4917 -0.7716 0.4035
vn -0.4917 0.7716 0.4035
vn -0.5627 -0.6856 0.4618
vn -0.5626 0.6857 0.4617
vn -0.5802 -0.6608 0.4762
vn -0.5802 0.6608 0.4762
vn -0.5848 -0.6540 0.4799
vn -0.5848 0.6540 0.4799
vn -0.6290 -0.5813 0.5162
vn -0.6290 0.5813 0.5162
vn -0.6058 -0.6212 0.4972
vn -0.6058 0.6212 0.4972
vn -0.6311 -0.5774 0.5180
vn -0.6311 0.5774 0.5180
vn 0.5291 -0.7290 0.4342
vn 0.5291 0.7290 0.4342
vn 0.5851 -0.6535 0.4802
vn 0.5850 0.6536 0.4801
vn 0.5863 -0.6516 0.4812
vn 0.5863 0.6517 0.4812
vn 0.5845 -0.6543 0.4798
vn 0.5845 0.6543 0.4798
vn 0.5386 -0.7173 0.4420
vn 0.5386 0.7173 0.4420
vn 0.4918 -0.7715 0.4036
vn 0.4918 0.7715 0.4036
vn 0.5626 -0.6857 0.4618
vn 0.5626 0.6857 0.4618
vn 0.5803 -0.6606 0.4763
vn 0.5804 0.6605 0.4763
vn 0.5848 -0.6540 0.4800
vn 0.5848 0.6540 0.4800
vn 0.6291 -0.5812 0.5163
vn 0.6291 0.5811 0.5163
vn 0.6058 -0.6211 0.4972
vn 0.6058 0.6212 0.4972
vn 0.6311 -0.5774 0.5180
vn 0.6311 0.5774 0.5180
vn 0.3226 -0.7291 -0.6036
vn 0.3226 0.7291 -0.6036
vn 0.3568 -0.6536 -0.6675
vn 0.3568 0.6536 -0.6675
vn 0.3575 -0.6518 -0.6688
vn 0.3575 0.6518 -0.6688
vn 0.3565 -0.6544 -0.6669
vn 0.3565 0.6543 -0.6669
vn 0.3285 -0.7173 -0.6145
vn 0.3284 0.7173 -0.6145
vn 0.2998 -0.7716 -0.5610
vn 0.2998 0.7717 -0.5609
vn 0.3431 -0.6858 -0.6419
vn 0.3431 0.6858 -0.6419
vn 0.3538 -0.6607 -0.6620
vn 0.3539 0.6606 -0.6621
vn 0.3565 -0.6542 -0.6671
vn 0.3565 0.6542 -0.6671
vn 0.3836 -0.5812 -0.7177
vn 0.3836 0.5812 -0.7177
vn 0.3694 -0.6212 -0.6912
vn 0.3694 0.6212 -0.6911
vn 0.3848 -0.5774 -0.7201
vn 0.3849 0.5775 -0.7200
vn -0.6811 -0.7291 -0.0671
vn -0.6811 0.7291 -0.0671
vn -0.7532 -0.6537 -0.0742
vn -0.7532 0.6536 -0.0742
vn -0.7547 -0.6519 -0.0743
vn -0.7546 0.6519 -0.0743
vn -0.7524 -0.6545 -0.0741
vn -0.7523 0.6546 -0.0741
vn -0.6934 -0.7173 -0.0683
vn -0.6934 0.7173 -0.0683
vn -0.6329 -0.7717 -0.0623
vn -0.6329 0.7718 -0.0623
vn -0.7243 -0.6857 -0.0714
vn -0.7243 0.6857 -0.0714
vn -0.7470 -0.6608 -0.0736
vn -0.7470 0.6608 -0.0736
vn -0.7528 -0.6541 -0.0742
vn -0.7528 0.6541 -0.0742
vn -0.8098 -0.5813 -0.0797
vn -0.8098 0.5813 -0.0797
vn -0.7798 -0.6213 -0.0768
vn -0.7798 0.6213 -0.0768
vn -0.8126 -0.5774 -0.0800
vn -0.8125 0.5774 -0.0800
vn 0.0671 -0.7291 0.6811
vn 0.0671 0.7291 0.6811
vn 0.0742 -0.6536 0.7532
vn 0.0742 0.6536 0.7532
vn 0.0743 -0.6519 0.7547
vn 0.0743 0.6519 0.7547
vn 0.0741 -0.6544 0.7525
vn 0.0741 0.6544 0.7525
vn 0.0683 -0.7173 0.6934
vn 0.0683 0.7172 0.6935
vn 0.0624 -0.7716 0.6330
vn 0.0624 0.7716 0.6330
vn 0.0713 -0.6858 0.7243
vn 0.0713 0.6858 0.7243
vn 0.0736 -0.6608 0.7470
vn 0.0736 0.6608 0.7470
vn 0.0741 -0.6541 0.7528
vn 0.0741 0.6541 0.7528
vn 0.0798 -0.5812 0.8098
vn 0.0798 0.5811 0.8099
vn 0.0768 -0.6212 0.7799
vn 0.0768 0.6212 0.7799
vn 0.0800 -0.5775 0.8125
vn 0.0800 0.5774 0.8125
vn 0.6550 -0.7291 -0.1987
vn 0.6550 0.7291 -0.1987
vn 0.7242 -0.6536 -0.2197
vn 0.7242 0.6536 -0.2197
vn 0.7256 -0.6519 -0.2201
vn 0.7256 0.6519 -0.2201
vn 0.7235 -0.6545 -0.2195
vn 0.7235 0.6545 -0.2195
vn 0.6669 -0.7172 -0.2023
vn 0.6669 0.7172 -0.2023
vn 0.6087 -0.7716 -0.1846
vn 0.6087 0.7716 -0.1846
vn 0.6964 -0.6858 -0.2113
vn 0.6966 0.6856 -0.2113
vn 0.7183 -0.6608 -0.2179
vn 0.7183 0.6608 -0.2179
vn 0.7238 -0.6541 -0.2196
vn 0.7238 0.6541 -0.2196
vn 0.7786 -0.5813 -0.2362
vn 0.7787 0.5813 -0.2362
vn 0.7500 -0.6210 -0.2275
vn 0.7500 0.6210 -0.2275
vn 0.7813 -0.5774 -0.2370
vn 0.7813 0.5774 -0.2370
vn -0.4343 -0.7290 -0.5291
vn -0.4342 0.7291 -0.5291
vn -0.4802 -0.6534 -0.5852
vn -0.4803 0.6534 -0.5852
vn -0.4811 -0.6518 -0.5862
vn -0.4811 0.6518 -0.5862
vn -0.4796 -0.6545 -0.5845
vn -0.4797 0.6544 -0.5846
vn -0.4421 -0.7172 -0.5387
vn -0.4421 0.7172 -0.5387
vn -0.4035 -0.7716 -0.4917
vn -0.4035 0.7716 -0.4917
vn -0.4618 -0.6857 -0.5627
vn -0.4618 0.6856 -0.5627
vn -0.4762 -0.6608 -0.5802
vn -0.4762 0.6608 -0.5802
vn -0.4799 -0.6540 -0.5848
vn -0.4798 0.6541 -0.5847
vn -0.5163 -0.5812 -0.6291
vn -0.5163 0.5811 -0.6291
vn -0.4971 -0.6213 -0.6057
vn -0.4971 0.6213 -0.6057
vn -0.5179 -0.5775 -0.6311
vn -0.5179 0.5775 -0.6311
vn -0.4343 -0.7290 0.5291
vn -0.4342 0.7291 0.5291
vn -0.4801 -0.6535 0.5851
vn -0.4802 0.6535 0.5851
vn -0.4811 -0.6519 0.5862
vn -0.4811 0.6519 0.5862
vn -0.4797 -0.6543 0.5845
vn -0.4797 0.6544 0.5845
vn -0.4421 -0.7172 0.5387
vn -0.4421 0.7172 0.5387
vn -0.4035 -0.7716 0.4917
vn -0.4036 0.7715 0.4918
vn -0.4618 -0.6856 0.5627
vn -0.4618 0.6856 0.5627
vn -0.4762 -0.6606 0.5803
vn -0.4762 0.6606 0.5803
vn -0.4798 -0.6541 0.5847
vn -0.4799 0.6540 0.5848
vn -0.5162 -0.5812 0.6291
vn -0.5163 0.5812 0.6291
vn -0.4971 -0.6212 0.6058
vn -0.4971 0.6212 0.6058
vn -0.5179 -0.5775 0.6311
vn -0.5179 0.5775 0.6311
vn 0.6036 -0.7291 0.3226
vn 0.6036 0.7291 0.3226
vn 0.6675 -0.6536 0.3568
vn 0.6676 0.6534 0.3569
vn 0.6688 -0.6519 0.3574
vn 0.6688 0.6519 0.3574
vn 0.6669 -0.6544 0.3564
vn 0.6669 0.6544 0.3564
vn 0.6144 -0.7174 0.3284
vn 0.6144 0.7174 0.3284
vn 0.5610 -0.7716 0.2999
vn 0.5610 0.7716 0.2999
vn 0.6418 -0.6859 0.3430
vn 0.6418 0.6858 0.3430
vn 0.6621 -0.6606 0.3539
vn 0.6621 0.6606 0.3539
vn 0.6671 -0.6541 0.3566
vn 0.6671 0.6541 0.3566
vn 0.7177 -0.5812 0.3836
vn 0.7177 0.5812 0.3836
vn 0.6912 -0.6211 0.3694
vn 0.6912 0.6211 0.3694
vn 0.7200 -0.5775 0.3848
vn 0.7200 0.5775 0.3848
vn 0.1987 -0.7290 -0.6550
vn 0.1987 0.7290 -0.6551
vn 0.2197 -0.6536 -0.7243
vn 0.2197 0.6536 -0.7242
vn 0.2201 -0.6519 -0.7257
vn 0.2201 0.6519 -0.7257
vn 0.2195 -0.6544 -0.7236
vn 0.2195 0.6544 -0.7236
vn 0.2023 -0.7173 -0.6668
vn 0.2023 0.7173 -0.6667
vn 0.1846 -0.7716 -0.6087
vn 0.1846 0.7717 -0.6087
vn 0.2112 -0.6858 -0.6964
vn 0.2112 0.6858 -0.6964
vn 0.2179 -0.6608 -0.7183
vn 0.2179 0.6608 -0.7183
vn 0.2196 -0.6540 -0.7239
vn 0.2196 0.6540 -0.7239
vn 0.2362 -0.5813 -0.7787
vn 0.2362 0.5812 -0.7787
vn 0.2275 -0.6212 -0.7499
vn 0.2274 0.6213 -0.7498
vn 0.2370 -0.5774 -0.7813
vn 0.2370 0.5774 -0.7813
vn 0.0767 0.6230 -0.7784
vn 0.0767 -0.6230 -0.7785
vn 0.2271 0.6229 -0.7486
vn 0.2271 -0.6229 -0.7486
vn 0.3687 0.6231 -0.6898
vn 0.3687 -0.6230 -0.6898
vn 0.4963 0.6229 -0.6047
vn 0.4964 -0.6228 -0.6047
vn 0.6048 0.6227 -0.4964
vn 0.6048 -0.6227 -0.4964
vn 0.6898 0.6230 -0.3688
vn 0.6899 -0.6230 -0.3688
vn 0.7487 0.6228 -0.2271
vn 0.7487 -0.6227 -0.2271
vn 0.7786 0.6229 -0.0767
vn 0.7786 -0.6228 -0.0767
vn 0.7785 0.6229 0.0767
vn 0.7786 -0.6229 0.0767
vn 0.7487 0.6229 0.2271
vn 0.7487 -0.6229 0.2271
vn 0.6898 0.6230 0.3688
vn 0.6899 -0.6230 0.3688
vn 0.6047 0.6229 0.4963
vn 0.6047 -0.6228 0.4963
vn 0.4963 0.6229 0.6047
vn 0.4963 -0.6229 0.6047
vn 0.3688 0.6229 0.6899
vn 0.3688 -0.6229 0.6899
vn 0.2271 0.6229 0.7486
vn 0.2271 -0.6230 0.7486
vn 0.0767 0.6230 0.7785
vn 0.0767 -0.6230 0.7785
vn -0.0767 0.6229 0.7785
vn -0.0767 -0.6229 0.7785
vn -0.2271 0.6230 0.7485
vn -0.2271 -0.6229 0.7486
vn -0.3688 0.6230 0.6899
vn -0.3687 -0.6230 0.6899
vn -0.4963 0.6229 0.6048
vn -0.4963 -0.6228 0.6048
vn -0.6048 0.6229 0.4963
vn -0.6048 -0.6229 0.4963
vn -0.6900 0.6228 0.3688
vn -0.6901 -0.6227 0.3688
vn -0.7487 0.6227 0.2271
vn -0.7487 -0.6228 0.2271
vn -0.7785 0.6229 0.0767
vn -0.7786 -0.6229 0.0767
vn -0.7786 0.6229 -0.0767
vn -0.7786 -0.6228 -0.0767
vn -0.7486 0.6229 -0.2271
vn -0.7486 -0.6230 -0.2271
vn -0.6900 0.6228 -0.3688
vn -0.6900 -0.6227 -0.3688
vn -0.6048 0.6229 -0.4963
vn -0.6048 -0.6229 -0.4963
vn -0.4963 0.6229 -0.6047
vn -0.4963 -0.6228 -0.6048
vn -0.3687 0.6230 -0.6899
vn -0.3687 -0.6230 -0.6899
vn -0.2271 0.6230 -0.7485
vn -0.2271 -0.6230 -0.7486
vn -0.0767 0.6229 -0.7785
vn -0.0767 -0.6229 -0.7785
vn 1.0000 0.0000 0.0000
vn 0.8606 -0.5093 0.0000
vn -0.8606 -0.5093 0.0000
vn -0.0075 -1.0000 0.0000
vn 0.9667 -0.2557 0.0000
vn -0.2924 -0.9563 0.0000
vn 0.9998 -0.0191 0.0000
vn 0.9464 -0.3230 0.0000
vn 0.2924 -0.9563 0.0000
vn -1.0000 0.0000 0.0000
vn -0.9667 -0.2557 0.0000
vn -0.6333 -0.7739 0.0000
vn -0.9938 -0.1112 0.0000
vn -0.4581 -0.8889 0.0000
vn 0.4160 -0.9094 0.0000
vn -0.9464 -0.3230 0.0000
vn 0.9938 -0.1112 0.0000
vn -0.7713 -0.6365 0.0000
vn -0.9998 -0.0191 0.0000
vn 0.6333 -0.7739 0.0000
vn 0.7713 -0.6365 0.0000
vn -0.9997 -0.0232 0.0000
vn 0.9998 -0.0190 0.0000
vn -0.9671 -0.2542 0.0000
vn 0.9935 -0.1135 0.0000
vn -0.9941 -0.1085 0.0000
vn 0.9677 -0.2522 0.0000
vn 0.8606 -0.5094 0.0000
vn 0.9458 -0.3246 0.0000
vn -0.9449 -0.3273 0.0000
vn -0.7684 -0.6400 0.0000
vn -0.8628 -0.5056 0.0000
vn 0.7707 -0.6372 0.0000
vn -0.4586 -0.8887 0.0000
vn 0.6349 -0.7726 0.0000
vn -0.6348 -0.7727 0.0000
vn -0.2932 -0.9561 0.0000
vn 0.4131 -0.9107 0.0000
vn -0.0067 -1.0000 0.0000
vn 0.2937 -0.9559 0.0000
vn -0.2562 -0.6283 0.7345
vn 0.6353 0.7723 -0.0001
vn 0.6738 0.1047 0.7315
vn 0.7280 -0.0007 -0.6856
vn 0.2459 0.5916 -0.7678
vn -0.6932 -0.7208 0.0006
vn -0.7273 -0.1193 0.6758
vn -0.7254 -0.0007 0.6884
vn -0.6353 0.7723 -0.0001
vn -0.6739 0.1042 0.7314
vn 0.6686 -0.0003 -0.7436
vn 0.6933 -0.7206 -0.0002
vn 0.7301 -0.1182 -0.6731
vn 0.6353 0.7722 0.0002
vn 0.6710 0.1052 -0.7340
vn -0.6687 -0.0003 -0.7436
vn -0.6353 0.7722 0.0002
vn 0.7254 -0.0007 0.6883
vn -0.6934 -0.7206 0.0000
vn -0.7220 -0.1555 -0.6742
vn -0.6710 0.1052 -0.7340
vn -0.7314 -0.0520 0.6800
vn 0.6673 0.1377 0.7320
vn 0.6932 -0.7207 0.0006
vn 0.6739 0.0442 -0.7375
vn 0.6353 0.7723 0.0000
vn -0.6933 -0.7206 0.0002
vn 0.7274 -0.1193 0.6758
vn -0.6739 0.0442 -0.7375
vn -0.6678 0.1355 0.7319
vn 0.7314 -0.0520 0.6799
vn -0.6354 0.7722 0.0000
vn 0.7225 -0.1532 -0.6742
vn 0.6353 0.7723 0.0001
vn -0.7275 -0.0104 0.6860
vn -0.7202 -0.1524 0.6768
vn -0.6353 0.7723 0.0001
vn 0.6652 0.1347 -0.7345
vn 0.6934 -0.7206 0.0000
vn -0.6859 -0.2465 -0.6847
vn 0.6702 0.0069 -0.7421
vn -0.6652 0.1347 -0.7344
vn 0.6365 0.2218 0.7387
vn 0.6934 -0.7205 0.0002
vn 0.6821 -0.2482 0.6878
vn -0.6715 -0.0003 0.7410
vn -0.7299 -0.1189 -0.6731
vn -0.6933 -0.7206 -0.0002
vn -0.2459 0.5916 -0.7678
vn 0.6714 -0.0003 0.7411
vn 0.2562 -0.6284 0.7345
vn -0.6328 0.2233 -0.7415
vn -0.7280 -0.0007 -0.6856
vn 0.7340 -0.0538 -0.6770
vn 0.6378 -0.3228 -0.6993
vn -0.2477 0.5939 0.7654
vn -0.6768 0.0458 0.7348
vn 0.2580 -0.6306 -0.7320
vn 0.6327 0.2233 -0.7415
vn 0.6931 -0.7208 -0.0007
vn -0.5946 0.2943 0.7482
vn 0.2479 0.5939 0.7654
vn -0.6354 0.7722 -0.0002
vn 0.6768 0.0428 0.7349
vn -0.2582 -0.6306 -0.7319
vn -0.6821 -0.2482 0.6878
vn -0.7341 -0.0504 -0.6771
vn 0.5932 0.2961 0.7486
vn 0.0000 -0.6771 0.7359
vn 0.6354 0.7722 -0.0002
vn 0.6356 -0.3213 0.7020
vn -0.6932 -0.7208 -0.0007
vn 0.7300 -0.0098 -0.6834
vn -0.6363 -0.3247 -0.6998
vn -0.0000 0.6363 -0.7714
vn -0.5922 0.2928 -0.7507
vn -0.6729 0.0063 0.7397
vn 0.7276 -0.0104 0.6860
vn 0.6842 -0.2496 -0.6852
vn 0.0002 0.6391 0.7691
vn 0.5922 0.2928 -0.7507
vn 0.6735 0.0092 0.7391
vn -0.6351 0.2248 0.7390
vn -0.6356 -0.3213 0.7020
vn -0.6703 0.0069 -0.7421
vn -0.7307 -0.0129 -0.6826
vn -0.0003 -0.6798 -0.7334
vn 0.7202 -0.1524 0.6768
vn 0.0000 0.1445 0.9895
vn 0.9949 0.1010 0.0000
vn -0.9949 0.1010 0.0000
vn 0.0000 0.1445 -0.9895
vn -0.3518 -0.8702 0.3448
vn -0.3448 -0.1669 0.9237
vn -0.9216 -0.1927 0.3368
vn -0.3109 0.4571 0.8333
vn -0.3051 0.9041 0.2991
vn -0.8442 0.4382 0.3087
vn -0.3518 -0.8703 -0.3448
vn -0.9215 -0.1931 -0.3368
vn -0.3447 -0.1669 -0.9238
vn -0.3051 0.9041 -0.2991
vn -0.3110 0.4571 -0.8333
vn -0.8442 0.4383 -0.3087
vn 0.3518 -0.8702 0.3448
vn 0.9216 -0.1928 0.3368
vn 0.3448 -0.1668 0.9237
vn 0.3052 0.9041 0.2992
vn 0.3109 0.4571 0.8333
vn 0.8442 0.4383 0.3087
vn 0.3518 -0.8703 -0.3448
vn 0.3447 -0.1669 -0.9238
vn 0.9215 -0.1932 -0.3368
vn 0.3051 0.9042 -0.2991
vn 0.8442 0.4382 -0.3087
vn 0.3110 0.4571 -0.8333
vn -0.3960 -0.9182 0.0000
vn -0.9540 -0.2998 0.0000
vn -0.3816 0.1713 0.9083
vn -0.9135 0.1481 0.3790
vn -0.3685 0.9296 0.0000
vn -0.8882 0.4594 0.0000
vn -0.3816 0.1714 -0.9083
vn -0.9135 0.1481 -0.3790
vn 0.0000 -0.9177 -0.3972
vn 0.0000 -0.2596 -0.9657
vn 0.0000 0.9335 -0.3586
vn 0.0000 0.4891 -0.8722
vn 0.9135 0.1480 -0.3790
vn 0.3816 0.1714 -0.9083
vn 0.3958 -0.9183 0.0000
vn 0.9540 -0.2998 0.0000
vn 0.3686 0.9296 0.0000
vn 0.8881 0.4596 0.0000
vn 0.3816 0.1714 0.9083
vn 0.9135 0.1480 0.3790
vn 0.0000 -0.9178 0.3971
vn 0.0000 -0.2596 0.9657
vn 0.0000 0.9335 0.3586
vn 0.0000 0.4891 0.8722
vn 0.9987 -0.0510 0.0000
vn 0.9777 0.2101 0.0000
vn 0.8528 0.1823 0.4892
vn 0.8695 -0.0449 0.4918
vn 0.5090 0.1070 0.8541
vn 0.5115 -0.0273 0.8588
vn 0.0300 0.0048 0.9995
vn 0.0126 -0.0012 0.9999
vn -0.4642 -0.0975 0.8803
vn -0.4928 0.0273 0.8697
vn -0.8390 -0.1732 0.5158
vn -0.8632 0.0497 0.5024
vn -0.9795 -0.2012 0.0000
vn -0.9983 0.0581 0.0000
vn -0.8390 -0.1732 -0.5158
vn -0.8632 0.0497 -0.5024
vn -0.4642 -0.0975 -0.8803
vn -0.4928 0.0273 -0.8697
vn 0.0300 0.0048 -0.9995
vn 0.0126 -0.0012 -0.9999
vn 0.5090 0.1070 -0.8541
vn 0.5115 -0.0273 -0.8588
vn 0.8528 0.1823 -0.4892
vn 0.8695 -0.0449 -0.4918
vn 0.8660 0.5000 0.0000
vn 0.7545 0.4356 0.4909
vn 0.4467 0.2579 0.8567
vn 0.0186 0.0107 0.9998
vn -0.4187 -0.2417 0.8753
vn -0.7451 -0.4302 0.5096
vn -0.8660 -0.5000 0.0000
vn -0.7451 -0.4302 -0.5095
vn -0.4187 -0.2417 -0.8753
vn 0.0186 0.0108 -0.9998
vn 0.4467 0.2579 -0.8567
vn 0.7545 0.4356 -0.4909
vn 0.7071 0.7071 0.0000
vn 0.6160 0.6160 0.4909
vn 0.3647 0.3647 0.8567
vn 0.0152 0.0152 0.9998
vn -0.3419 -0.3419 0.8753
vn -0.6084 -0.6084 0.5095
vn -0.7071 -0.7071 0.0000
vn -0.6084 -0.6084 -0.5095
vn -0.3419 -0.3419 -0.8753
vn 0.0152 0.0152 -0.9998
vn 0.3647 0.3647 -0.8567
vn 0.6160 0.6160 -0.4909
vn 0.5000 0.8660 0.0000
vn 0.4356 0.7545 0.4909
vn 0.2579 0.4467 0.8567
vn 0.0108 0.0186 0.9998
vn -0.2417 -0.4187 0.8753
vn -0.4302 -0.7452 0.5095
vn -0.5000 -0.8660 0.0000
vn -0.4302 -0.7452 -0.5095
vn -0.2417 -0.4187 -0.8753
vn 0.0108 0.0186 -0.9998
vn 0.2579 0.4467 -0.8567
vn 0.4356 0.7545 -0.4909
vn 0.2588 0.9659 0.0000
vn 0.2255 0.8415 0.4909
vn 0.1335 0.4982 0.8567
vn 0.0056 0.0208 0.9998
vn -0.1251 -0.4670 0.8753
vn -0.2227 -0.8311 0.5096
vn -0.2588 -0.9659 0.0000
vn -0.2227 -0.8311 -0.5096
vn -0.1251 -0.4670 -0.8753
vn 0.0056 0.0208 -0.9998
vn 0.1335 0.4982 -0.8567
vn 0.2255 0.8415 -0.4909
vn 0.0000 0.8712 0.4909
vn 0.0000 0.5158 0.8567
vn 0.0000 0.0215 0.9998
vn 0.0000 -0.4835 0.8753
vn 0.0000 -0.8604 0.5095
vn 0.0000 -0.8604 -0.5095
vn 0.0000 -0.4835 -0.8753
vn 0.0000 0.0215 -0.9998
vn 0.0000 0.5158 -0.8567
vn 0.0000 0.8712 -0.4909
vn -0.2588 0.9659 0.0000
vn -0.2255 0.8415 0.4909
vn -0.1335 0.4982 0.8567
vn -0.0056 0.0208 0.9998
vn 0.1251 -0.4670 0.8753
vn 0.2227 -0.8311 0.5095
vn 0.2588 -0.9659 0.0000
vn 0.2227 -0.8311 -0.5095
vn 0.1251 -0.4670 -0.8753
vn -0.0056 0.0208 -0.9998
vn -0.1335 0.4982 -0.8567
vn -0.2255 0.8415 -0.4909
vn -0.5000 0.8660 0.0000
vn -0.4356 0.7545 0.4909
vn -0.2579 0.4467 0.8567
vn -0.0108 0.0186 0.9998
vn 0.2417 -0.4187 0.8753
vn 0.4302 -0.7451 0.5095
vn 0.5000 -0.8660 0.0000
vn 0.4302 -0.7451 -0.5095
vn 0.2417 -0.4187 -0.8753
vn -0.0108 0.0186 -0.9998
vn -0.2579 0.4467 -0.8567
vn -0.4356 0.7545 -0.4909
vn -0.7071 0.7071 0.0000
vn -0.6160 0.6160 0.4909
vn -0.3647 0.3647 0.8567
vn -0.0152 0.0152 0.9998
vn 0.3419 -0.3419 0.8753
vn 0.6084 -0.6084 0.5095
vn 0.7071 -0.7071 0.0000
vn 0.6084 -0.6084 -0.5095
vn 0.3418 -0.3419 -0.8753
vn -0.0152 0.0152 -0.9998
vn -0.3647 0.3647 -0.8567
vn -0.6160 0.6160 -0.4909
vn -0.8660 0.5000 0.0000
vn -0.7544 0.4356 0.4909
vn -0.4467 0.2579 0.8567
vn -0.0187 0.0108 0.9998
vn 0.4187 -0.2417 0.8753
vn 0.7451 -0.4302 0.5095
vn 0.8660 -0.5000 0.0000
vn 0.7451 -0.4302 -0.5095
vn 0.4187 -0.2417 -0.8753
vn -0.0187 0.0108 -0.9998
vn -0.4467 0.2579 -0.8567
vn -0.7545 0.4356 -0.4909
vn -0.9777 0.2100 0.0000
vn -0.8529 0.1823 0.4892
vn -0.5090 0.1070 0.8541
vn -0.0300 0.0048 0.9995
vn 0.4642 -0.0975 0.8803
vn 0.8390 -0.1731 0.5158
vn 0.9796 -0.2011 0.0000
vn 0.8390 -0.1731 -0.5158
vn 0.4642 -0.0975 -0.8803
vn -0.0300 0.0048 -0.9995
vn -0.5090 0.1070 -0.8541
vn -0.8529 0.1823 -0.4892
vn -0.9987 -0.0510 0.0000
vn -0.8695 -0.0449 0.4918
vn -0.5115 -0.0273 0.8589
vn -0.0126 -0.0012 0.9999
vn 0.4928 0.0273 0.8697
vn 0.8632 0.0496 0.5024
vn 0.9983 0.0581 0.0000
vn 0.8632 0.0496 -0.5024
vn 0.4928 0.0273 -0.8697
vn -0.0126 -0.0012 -0.9999
vn -0.5115 -0.0273 -0.8589
vn -0.8695 -0.0449 -0.4918
vn -0.9659 -0.2588 0.0000
vn -0.8415 -0.2255 0.4909
vn -0.4982 -0.1335 0.8567
vn -0.0208 -0.0056 0.9998
vn 0.4670 0.1251 0.8753
vn 0.8311 0.2226 0.5096
vn 0.9659 0.2588 0.0000
vn 0.8311 0.2226 -0.5096
vn 0.4670 0.1251 -0.8753
vn -0.0208 -0.0056 -0.9998
vn -0.4982 -0.1335 -0.8567
vn -0.8415 -0.2255 -0.4909
vn -0.7545 -0.4356 0.4909
vn -0.4467 -0.2579 0.8567
vn -0.0187 -0.0108 0.9998
vn 0.4187 0.2417 0.8753
vn 0.7451 0.4302 0.5095
vn 0.7451 0.4302 -0.5095
vn 0.4187 0.2417 -0.8753
vn -0.0187 -0.0108 -0.9998
vn -0.4467 -0.2579 -0.8567
vn -0.7545 -0.4356 -0.4909
vn -0.6160 -0.6160 0.4909
vn -0.3647 -0.3647 0.8567
vn -0.0152 -0.0152 0.9998
vn 0.3419 0.3419 0.8753
vn 0.6084 0.6084 0.5095
vn 0.6084 0.6084 -0.5095
vn 0.3419 0.3419 -0.8753
vn -0.0152 -0.0152 -0.9998
vn -0.3647 -0.3647 -0.8567
vn -0.6160 -0.6160 -0.4909
vn -0.4356 -0.7545 0.4909
vn -0.2579 -0.4467 0.8567
vn -0.0108 -0.0186 0.9998
vn 0.2417 0.4187 0.8753
vn 0.4302 0.7451 0.5095
vn 0.4302 0.7451 -0.5096
vn 0.2417 0.4187 -0.8753
vn -0.0108 -0.0186 -0.9998
vn -0.2579 -0.4467 -0.8567
vn -0.4356 -0.7545 -0.4909
vn -0.2255 -0.8415 0.4909
vn -0.1335 -0.4982 0.8567
vn -0.0056 -0.0208 0.9998
vn 0.1251 0.4670 0.8753
vn 0.2227 0.8311 0.5095
vn 0.2227 0.8311 -0.5095
vn 0.1251 0.4670 -0.8753
vn -0.0056 -0.0208 -0.9998
vn -0.1335 -0.4982 -0.8567
vn -0.2255 -0.8415 -0.4909
vn 0.0000 -0.8712 0.4909
vn 0.0000 -0.5158 0.8567
vn 0.0000 -0.0215 0.9998
vn 0.0000 0.4835 0.8753
vn 0.0000 0.8604 0.5095
vn 0.0000 0.8604 -0.5095
vn 0.0000 0.4835 -0.8753
vn 0.0000 -0.0215 -0.9998
vn 0.0000 -0.5158 -0.8567
vn 0.0000 -0.8712 -0.4909
vn 0.2255 -0.8415 0.4909
vn 0.1335 -0.4982 0.8567
vn 0.0056 -0.0208 0.9998
vn -0.1251 0.4670 0.8754
vn -0.2227 0.8311 0.5096
vn -0.2227 0.8311 -0.5096
vn -0.1251 0.4670 -0.8753
vn 0.0056 -0.0208 -0.9998
vn 0.1335 -0.4982 -0.8567
vn 0.2255 -0.8415 -0.4909
vn 0.4356 -0.7545 0.4909
vn 0.2579 -0.4467 0.8567
vn 0.0107 -0.0186 0.9998
vn -0.2417 0.4187 0.8753
vn -0.4302 0.7452 0.5095
vn -0.4302 0.7452 -0.5095
vn -0.2417 0.4187 -0.8753
vn 0.0108 -0.0186 -0.9998
vn 0.2579 -0.4467 -0.8567
vn 0.4356 -0.7545 -0.4909
vn 0.6160 -0.6160 0.4909
vn 0.3647 -0.3647 0.8567
vn 0.0152 -0.0152 0.9998
vn -0.3419 0.3419 0.8753
vn -0.6084 0.6084 0.5095
vn -0.6084 0.6084 -0.5095
vn -0.3419 0.3419 -0.8753
vn 0.0152 -0.0152 -0.9998
vn 0.3647 -0.3647 -0.8567
vn 0.6160 -0.6160 -0.4909
vn 0.7545 -0.4356 0.4909
vn 0.4467 -0.2579 0.8567
vn 0.0186 -0.0107 0.9998
vn -0.4187 0.2417 0.8753
vn -0.7451 0.4302 0.5095
vn -0.7451 0.4302 -0.5095
vn -0.4187 0.2417 -0.8753
vn 0.0186 -0.0108 -0.9998
vn 0.4467 -0.2579 -0.8567
vn 0.7545 -0.4356 -0.4909
vn 0.9659 -0.2588 0.0000
vn 0.8415 -0.2255 0.4909
vn 0.4982 -0.1335 0.8567
vn 0.0208 -0.0056 0.9998
vn -0.4670 0.1252 0.8753
vn -0.8311 0.2227 0.5095
vn -0.9659 0.2588 0.0000
vn -0.8311 0.2227 -0.5095
vn -0.4670 0.1252 -0.8753
vn 0.0208 -0.0056 -0.9998
vn 0.4982 -0.1335 -0.8567
vn 0.8415 -0.2255 -0.4909
vn -0.3827 0.9239 0.0000
vn -0.2785 0.6724 0.6857
vn -0.1420 0.7139 0.6857
vn -0.1951 0.9808 0.0000
vn 0.8315 -0.5555 0.0000
vn 0.8157 -0.5451 0.1936
vn 0.6937 -0.6937 0.1936
vn -0.5147 0.5147 0.6857
vn -0.4043 0.6052 0.6857
vn -0.5555 0.8315 0.0000
vn -0.6725 0.2785 0.6857
vn -0.7139 0.1420 0.6857
vn -0.6705 0.1333 0.7299
vn -0.6316 0.2615 0.7299
vn -0.3754 0.9064 0.1936
vn -0.1914 0.9622 0.1936
vn -0.9239 0.3826 0.0000
vn -0.6052 0.4044 0.6857
vn -0.8314 0.5556 0.0000
vn 0.5147 -0.5147 0.6857
vn 0.6052 -0.4044 0.6857
vn 0.5684 -0.3798 0.7299
vn 0.4834 -0.4834 0.7299
vn 0.3827 0.9239 0.0000
vn 0.1951 0.9808 0.0000
vn 0.1914 0.9622 0.1936
vn 0.3754 0.9064 0.1936
vn -0.7279 0.0000 0.6857
vn -0.9808 0.1950 0.0000
vn 0.4043 0.6052 0.6857
vn 0.2785 0.6724 0.6857
vn 0.2616 0.6316 0.7299
vn 0.3798 0.5684 0.7299
vn 0.5556 0.8314 0.0000
vn 0.5451 0.8157 0.1936
vn 0.6937 0.6937 0.1936
vn 0.8315 0.5555 0.0000
vn 0.8157 0.5451 0.1936
vn -0.5147 -0.5147 0.6857
vn -0.4044 -0.6052 0.6857
vn -0.3798 -0.5684 0.7298
vn -0.4833 -0.4834 0.7299
vn -0.9808 0.1951 0.0000
vn -0.9810 0.0000 0.1936
vn -0.9622 0.1914 0.1936
vn 0.2785 -0.6725 0.6857
vn 0.4044 -0.6052 0.6857
vn 0.3798 -0.5684 0.7298
vn 0.2616 -0.6316 0.7298
vn -0.8314 -0.5556 0.0000
vn -0.6052 -0.4044 0.6857
vn -0.6725 -0.2785 0.6857
vn -0.9239 -0.3826 0.0000
vn -0.9064 0.3754 0.1936
vn -0.8157 0.5451 0.1936
vn -0.2616 0.6316 0.7299
vn -0.1333 0.6705 0.7299
vn 0.3827 -0.9239 0.0000
vn 0.5556 -0.8314 0.0000
vn 0.5451 -0.8157 0.1936
vn 0.3754 -0.9064 0.1936
vn 0.7139 -0.1420 0.6857
vn 0.7279 0.0000 0.6857
vn 0.6836 0.0000 0.7299
vn 0.6705 -0.1333 0.7298
vn -0.5556 -0.8315 0.0000
vn 0.9239 -0.3827 0.0000
vn 0.9064 -0.3754 0.1936
vn -0.7139 -0.1420 0.6857
vn -0.9808 -0.1950 0.0000
vn -0.4834 0.4834 0.7299
vn -0.3798 0.5684 0.7299
vn 0.6725 -0.2785 0.6857
vn 0.6316 -0.2616 0.7299
vn -0.1951 -0.9808 0.0000
vn -0.1420 -0.7139 0.6857
vn -0.2786 -0.6724 0.6857
vn -0.3827 -0.9239 0.0000
vn 0.9808 0.1951 0.0000
vn 0.9239 0.3827 0.0000
vn 0.9064 0.3755 0.1936
vn 0.9622 0.1914 0.1936
vn 0.1420 0.7139 0.6857
vn 0.1333 0.6705 0.7299
vn 0.0000 -0.7279 0.6857
vn 0.0000 0.9810 0.1936
vn 0.0000 0.7279 0.6857
vn 0.0000 0.6836 0.7299
vn 0.1951 -0.9808 0.0000
vn 0.1420 -0.7139 0.6857
vn 0.0000 -0.9810 0.1936
vn -0.1914 -0.9622 0.1936
vn -0.5684 0.3798 0.7299
vn -0.3754 -0.9064 0.1936
vn 0.6724 0.2785 0.6857
vn 0.6052 0.4044 0.6857
vn 0.5684 0.3797 0.7299
vn 0.6316 0.2616 0.7299
vn 0.5556 -0.8315 0.0000
vn -0.9808 -0.1951 0.0000
vn -0.9064 -0.3754 0.1936
vn -0.9622 -0.1914 0.1936
vn 0.5147 0.5147 0.6857
vn 0.4834 0.4834 0.7299
vn 0.9810 0.0000 0.1936
vn 0.7139 0.1420 0.6857
vn 0.6705 0.1333 0.7299
vn 0.8314 -0.5556 0.0000
vn -0.8315 0.5555 0.0000
vn -0.6052 0.4043 0.6857
vn 0.9808 -0.1951 0.0000
vn -0.5684 -0.3798 0.7299
vn 0.1914 -0.9622 0.1936
vn 0.1334 -0.6705 0.7299
vn 0.9808 0.1950 0.0000
vn -0.6937 -0.6937 0.1936
vn -0.8157 -0.5451 0.1936
vn -0.6316 -0.2615 0.7299
vn 0.0000 -0.6836 0.7298
vn 0.8314 0.5556 0.0000
vn -0.5556 0.8314 0.0000
vn -0.6937 0.6937 0.1936
vn -0.5451 0.8157 0.1936
vn -0.5556 -0.8314 0.0000
vn -0.5450 -0.8157 0.1936
vn -0.6705 -0.1333 0.7298
vn -0.6836 0.0000 0.7299
vn 0.5555 0.8315 0.0000
vn -0.0000 0.9998 0.0187
vn -0.0000 0.9822 0.1875
vn 0.4389 0.8828 0.1673
vn 0.4408 0.8974 0.0165
vn 0.8210 0.5614 0.1032
vn 0.8278 0.5608 0.0099
vn 0.9995 0.0295 0.0020
vn 1.0000 0.0030 0.0004
vn 0.8457 -0.5248 -0.0966
vn 0.8303 -0.5573 -0.0074
vn 0.4571 -0.8755 -0.1567
vn 0.4423 -0.8968 -0.0110
vn 0.0000 -0.9845 -0.1753
vn 0.0000 -0.9999 -0.0118
vn -0.4571 -0.8755 -0.1567
vn -0.4424 -0.8967 -0.0110
vn -0.8457 -0.5249 -0.0966
vn -0.8302 -0.5573 -0.0075
vn -0.9995 0.0295 0.0020
vn -1.0000 0.0030 0.0004
vn -0.8210 0.5615 0.1032
vn -0.8278 0.5609 0.0099
vn -0.4390 0.8828 0.1673
vn -0.4408 0.8974 0.0165
vn 0.0000 0.8978 0.4404
vn 0.4490 0.8026 0.3926
vn 0.8294 0.5030 0.2430
vn 0.9997 0.0219 0.0069
vn 0.8484 -0.4756 -0.2325
vn 0.4634 -0.7974 -0.3864
vn 0.0000 -0.9001 -0.4357
vn -0.4635 -0.7974 -0.3864
vn -0.8483 -0.4756 -0.2325
vn -0.9997 0.0219 0.0069
vn -0.8293 0.5031 0.2430
vn -0.4490 0.8027 0.3925
vn 0.0000 0.7618 0.6477
vn 0.4615 0.6768 0.5735
vn 0.8375 0.4191 0.3506
vn 0.9997 0.0208 0.0123
vn 0.8575 -0.3925 -0.3325
vn 0.4776 -0.6728 -0.5649
vn 0.0000 -0.7662 -0.6426
vn -0.4777 -0.6728 -0.5649
vn -0.8575 -0.3925 -0.3326
vn -0.9997 0.0208 0.0123
vn -0.8374 0.4192 0.3506
vn -0.4615 0.6769 0.5735
vn 0.0000 0.5615 0.8275
vn 0.4748 0.4954 0.7273
vn 0.8460 0.3029 0.4388
vn 0.9997 0.0170 0.0184
vn 0.8671 -0.2804 -0.4117
vn 0.4935 -0.4926 -0.7168
vn 0.0000 -0.5669 -0.8238
vn -0.4935 -0.4926 -0.7167
vn -0.8670 -0.2804 -0.4118
vn -0.9997 0.0170 0.0184
vn -0.8460 0.3029 0.4388
vn -0.4748 0.4955 0.7273
vn 0.0000 0.3002 0.9539
vn 0.4852 0.2635 0.8337
vn 0.8525 0.1595 0.4978
vn 0.9997 0.0098 0.0236
vn 0.8744 -0.1462 -0.4627
vn 0.5064 -0.2619 -0.8216
vn 0.0000 -0.3042 -0.9526
vn -0.5064 -0.2619 -0.8215
vn -0.8743 -0.1462 -0.4627
vn -0.9997 0.0097 0.0236
vn -0.8525 0.1595 0.4978
vn -0.4853 0.2635 0.8337
vn 0.4892 0.0000 0.8721
vn 0.8549 0.0000 0.5187
vn 0.9997 0.0000 0.0256
vn 0.8771 0.0000 -0.4803
vn 0.5114 0.0000 -0.8593
vn -0.5114 0.0000 -0.8593
vn -0.8771 0.0000 -0.4803
vn -0.9997 -0.0000 0.0256
vn -0.8549 0.0000 0.5187
vn -0.4892 0.0000 0.8721
vn 0.0000 -0.3002 0.9539
vn 0.4852 -0.2635 0.8337
vn 0.8525 -0.1595 0.4978
vn 0.9997 -0.0098 0.0236
vn 0.8744 0.1462 -0.4627
vn 0.5064 0.2619 -0.8216
vn 0.0000 0.3042 -0.9526
vn -0.5064 0.2619 -0.8215
vn -0.8744 0.1462 -0.4627
vn -0.9997 -0.0098 0.0236
vn -0.8525 -0.1595 0.4978
vn -0.4853 -0.2635 0.8337
vn 0.0000 -0.5615 0.8274
vn 0.4748 -0.4954 0.7273
vn 0.8460 -0.3029 0.4388
vn 0.9997 -0.0170 0.0184
vn 0.8671 0.2805 -0.4117
vn 0.4935 0.4926 -0.7168
vn -0.0000 0.5669 -0.8238
vn -0.4935 0.4926 -0.7167
vn -0.8671 0.2804 -0.4117
vn -0.9997 -0.0169 0.0184
vn -0.8460 -0.3028 0.4388
vn -0.4749 -0.4954 0.7273
vn 0.0000 -0.7619 0.6477
vn 0.4615 -0.6768 0.5735
vn 0.8375 -0.4192 0.3506
vn 0.9997 -0.0208 0.0122
vn 0.8575 0.3926 -0.3325
vn 0.4776 0.6728 -0.5649
vn -0.0000 0.7662 -0.6426
vn -0.4776 0.6728 -0.5649
vn -0.8575 0.3926 -0.3325
vn -0.9997 -0.0206 0.0123
vn -0.8375 -0.4190 0.3506
vn -0.4615 -0.6768 0.5735
vn 0.0000 -0.8978 0.4404
vn 0.4490 -0.8026 0.3926
vn 0.8293 -0.5031 0.2430
vn 0.9997 -0.0220 0.0069
vn 0.8484 0.4756 -0.2325
vn 0.4634 0.7975 -0.3864
vn 0.0000 0.9001 -0.4357
vn -0.4634 0.7974 -0.3864
vn -0.8484 0.4756 -0.2325
vn -0.9997 -0.0218 0.0069
vn -0.8294 -0.5030 0.2430
vn -0.4490 -0.8027 0.3925
vn -0.0000 -0.9822 0.1875
vn 0.4390 -0.8827 0.1673
vn 0.8211 -0.5614 0.1032
vn 0.9995 -0.0295 0.0019
vn 0.8457 0.5248 -0.0966
vn 0.4571 0.8755 -0.1567
vn 0.0000 0.9845 -0.1753
vn -0.4571 0.8755 -0.1567
vn -0.8457 0.5247 -0.0966
vn -0.9995 -0.0295 0.0020
vn -0.8210 -0.5614 0.1032
vn -0.4389 -0.8828 0.1673
vn -0.0000 -0.9998 0.0187
vn 0.4408 -0.8974 0.0165
vn 0.8278 -0.5608 0.0099
vn 1.0000 -0.0030 0.0004
vn 0.8303 0.5573 -0.0074
vn 0.4423 0.8968 -0.0110
vn 0.0000 0.9999 -0.0118
vn -0.4424 0.8968 -0.0110
vn -0.8303 0.5573 -0.0075
vn -1.0000 -0.0030 0.0004
vn -0.8278 -0.5608 0.0099
vn -0.4408 -0.8974 0.0165
vn -0.2616 -0.6316 0.7298
vn 0.7114 -0.4878 0.5058
vn 0.3828 -0.7898 0.4792
vn 0.4390 -0.8547 -0.2768
vn 0.8123 -0.5249 -0.2542
vn -0.3828 -0.7898 0.4792
vn -0.7114 -0.4879 0.5058
vn -0.8122 -0.5250 -0.2542
vn -0.4391 -0.8547 -0.2768
vn 0.0000 0.8835 0.4683
vn 0.3828 0.7898 0.4793
vn 0.4391 0.8547 -0.2768
vn 0.0000 0.9577 -0.2876
vn 0.8813 0.0000 0.4726
vn 0.7341 -0.5030 0.4562
vn 0.8019 -0.5192 -0.2954
vn 0.9592 0.0000 -0.2827
vn 0.7114 0.4878 0.5058
vn 0.8123 0.5249 -0.2542
vn -0.7340 0.5030 0.4562
vn -0.3941 0.8126 0.4293
vn -0.4322 0.8433 -0.3193
vn -0.8018 0.5194 -0.2953
vn 0.0000 0.9084 0.4181
vn 0.0000 0.9437 -0.3307
vn -0.1334 -0.6705 0.7299
vn 0.9622 -0.1914 0.1936
vn 0.3941 0.8126 0.4292
vn 0.7340 0.5030 0.4562
vn 0.8019 0.5193 -0.2953
vn 0.4322 0.8433 -0.3194
vn 0.8530 0.0000 0.5220
vn 0.9701 0.0000 -0.2425
vn -0.8529 0.0000 0.5220
vn -0.9701 0.0000 -0.2425
vn -0.3828 0.7898 0.4793
vn -0.4391 0.8547 -0.2768
vn 0.0000 -0.8836 0.4683
vn 0.0000 -0.9577 -0.2876
vn 0.0000 -0.9084 0.4181
vn -0.3941 -0.8126 0.4293
vn -0.4322 -0.8433 -0.3193
vn 0.0000 -0.9437 -0.3307
vn 0.3941 -0.8126 0.4292
vn 0.4322 -0.8433 -0.3194
vn -0.7340 -0.5030 0.4562
vn -0.8019 -0.5194 -0.2953
vn -0.8812 0.0000 0.4726
vn -0.9592 0.0000 -0.2827
vn -0.7114 0.4879 0.5058
vn -0.8122 0.5250 -0.2542
vn -0.5147 0.5147 -0.6857
vn -0.4044 0.6052 -0.6857
vn -0.2785 0.6725 -0.6857
vn -0.1420 0.7139 -0.6857
vn 0.0000 0.7279 -0.6857
vn 0.1420 0.7139 -0.6857
vn 0.2785 0.6725 -0.6857
vn 0.4044 0.6052 -0.6857
vn 0.5147 0.5147 -0.6857
vn 0.6052 0.4044 -0.6857
vn 0.6725 0.2785 -0.6857
vn 0.7139 0.1420 -0.6857
vn 0.7279 0.0000 -0.6857
vn 0.7139 -0.1420 -0.6857
vn 0.6725 -0.2785 -0.6857
vn 0.6052 -0.4044 -0.6857
vn 0.5147 -0.5147 -0.6857
vn 0.4044 -0.6052 -0.6857
vn 0.2785 -0.6725 -0.6857
vn 0.1420 -0.7139 -0.6857
vn 0.0000 -0.7279 -0.6857
vn -0.1420 -0.7139 -0.6857
vn -0.2785 -0.6725 -0.6857
vn -0.4044 -0.6052 -0.6857
vn -0.5147 -0.5147 -0.6857
vn -0.6052 -0.4044 -0.6857
vn -0.6725 -0.2785 -0.6857
vn -0.7139 -0.1420 -0.6857
vn -0.7279 0.0000 -0.6857
vn -0.7139 0.1420 -0.6857
vn -0.6725 0.2785 -0.6857
vn -0.6052 0.4044 -0.6857
vn -0.5966 0.3986 0.6966
vn -0.5073 0.5073 0.6966
vn -0.2694 0.2694 0.9245
vn -0.3169 0.2117 0.9245
vn 0.4309 -0.2880 0.8552
vn 0.3666 -0.3665 0.8551
vn 0.3986 -0.5965 0.6966
vn 0.2746 -0.6629 0.6966
vn 0.1458 -0.3521 0.9245
vn 0.2117 -0.3169 0.9245
vn -0.2879 0.4310 0.8552
vn -0.1983 0.4789 0.8552
vn 0.1400 0.7037 0.6965
vn 0.2745 0.6629 0.6966
vn 0.1458 0.3520 0.9245
vn 0.0743 0.3738 0.9245
vn -0.1011 -0.5084 0.8552
vn -0.1983 -0.4789 0.8551
vn -0.6629 0.2746 0.6966
vn -0.3521 0.1458 0.9245
vn 0.4788 -0.1983 0.8552
vn 0.0000 0.7175 0.6966
vn 0.0000 0.3811 0.9245
vn 0.0000 -0.5183 0.8552
vn 0.3986 0.5965 0.6966
vn 0.5073 0.5073 0.6966
vn 0.2695 0.2695 0.9245
vn 0.2117 0.3168 0.9245
vn -0.2879 -0.4310 0.8552
vn -0.3665 -0.3665 0.8552
vn 0.7175 0.0000 0.6966
vn 0.7037 -0.1400 0.6966
vn 0.3737 -0.0743 0.9245
vn 0.3811 0.0000 0.9245
vn -0.5184 0.0000 0.8551
vn -0.5084 0.1011 0.8551
vn -0.7037 0.1399 0.6966
vn -0.3738 0.0743 0.9245
vn 0.5084 -0.1011 0.8551
vn -0.7037 -0.1399 0.6966
vn -0.7175 0.0000 0.6966
vn -0.3811 0.0000 0.9245
vn -0.3738 -0.0743 0.9245
vn 0.5084 0.1011 0.8551
vn 0.5183 0.0000 0.8552
vn -0.5966 -0.3986 0.6965
vn -0.6629 -0.2745 0.6966
vn -0.3521 -0.1458 0.9245
vn -0.3169 -0.2117 0.9245
vn 0.4309 0.2880 0.8552
vn 0.4788 0.1983 0.8552
vn -0.3986 -0.5966 0.6965
vn -0.5073 -0.5073 0.6965
vn -0.2694 -0.2695 0.9245
vn -0.2117 -0.3168 0.9245
vn 0.2880 0.4310 0.8552
vn 0.3666 0.3665 0.8551
vn 0.0000 -0.7175 0.6965
vn -0.1400 -0.7037 0.6966
vn -0.0743 -0.3738 0.9245
vn 0.0000 -0.3811 0.9245
vn 0.0000 0.5184 0.8551
vn 0.1011 0.5084 0.8551
vn 0.7037 0.1400 0.6966
vn 0.3737 0.0743 0.9246
vn -0.5084 -0.1011 0.8551
vn -0.2746 -0.6629 0.6966
vn -0.1458 -0.3521 0.9245
vn 0.1983 0.4789 0.8552
vn 0.6629 -0.2746 0.6965
vn 0.3521 -0.1458 0.9245
vn -0.4788 0.1983 0.8552
vn -0.3986 0.5966 0.6965
vn -0.2117 0.3168 0.9245
vn 0.2880 -0.4310 0.8551
vn 0.5073 -0.5073 0.6966
vn 0.2695 -0.2695 0.9245
vn -0.3665 0.3665 0.8552
vn 0.5965 -0.3986 0.6966
vn 0.3169 -0.2117 0.9245
vn -0.4309 0.2879 0.8552
vn 0.1400 -0.7037 0.6965
vn 0.0743 -0.3737 0.9245
vn -0.1011 0.5084 0.8551
vn 0.6629 0.2746 0.6965
vn 0.3521 0.1458 0.9245
vn -0.4788 -0.1983 0.8552
vn 0.5966 0.3986 0.6966
vn 0.3169 0.2117 0.9245
vn -0.4309 -0.2879 0.8552
vn -0.1400 0.7037 0.6966
vn -0.0743 0.3737 0.9245
vn 0.1011 -0.5084 0.8551
vn -0.2745 0.6629 0.6966
vn -0.1458 0.3520 0.9245
vn 0.1983 -0.4789 0.8551
vn 0.6052 -0.4043 0.6857
vn 0.6725 0.2785 0.6857
vn 0.6052 0.4043 0.6857
vn 0.4044 0.6052 0.6857
vn 0.2785 0.6725 0.6857
vn -0.2785 0.6725 0.6857
vn -0.4044 0.6052 0.6857
vn -0.2785 -0.6725 0.6857
vn -0.8315 -0.5555 0.0000
vn 0.1950 -0.9808 0.0000
vn 0.3826 0.9239 0.0000
vn 0.9239 0.3826 0.0000
vn -0.9239 -0.3827 0.0000
vn 0.9239 -0.3826 0.0000
vn -0.5090 0.1070 -0.8540
vn -0.5115 -0.0273 -0.8588
vn 0.8390 -0.1732 -0.5158
vn 0.9795 -0.2012 0.0000
vn 0.9983 0.0580 0.0000
vn 0.8390 -0.1732 0.5158
vn -0.5090 0.1070 0.8540
vn -0.5115 -0.0273 0.8588
vn -0.0186 0.0108 0.9998
vn -0.7545 0.4356 0.4909
vn 0.3419 -0.3419 -0.8753
vn -0.3648 0.3647 0.8567
vn -0.0107 0.0186 -0.9998
vn 0.0000 -0.8604 0.5096
vn -0.2227 -0.8311 -0.5095
vn -0.2227 -0.8311 0.5095
vn 0.0108 0.0187 -0.9998
vn -0.4999 -0.8661 0.0000
vn -0.3418 -0.3419 -0.8753
vn -0.7452 -0.4302 0.5096
vn 0.0186 0.0108 0.9998
vn 0.5090 0.1070 -0.8540
vn 0.5090 0.1070 0.8540
vn -0.8632 0.0496 -0.5023
vn -0.8632 0.0496 0.5023
vn -0.4670 0.1251 -0.8753
vn -0.4670 0.1251 0.8753
vn -0.7452 0.4302 -0.5095
vn -0.7452 0.4302 0.5095
vn 0.0186 -0.0108 0.9998
vn 0.0108 -0.0186 0.9998
vn -0.2227 0.8311 -0.5095
vn -0.2227 0.8311 0.5095
vn -0.1251 0.4670 0.8753
vn 0.4302 0.7451 -0.5095
vn -0.3648 -0.3647 -0.8567
vn 0.3418 0.3419 0.8753
vn -0.0153 -0.0152 0.9998
vn -0.3647 -0.3648 0.8567
vn -0.0186 -0.0108 -0.9998
vn 0.4187 0.2418 0.8753
vn 0.8311 0.2227 -0.5096
vn 0.8311 0.2227 0.5095
vn -0.8157 -0.5450 -0.1936
vn -0.6937 -0.6937 -0.1936
vn 0.6704 0.1334 -0.7299
vn 0.6316 0.2616 -0.7298
vn 0.3754 0.9064 -0.1936
vn 0.1914 0.9622 -0.1936
vn -0.5684 -0.3798 -0.7298
vn -0.4834 -0.4834 -0.7299
vn -0.1914 0.9622 -0.1936
vn -0.3754 0.9064 -0.1936
vn -0.2616 0.6316 -0.7298
vn -0.3798 0.5684 -0.7298
vn -0.5450 0.8157 -0.1936
vn -0.6937 0.6937 -0.1936
vn -0.8157 0.5450 -0.1936
vn 0.3798 -0.5684 -0.7298
vn 0.4834 -0.4834 -0.7299
vn 0.9810 0.0000 -0.1936
vn 0.9622 0.1914 -0.1936
vn -0.3797 -0.5684 -0.7298
vn -0.2616 -0.6316 -0.7298
vn 0.6724 -0.2785 -0.6857
vn 0.8315 0.5556 0.0000
vn 0.9064 0.3754 -0.1936
vn 0.8157 0.5450 -0.1936
vn 0.2616 0.6316 -0.7299
vn 0.1333 0.6705 -0.7298
vn -0.3826 -0.9239 0.0000
vn -0.5555 -0.8315 0.0000
vn -0.5450 -0.8157 -0.1936
vn -0.3754 -0.9064 -0.1936
vn -0.6836 0.0000 -0.7299
vn -0.6705 -0.1333 -0.7298
vn -0.9064 -0.3754 -0.1936
vn 0.4834 0.4834 -0.7299
vn 0.3798 0.5684 -0.7298
vn -0.6316 -0.2616 -0.7298
vn 0.3826 -0.9239 0.0000
vn -0.9239 0.3827 0.0000
vn -0.9064 0.3754 -0.1936
vn -0.9622 0.1914 -0.1936
vn -0.1333 0.6705 -0.7298
vn 0.0000 0.9810 -0.1936
vn 0.0000 0.6836 -0.7298
vn 0.0000 -0.9810 -0.1936
vn 0.1914 -0.9622 -0.1936
vn 0.5684 0.3798 -0.7299
vn 0.3754 -0.9064 -0.1936
vn -0.5684 0.3798 -0.7298
vn -0.6316 0.2616 -0.7298
vn 0.9064 -0.3754 -0.1936
vn 0.9622 -0.1914 -0.1936
vn -0.4834 0.4834 -0.7299
vn -0.9810 0.0000 -0.1936
vn -0.6705 0.1333 -0.7298
vn 0.6724 0.2785 -0.6857
vn 0.5684 -0.3798 -0.7298
vn -0.1914 -0.9622 -0.1936
vn -0.1333 -0.6705 -0.7298
vn 0.6937 -0.6937 -0.1936
vn 0.8157 -0.5450 -0.1936
vn 0.6316 -0.2616 -0.7298
vn 0.0000 -0.6836 -0.7298
vn 0.6937 0.6937 -0.1936
vn 0.5451 0.8157 -0.1936
vn 0.5450 -0.8157 -0.1936
vn 0.6704 -0.1334 -0.7299
vn 0.6836 0.0000 -0.7299
vn 0.0000 0.9998 -0.0187
vn -0.0000 0.9822 -0.1875
vn -0.4389 0.8828 -0.1673
vn -0.4408 0.8974 -0.0165
vn -0.8210 0.5615 -0.1032
vn -0.8278 0.5608 -0.0099
vn -0.9995 0.0295 -0.0020
vn -1.0000 0.0030 -0.0004
vn -0.8457 -0.5248 0.0966
vn -0.8303 -0.5572 0.0074
vn -0.4571 -0.8755 0.1567
vn -0.4424 -0.8967 0.0110
vn 0.0000 -0.9845 0.1753
vn 0.0000 -0.9999 0.0118
vn 0.4571 -0.8755 0.1567
vn 0.4424 -0.8967 0.0110
vn 0.8457 -0.5249 0.0966
vn 0.8303 -0.5573 0.0074
vn 0.9995 0.0294 -0.0020
vn 1.0000 0.0030 -0.0004
vn 0.8211 0.5614 -0.1031
vn 0.8278 0.5608 -0.0099
vn 0.4389 0.8828 -0.1673
vn 0.4408 0.8974 -0.0165
vn -0.0000 0.8978 -0.4404
vn -0.4490 0.8026 -0.3926
vn -0.8294 0.5030 -0.2430
vn -0.9997 0.0219 -0.0069
vn -0.8484 -0.4756 0.2325
vn -0.4634 -0.7974 0.3864
vn 0.0000 -0.9001 0.4357
vn 0.4634 -0.7974 0.3864
vn 0.8483 -0.4757 0.2325
vn 0.9997 0.0218 -0.0069
vn 0.8294 0.5030 -0.2430
vn 0.4490 0.8027 -0.3925
vn -0.0000 0.7618 -0.6477
vn -0.4615 0.6767 -0.5735
vn -0.8375 0.4190 -0.3506
vn -0.9997 0.0208 -0.0123
vn -0.8575 -0.3926 0.3325
vn -0.4777 -0.6727 0.5650
vn 0.0000 -0.7662 0.6426
vn 0.4777 -0.6728 0.5649
vn 0.8575 -0.3925 0.3325
vn 0.9997 0.0208 -0.0123
vn 0.8375 0.4191 -0.3506
vn 0.4615 0.6768 -0.5735
vn 0.0000 0.5614 -0.8275
vn -0.4749 0.4954 -0.7273
vn -0.8460 0.3028 -0.4388
vn -0.9997 0.0169 -0.0184
vn -0.8671 -0.2805 0.4117
vn -0.4935 -0.4926 0.7168
vn 0.0000 -0.5669 0.8238
vn 0.4935 -0.4926 0.7167
vn 0.8671 -0.2804 0.4117
vn 0.9997 0.0170 -0.0184
vn 0.8460 0.3028 -0.4388
vn 0.4749 0.4954 -0.7273
vn 0.0000 0.3001 -0.9539
vn -0.4853 0.2635 -0.8337
vn -0.8525 0.1595 -0.4978
vn -0.9997 0.0097 -0.0236
vn -0.8744 -0.1462 0.4627
vn -0.5064 -0.2619 0.8216
vn 0.0000 -0.3041 0.9526
vn 0.5064 -0.2619 0.8215
vn 0.8744 -0.1462 0.4627
vn 0.9997 0.0098 -0.0236
vn 0.8525 0.1595 -0.4978
vn 0.4853 0.2635 -0.8337
vn -0.4892 0.0000 -0.8721
vn -0.8549 -0.0000 -0.5187
vn -0.9997 -0.0000 -0.0256
vn -0.8771 0.0000 0.4803
vn -0.5114 0.0000 0.8593
vn 0.5113 0.0000 0.8593
vn 0.8771 0.0000 0.4803
vn 0.9997 0.0000 -0.0256
vn 0.8549 0.0000 -0.5187
vn 0.4892 0.0000 -0.8722
vn 0.0000 -0.3002 -0.9539
vn -0.4853 -0.2635 -0.8337
vn -0.8525 -0.1595 -0.4978
vn -0.9997 -0.0098 -0.0236
vn -0.8744 0.1462 0.4627
vn -0.5064 0.2619 0.8215
vn 0.0000 0.3042 0.9526
vn 0.5064 0.2620 0.8215
vn 0.8744 0.1462 0.4627
vn 0.9997 -0.0098 -0.0236
vn 0.8525 -0.1595 -0.4978
vn 0.4852 -0.2635 -0.8337
vn 0.0000 -0.5615 -0.8275
vn -0.4749 -0.4954 -0.7273
vn -0.8460 -0.3028 -0.4387
vn -0.9997 -0.0170 -0.0184
vn -0.8671 0.2805 0.4117
vn -0.4935 0.4926 0.7168
vn 0.0000 0.5669 0.8238
vn 0.4935 0.4927 0.7167
vn 0.8671 0.2804 0.4117
vn 0.9997 -0.0170 -0.0184
vn 0.8460 -0.3028 -0.4388
vn 0.4748 -0.4954 -0.7273
vn 0.0000 -0.7618 -0.6477
vn -0.4615 -0.6768 -0.5735
vn -0.8375 -0.4191 -0.3506
vn -0.9997 -0.0208 -0.0123
vn -0.8575 0.3926 0.3325
vn -0.4776 0.6728 0.5650
vn 0.0000 0.7662 0.6426
vn 0.4776 0.6728 0.5649
vn 0.8575 0.3926 0.3325
vn 0.9997 -0.0208 -0.0123
vn 0.8375 -0.4191 -0.3506
vn 0.4615 -0.6768 -0.5735
vn 0.0000 -0.8978 -0.4404
vn -0.4490 -0.8026 -0.3926
vn -0.8293 -0.5031 -0.2430
vn -0.9997 -0.0219 -0.0069
vn -0.8483 0.4757 0.2325
vn -0.4634 0.7974 0.3864
vn 0.0000 0.9001 0.4357
vn 0.4634 0.7974 0.3864
vn 0.8483 0.4757 0.2325
vn 0.9997 -0.0219 -0.0069
vn 0.8293 -0.5031 -0.2430
vn 0.4490 -0.8027 -0.3925
vn 0.0000 -0.9822 -0.1875
vn -0.4390 -0.8827 -0.1673
vn -0.8210 -0.5614 -0.1032
vn -0.9995 -0.0295 -0.0019
vn -0.8457 0.5248 0.0966
vn -0.4571 0.8755 0.1567
vn 0.0000 0.9845 0.1753
vn 0.4571 0.8755 0.1567
vn 0.8457 0.5248 0.0966
vn 0.9995 -0.0294 -0.0020
vn 0.8210 -0.5615 -0.1031
vn 0.4389 -0.8828 -0.1673
vn 0.0000 -0.9998 -0.0187
vn -0.4409 -0.8974 -0.0165
vn -0.8279 -0.5608 -0.0099
vn -1.0000 -0.0030 -0.0004
vn -0.8303 0.5572 0.0075
vn -0.4424 0.8967 0.0110
vn 0.0000 0.9999 0.0118
vn 0.4424 0.8967 0.0110
vn 0.8303 0.5573 0.0075
vn 1.0000 -0.0030 -0.0004
vn 0.8278 -0.5609 -0.0099
vn 0.4408 -0.8974 -0.0165
vn 0.2616 -0.6316 -0.7298
vn -0.7114 -0.4878 -0.5058
vn -0.3828 -0.7898 -0.4793
vn -0.4390 -0.8547 0.2768
vn -0.8122 -0.5250 0.2542
vn 0.3828 -0.7898 -0.4792
vn 0.7114 -0.4878 -0.5058
vn 0.8123 -0.5249 0.2542
vn 0.4391 -0.8547 0.2768
vn 0.0000 0.8835 -0.4683
vn -0.3828 0.7898 -0.4793
vn -0.4390 0.8547 0.2768
vn 0.0000 0.9577 0.2876
vn -0.8813 0.0000 -0.4726
vn -0.7341 -0.5030 -0.4562
vn -0.8018 -0.5194 0.2954
vn -0.9592 0.0000 0.2827
vn -0.7114 0.4878 -0.5058
vn -0.8122 0.5250 0.2542
vn 0.7341 0.5030 -0.4562
vn 0.3942 0.8126 -0.4292
vn 0.4321 0.8433 0.3194
vn 0.8019 0.5193 0.2954
vn 0.0000 0.9084 -0.4181
vn -0.0000 0.9437 0.3307
vn 0.1333 -0.6705 -0.7298
vn -0.9622 -0.1914 -0.1936
vn -0.3942 0.8126 -0.4292
vn -0.7341 0.5030 -0.4562
vn -0.8018 0.5194 0.2954
vn -0.4322 0.8433 0.3194
vn -0.8529 0.0000 -0.5220
vn -0.9701 0.0000 0.2425
vn 0.8529 0.0000 -0.5220
vn 0.9701 0.0000 0.2425
vn 0.3828 0.7898 -0.4793
vn 0.4391 0.8547 0.2768
vn 0.0000 -0.8836 -0.4683
vn 0.0000 -0.9577 0.2876
vn 0.0000 -0.9084 -0.4181
vn 0.3941 -0.8126 -0.4292
vn 0.4321 -0.8433 0.3194
vn -0.0000 -0.9437 0.3307
vn -0.3941 -0.8126 -0.4292
vn -0.4321 -0.8433 0.3194
vn 0.7340 -0.5030 -0.4562
vn 0.8019 -0.5193 0.2954
vn 0.8813 0.0000 -0.4726
vn 0.9592 0.0000 0.2827
vn 0.7114 0.4878 -0.5058
vn 0.8123 0.5249 0.2542
vn 0.5966 0.3986 -0.6965
vn 0.5073 0.5073 -0.6966
vn 0.2694 0.2694 -0.9246
vn 0.3168 0.2117 -0.9245
vn -0.4310 -0.2880 -0.8551
vn -0.3666 -0.3666 -0.8551
vn -0.3986 -0.5966 -0.6966
vn -0.2746 -0.6629 -0.6966
vn -0.1458 -0.3521 -0.9245
vn -0.2117 -0.3169 -0.9245
vn 0.2880 0.4310 -0.8552
vn 0.1984 0.4788 -0.8552
vn -0.1400 0.7037 -0.6966
vn -0.2746 0.6629 -0.6966
vn -0.1458 0.3521 -0.9245
vn -0.0743 0.3738 -0.9245
vn 0.1012 -0.5084 -0.8551
vn 0.1983 -0.4789 -0.8552
vn 0.6629 0.2746 -0.6966
vn 0.3521 0.1458 -0.9245
vn -0.4788 -0.1984 -0.8552
vn 0.0000 0.7175 -0.6965
vn 0.0000 0.3811 -0.9245
vn 0.0000 -0.5183 -0.8552
vn -0.3986 0.5966 -0.6966
vn -0.5073 0.5073 -0.6965
vn -0.2694 0.2694 -0.9245
vn -0.2117 0.3169 -0.9245
vn 0.2879 -0.4310 -0.8552
vn 0.3666 -0.3665 -0.8551
vn -0.7175 0.0000 -0.6965
vn -0.7037 -0.1399 -0.6965
vn -0.3737 -0.0743 -0.9245
vn -0.3810 0.0000 -0.9246
vn 0.5185 0.0000 -0.8551
vn 0.5084 0.1011 -0.8551
vn 0.7037 0.1400 -0.6965
vn 0.3737 0.0743 -0.9246
vn -0.5084 -0.1012 -0.8551
vn 0.7037 -0.1400 -0.6965
vn 0.7175 0.0000 -0.6965
vn 0.3810 0.0000 -0.9246
vn 0.3737 -0.0743 -0.9245
vn -0.5084 0.1012 -0.8551
vn -0.5185 0.0000 -0.8551
vn 0.5966 -0.3986 -0.6965
vn 0.6629 -0.2746 -0.6965
vn 0.3521 -0.1458 -0.9245
vn 0.3168 -0.2117 -0.9245
vn -0.4310 0.2880 -0.8551
vn -0.4789 0.1984 -0.8551
vn 0.3986 -0.5965 -0.6966
vn 0.5073 -0.5073 -0.6966
vn 0.2694 -0.2694 -0.9246
vn 0.2117 -0.3168 -0.9245
vn -0.2879 0.4310 -0.8551
vn -0.3666 0.3666 -0.8551
vn 0.0000 -0.7175 -0.6965
vn 0.1400 -0.7037 -0.6965
vn 0.0743 -0.3738 -0.9245
vn 0.0000 -0.3810 -0.9245
vn 0.0000 0.5184 -0.8551
vn -0.1011 0.5084 -0.8551
vn -0.7037 0.1399 -0.6965
vn -0.3737 0.0743 -0.9245
vn 0.5085 -0.1011 -0.8551
vn 0.2745 -0.6629 -0.6965
vn 0.1458 -0.3521 -0.9245
vn -0.1983 0.4789 -0.8552
vn -0.6629 -0.2746 -0.6965
vn -0.3521 -0.1458 -0.9245
vn 0.4789 0.1984 -0.8552
vn 0.3986 0.5965 -0.6966
vn 0.2117 0.3168 -0.9245
vn -0.2879 -0.4310 -0.8551
vn -0.5073 -0.5073 -0.6966
vn -0.2694 -0.2694 -0.9245
vn 0.3666 0.3666 -0.8551
vn -0.5965 -0.3986 -0.6966
vn -0.3168 -0.2116 -0.9246
vn 0.4310 0.2880 -0.8551
vn -0.1400 -0.7037 -0.6965
vn -0.0743 -0.3737 -0.9245
vn 0.1011 0.5084 -0.8551
vn -0.6629 0.2746 -0.6965
vn -0.3521 0.1458 -0.9245
vn 0.4789 -0.1984 -0.8552
vn -0.5965 0.3986 -0.6966
vn -0.3168 0.2117 -0.9245
vn 0.4310 -0.2880 -0.8551
vn 0.1400 0.7037 -0.6965
vn 0.0743 0.3738 -0.9245
vn -0.1011 -0.5083 -0.8552
vn 0.2746 0.6629 -0.6965
vn 0.1458 0.3521 -0.9245
vn -0.1984 -0.4789 -0.8551
vn -0.6052 -0.4043 -0.6857
vn 0.2786 0.6724 -0.6857
vn 0.5147 0.5146 -0.6857
vn 0.6052 -0.4043 -0.6857
usemtl None
s off
f 54/1/1 3/2/1 15/3/1
f 33/4/2 34/5/2 10/6/2 2/7/2
f 34/5/3 38/8/3 11/9/3 10/6/3
f 38/8/4 42/10/4 12/11/4 11/9/4
f 42/10/5 46/12/5 13/13/5 12/11/5
f 46/12/6 50/14/6 14/15/6 13/13/6
f 50/14/7 54/1/7 15/3/7 14/15/7
f 81/16/8 29/17/8 3/18/8
f 60/19/9 17/20/9 24/21/9 61/22/9
f 61/22/10 24/21/10 25/23/10 65/24/10
f 65/24/11 25/23/11 26/25/11 69/26/11
f 69/26/12 26/25/12 27/27/12 73/28/12
f 73/28/13 27/27/13 28/29/13 77/30/13
f 77/30/14 28/29/14 29/17/14 81/16/14
f 4/31/15 5/32/15 19/33/15 18/34/15
f 12/11/16 13/13/16 27/27/16 26/25/16
f 5/32/17 6/35/17 20/36/17 19/33/17
f 13/13/18 14/15/18 28/29/18 27/27/18
f 6/35/19 7/37/19 21/38/19 20/36/19
f 9/39/20 1/40/20 16/41/20 23/42/20
f 14/15/21 15/3/21 29/17/21 28/29/21
f 7/37/22 8/43/22 22/44/22 21/38/22
f 33/4/23 2/7/23 17/20/23 60/19/23
f 8/43/24 9/39/24 23/42/24 22/44/24
f 15/3/25 3/2/25 29/17/25
f 2/7/26 10/6/26 24/21/26 17/20/26
f 10/6/27 11/9/27 25/23/27 24/21/27
f 3/45/28 4/31/28 18/34/28
f 11/9/29 12/11/29 26/25/29 25/23/29
f 1/40/23 30/46/23 57/47/23 16/41/23
f 30/46/23 31/48/23 58/49/23 57/47/23
f 31/48/23 32/50/23 59/51/23 58/49/23
f 32/50/23 33/4/23 60/19/23 59/51/23
f 19/33/30 80/52/30 83/53/30 18/34/30
f 80/52/31 79/54/31 82/55/31 83/53/31
f 79/54/32 78/56/32 82/55/32
f 78/56/33 77/30/33 81/16/33 82/57/33
f 20/36/34 76/58/34 80/52/34 19/33/34
f 76/58/35 75/59/35 79/54/35 80/52/35
f 75/59/35 74/60/35 78/56/35 79/54/35
f 74/60/35 73/28/35 77/30/35 78/56/35
f 21/38/36 72/61/36 76/58/36 20/36/36
f 72/61/37 71/62/37 75/59/37 76/58/37
f 71/62/37 70/63/37 74/60/37 75/59/37
f 70/63/37 69/26/37 73/28/37 74/60/37
f 22/44/38 68/64/38 72/61/38 21/38/38
f 68/64/39 67/65/39 71/62/39 72/61/39
f 67/65/39 66/66/39 70/63/39 71/62/39
f 66/66/39 65/24/39 69/26/39 70/63/39
f 23/42/40 64/67/40 68/64/40 22/44/40
f 64/67/41 63/68/41 67/65/41 68/64/41
f 63/68/41 62/69/41 66/66/41 67/65/41
f 62/69/41 61/22/41 65/24/41 66/66/41
f 16/41/42 57/47/42 64/67/42 23/42/42
f 57/47/43 58/49/43 63/68/43 64/67/43
f 58/49/43 59/51/43 62/69/43 63/68/43
f 59/51/43 60/19/43 61/22/43 62/69/43
f 18/34/44 83/53/44 3/45/44
f 83/53/45 82/55/45 3/70/45
f 82/57/46 81/16/46 3/71/46
f 5/32/47 4/31/47 56/72/47 53/73/47
f 53/73/48 56/72/48 55/74/48 52/75/48
f 52/75/49 55/76/49 51/77/49
f 51/77/50 55/76/50 54/1/50 50/14/50
f 6/35/51 5/32/51 53/73/51 49/78/51
f 49/78/52 53/73/52 52/75/52 48/79/52
f 48/79/52 52/75/52 51/77/52 47/80/52
f 47/80/52 51/77/52 50/14/52 46/12/52
f 7/37/53 6/35/53 49/78/53 45/81/53
f 45/81/54 49/78/54 48/79/54 44/82/54
f 44/82/54 48/79/54 47/80/54 43/83/54
f 43/83/54 47/80/54 46/12/54 42/10/54
f 8/43/55 7/37/55 45/81/55 41/84/55
f 41/84/56 45/81/56 44/82/56 40/85/56
f 40/85/56 44/82/56 43/83/56 39/86/56
f 39/86/56 43/83/56 42/10/56 38/8/56
f 9/39/57 8/43/57 41/84/57 37/87/57
f 37/87/58 41/84/58 40/85/58 36/88/58
f 36/88/58 40/85/58 39/86/58 35/89/58
f 35/89/58 39/86/58 38/8/58 34/5/58
f 1/40/59 9/39/59 37/87/59 30/46/59
f 30/46/60 37/87/60 36/88/60 31/48/60
f 31/48/60 36/88/60 35/89/60 32/50/60
f 32/50/60 35/89/60 34/5/60 33/4/60
f 4/31/61 3/70/61 56/72/61
f 56/72/62 3/90/62 55/74/62
f 55/76/63 3/18/63 54/1/63
f 115/91/64 1394/92/64 1300/93/64 84/94/64
f 1306/95/65 1303/96/65 149/97/65 217/98/65
f 1309/99/66 1306/95/66 217/98/66 685/100/66
f 1312/101/67 1309/99/67 685/100/67 937/102/67
f 1315/103/68 1312/101/68 937/102/68 1189/104/68
f 1318/105/69 1315/106/69 1189/104/69 437/107/69
f 1321/108/70 1318/105/70 437/107/70 505/109/70
f 1324/110/71 1321/108/71 505/109/71 829/111/71
f 1327/112/72 1324/110/72 829/111/72 1081/113/72
f 1330/114/73 1327/112/73 1081/113/73 221/115/73
f 1333/116/74 1330/114/74 221/115/74 289/117/74
f 1336/118/75 1333/116/75 289/117/75 721/119/75
f 1339/120/76 1336/118/76 721/119/76 973/121/76
f 1342/122/77 1339/120/77 973/121/77 1225/123/77
f 1345/124/78 1342/122/78 1225/123/78 509/125/78
f 1348/126/79 1345/124/79 509/125/79 577/127/79
f 1351/128/80 1348/126/80 577/127/80 865/129/80
f 1354/130/81 1351/131/81 865/129/81 1117/132/81
f 1357/133/82 1354/130/82 1117/132/82 293/134/82
f 1360/135/83 1357/133/83 293/134/83 361/136/83
f 1363/137/84 1360/135/84 361/136/84 757/138/84
f 1366/139/85 1363/137/85 757/138/85 1009/140/85
f 1369/141/86 1366/139/86 1009/140/86 1261/142/86
f 1372/143/87 1369/141/87 1261/142/87 581/144/87
f 1375/145/88 1372/143/88 581/144/88 649/146/88
f 1378/147/89 1375/145/89 649/146/89 901/148/89
f 1381/149/90 1378/147/90 901/148/90 1153/150/90
f 1384/151/91 1381/152/91 1153/150/91 365/153/91
f 1387/154/92 1384/151/92 365/153/92 433/155/92
f 1390/156/93 1387/154/93 433/155/93 793/157/93
f 653/158/66 185/159/66 118/160/66 119/161/66
f 1393/162/94 1390/156/94 793/157/94 1045/163/94
f 1301/164/64 1393/162/64 1045/163/64 1265/165/64
f 84/166/95 85/167/95 86/168/95 87/169/95 88/170/95 89/171/95 90/172/95 91/173/95 92/174/95 93/175/95 94/176/95 95/177/95 96/178/95 97/179/95 98/180/95 99/181/95 100/182/95 101/183/95 102/184/95 103/185/95 104/186/95 105/187/95 106/188/95 107/189/95 108/190/95 109/191/95 110/192/95 111/193/95 112/194/95 113/195/95 114/196/95 115/197/95
f 116/198/23 117/199/23 147/200/23 146/201/23 145/202/23 144/203/23 143/204/23 142/205/23 141/206/23 140/207/23 139/208/23 138/209/23 137/210/23 136/211/23 135/212/23 134/213/23 133/214/23 132/215/23 131/216/23 130/217/23 129/218/23 128/219/23 127/220/23 126/221/23 125/222/23 124/223/23 123/224/23 122/225/23 121/226/23 120/227/23 119/228/23 118/229/23
f 689/230/75 257/231/75 127/232/75 128/233/75
f 725/234/84 329/235/84 136/236/84 137/237/84
f 761/238/93 401/239/93 145/240/93 146/241/93
f 797/242/96 473/243/96 123/244/96 124/245/96
f 833/246/80 545/247/80 132/248/80 133/249/80
f 869/250/89 617/251/89 141/252/89 142/253/89
f 656/254/66 188/255/66 184/256/66 652/257/66
f 692/258/75 260/259/75 256/260/75 688/261/75
f 728/262/84 332/263/84 328/264/84 724/265/84
f 764/266/93 404/267/93 400/268/93 760/269/93
f 800/270/96 476/271/96 472/272/96 796/273/96
f 836/274/80 548/275/80 544/276/80 832/277/80
f 872/278/89 620/279/89 616/280/89 868/281/89
f 908/282/67 656/254/67 652/257/67 904/283/67
f 944/284/76 692/258/76 688/261/76 940/285/76
f 980/286/85 728/262/85 724/265/85 976/287/85
f 1016/288/97 764/266/97 760/269/97 1012/289/97
f 1052/290/98 800/270/98 796/273/98 1048/291/98
f 1088/292/81 836/274/81 832/277/81 1084/293/81
f 1124/294/90 872/278/90 868/281/90 1120/295/90
f 1160/296/68 908/282/68 904/283/68 1156/297/68
f 1196/298/77 944/284/77 940/285/77 1192/299/77
f 1232/300/86 980/286/86 976/287/86 1228/301/86
f 185/159/65 181/302/65 116/303/65 118/160/65
f 1294/304/64 1016/288/64 1012/289/64 1298/305/64
f 257/231/74 253/306/74 126/307/74 127/232/74
f 329/235/83 325/308/83 135/309/83 136/236/83
f 401/239/92 397/310/92 144/311/92 145/240/92
f 473/243/99 469/312/99 122/313/99 123/244/99
f 545/247/79 541/314/79 131/315/79 132/248/79
f 617/251/88 613/316/88 140/317/88 141/252/88
f 650/318/88 580/319/88 584/320/88 646/321/88
f 647/322/88 583/323/88 587/324/88 643/325/88
f 644/326/88 586/327/88 590/328/88 640/329/88
f 641/330/88 589/331/88 593/332/88 637/333/88
f 638/334/88 592/335/88 596/336/88 634/337/88
f 635/338/88 595/339/88 599/340/88 631/341/88
f 632/342/88 598/343/88 602/344/88 628/345/88
f 629/346/88 601/347/88 605/348/88 625/349/88
f 626/350/88 604/351/88 608/352/88 622/353/88
f 623/354/88 607/355/88 611/356/88 619/357/88
f 620/279/88 610/358/88 614/359/88 616/280/88
f 613/316/87 1229/360/87 139/361/87 140/317/87
f 578/362/79 508/363/79 512/364/79 574/365/79
f 575/366/79 511/367/79 515/368/79 571/369/79
f 572/370/79 514/371/79 518/372/79 568/373/79
f 569/374/79 517/375/79 521/376/79 565/377/79
f 566/378/79 520/379/79 524/380/79 562/381/79
f 563/382/79 523/383/79 527/384/79 559/385/79
f 560/386/79 526/387/79 530/388/79 556/389/79
f 557/390/79 529/391/79 533/392/79 553/393/79
f 554/394/79 532/395/79 536/396/79 550/397/79
f 551/398/79 535/399/79 539/400/79 547/401/79
f 548/275/79 538/402/79 542/403/79 544/276/79
f 541/314/78 1193/404/78 130/405/78 131/315/78
f 506/406/99 436/407/99 440/408/99 502/409/99
f 503/410/99 439/411/99 443/412/99 499/413/99
f 500/414/99 442/415/99 446/416/99 496/417/99
f 497/418/99 445/419/99 449/420/99 493/421/99
f 494/422/99 448/423/99 452/424/99 490/425/99
f 491/426/99 451/427/99 455/428/99 487/429/99
f 488/430/99 454/431/99 458/432/99 484/433/99
f 485/434/99 457/435/99 461/436/99 481/437/99
f 482/438/99 460/439/99 464/440/99 478/441/99
f 479/442/99 463/443/99 467/444/99 475/445/99
f 476/271/99 466/446/99 470/447/99 472/272/99
f 469/312/69 1157/448/69 121/449/69 122/313/69
f 434/450/92 364/451/92 368/452/92 430/453/92
f 431/454/92 367/455/92 371/456/92 427/457/92
f 428/458/92 370/459/92 374/460/92 424/461/92
f 425/462/92 373/463/92 377/464/92 421/465/92
f 422/466/92 376/467/92 380/468/92 418/469/92
f 419/470/92 379/471/92 383/472/92 415/473/92
f 416/474/92 382/475/92 386/476/92 412/477/92
f 413/478/92 385/479/92 389/480/92 409/481/92
f 410/482/92 388/483/92 392/484/92 406/485/92
f 407/486/92 391/487/92 395/488/92 403/489/92
f 404/267/92 394/490/92 398/491/92 400/268/92
f 397/310/91 1121/492/91 143/493/91 144/311/91
f 362/494/83 292/495/83 296/496/83 358/497/83
f 359/498/83 295/499/83 299/500/83 355/501/83
f 356/502/83 298/503/83 302/504/83 352/505/83
f 353/506/83 301/507/83 305/508/83 349/509/83
f 350/510/83 304/511/83 308/512/83 346/513/83
f 347/514/83 307/515/83 311/516/83 343/517/83
f 344/518/83 310/519/83 314/520/83 340/521/83
f 341/522/83 313/523/83 317/524/83 337/525/83
f 338/526/83 316/527/83 320/528/83 334/529/83
f 335/530/83 319/531/83 323/532/83 331/533/83
f 332/263/83 322/534/83 326/535/83 328/264/83
f 325/308/82 1085/536/82 134/537/82 135/309/82
f 290/538/74 220/539/74 224/540/74 286/541/74
f 287/542/74 223/543/74 227/544/74 283/545/74
f 284/546/74 226/547/74 230/548/74 280/549/74
f 281/550/74 229/551/74 233/552/74 277/553/74
f 278/554/74 232/555/74 236/556/74 274/557/74
f 275/558/74 235/559/74 239/560/74 271/561/74
f 272/562/74 238/563/74 242/564/74 268/565/74
f 269/566/74 241/567/74 245/568/74 265/569/74
f 266/570/74 244/571/74 248/572/74 262/573/74
f 263/574/74 247/575/74 251/576/74 259/577/74
f 260/259/74 250/578/74 254/579/74 256/260/74
f 253/306/100 1049/580/100 125/581/100 126/307/100
f 85/582/65 1304/583/65 1307/584/65 86/585/65
f 1264/586/64 1046/587/64 1042/588/64 1268/589/64
f 1267/590/64 1043/591/64 1039/592/64 1271/593/64
f 1270/594/64 1040/595/64 1036/596/64 1274/597/64
f 1273/598/64 1037/599/64 1033/600/64 1277/601/64
f 1276/602/64 1034/603/64 1030/604/64 1280/605/64
f 1279/606/64 1031/607/64 1027/608/64 1283/609/64
f 1282/610/64 1028/611/64 1024/612/64 1286/613/64
f 1285/614/64 1025/615/64 1021/616/64 1289/617/64
f 1288/618/64 1022/619/64 1018/620/64 1292/621/64
f 1291/622/64 1019/623/64 1015/624/64 1295/625/64
f 218/626/65 148/627/65 152/628/65 214/629/65
f 215/630/65 151/631/65 155/632/65 211/633/65
f 212/634/65 154/635/65 158/636/65 208/637/65
f 209/638/65 157/639/65 161/640/65 205/641/65
f 206/642/65 160/643/65 164/644/65 202/645/65
f 203/646/65 163/647/65 167/648/65 199/649/65
f 200/650/65 166/651/65 170/652/65 196/653/65
f 197/654/65 169/655/65 173/656/65 193/657/65
f 194/658/65 172/659/65 176/660/65 190/661/65
f 191/662/65 175/663/65 179/664/65 187/665/65
f 188/255/65 178/666/65 182/667/65 184/256/65
f 181/302/101 1297/668/101 117/669/101 116/303/101
f 1297/670/64 1013/671/64 147/672/64 117/673/64
f 107/674/87 1370/675/87 1373/676/87 108/677/87
f 1262/678/86 1010/679/86 1006/680/86 1258/681/86
f 1259/682/86 1007/683/86 1003/684/86 1255/685/86
f 1256/686/86 1004/687/86 1000/688/86 1252/689/86
f 1253/690/86 1001/691/86 997/692/86 1249/693/86
f 1250/694/86 998/695/86 994/696/86 1246/697/86
f 1247/698/86 995/699/86 991/700/86 1243/701/86
f 1244/702/86 992/703/86 988/704/86 1240/705/86
f 1241/706/86 989/707/86 985/708/86 1237/709/86
f 1238/710/86 986/711/86 982/712/86 1234/713/86
f 1235/714/86 983/715/86 979/716/86 1231/717/86
f 1229/360/86 977/718/86 138/719/86 139/361/86
f 98/720/78 1343/721/78 1346/722/78 99/723/78
f 1226/724/77 974/725/77 970/726/77 1222/727/77
f 1223/728/77 971/729/77 967/730/77 1219/731/77
f 1220/732/77 968/733/77 964/734/77 1216/735/77
f 1217/736/77 965/737/77 961/738/77 1213/739/77
f 1214/740/77 962/741/77 958/742/77 1210/743/77
f 1211/744/77 959/745/77 955/746/77 1207/747/77
f 1208/748/77 956/749/77 952/750/77 1204/751/77
f 1205/752/77 953/753/77 949/754/77 1201/755/77
f 1202/756/77 950/757/77 946/758/77 1198/759/77
f 1199/760/77 947/761/77 943/762/77 1195/763/77
f 1193/404/77 941/764/77 129/765/77 130/405/77
f 89/766/69 1316/767/69 1319/768/69 90/769/69
f 1190/770/68 938/771/68 934/772/68 1186/773/68
f 1187/774/68 935/775/68 931/776/68 1183/777/68
f 1184/778/68 932/779/68 928/780/68 1180/781/68
f 1181/782/68 929/783/68 925/784/68 1177/785/68
f 1178/786/68 926/787/68 922/788/68 1174/789/68
f 1175/790/68 923/791/68 919/792/68 1171/793/68
f 1172/794/68 920/795/68 916/796/68 1168/797/68
f 1169/798/68 917/799/68 913/800/68 1165/801/68
f 1166/802/68 914/803/68 910/804/68 1162/805/68
f 1163/806/68 911/807/68 907/808/68 1159/809/68
f 1157/448/68 905/810/68 120/811/68 121/449/68
f 111/812/91 1382/813/91 1385/814/91 112/815/91
f 1154/816/90 902/817/90 898/818/90 1150/819/90
f 1151/820/90 899/821/90 895/822/90 1147/823/90
f 1148/824/90 896/825/90 892/826/90 1144/827/90
f 1145/828/90 893/829/90 889/830/90 1141/831/90
f 1142/832/90 890/833/90 886/834/90 1138/835/90
f 1139/836/90 887/837/90 883/838/90 1135/839/90
f 1136/840/90 884/841/90 880/842/90 1132/843/90
f 1133/844/90 881/845/90 877/846/90 1129/847/90
f 1130/848/90 878/849/90 874/850/90 1126/851/90
f 1127/852/90 875/853/90 871/854/90 1123/855/90
f 1121/492/90 869/250/90 142/253/90 143/493/90
f 102/856/82 1355/857/82 1358/858/82 103/859/82
f 1118/860/81 866/861/81 862/862/81 1114/863/81
f 1115/864/81 863/865/81 859/866/81 1111/867/81
f 1112/868/81 860/869/81 856/870/81 1108/871/81
f 1109/872/81 857/873/81 853/874/81 1105/875/81
f 1106/876/81 854/877/81 850/878/81 1102/879/81
f 1103/880/81 851/881/81 847/882/81 1099/883/81
f 1100/884/81 848/885/81 844/886/81 1096/887/81
f 1097/888/81 845/889/81 841/890/81 1093/891/81
f 1094/892/81 842/893/81 838/894/81 1090/895/81
f 1091/896/81 839/897/81 835/898/81 1087/899/81
f 1085/536/102 833/246/102 133/249/102 134/537/102
f 93/900/73 1328/901/73 1331/902/73 94/903/73
f 1082/904/98 830/905/98 826/906/98 1078/907/98
f 1079/908/98 827/909/98 823/910/98 1075/911/98
f 1076/912/98 824/913/98 820/914/98 1072/915/98
f 1073/916/98 821/917/98 817/918/98 1069/919/98
f 1070/920/98 818/921/98 814/922/98 1066/923/98
f 1067/924/98 815/925/98 811/926/98 1063/927/98
f 1064/928/98 812/929/98 808/930/98 1060/931/98
f 1061/932/98 809/933/98 805/934/98 1057/935/98
f 1058/936/98 806/937/98 802/938/98 1054/939/98
f 1055/940/98 803/941/98 799/942/98 1051/943/98
f 1049/580/98 797/242/98 124/245/98 125/581/98
f 1046/587/94 794/944/94 790/945/94 1042/588/94
f 1043/591/94 791/946/94 787/947/94 1039/592/94
f 1040/595/94 788/948/94 784/949/94 1036/596/94
f 1037/599/94 785/950/94 781/951/94 1033/600/94
f 1034/603/94 782/952/94 778/953/94 1030/604/94
f 1031/607/94 779/954/94 775/955/94 1027/608/94
f 1028/611/94 776/956/94 772/957/94 1024/612/94
f 1025/615/97 773/958/97 769/959/97 1021/616/97
f 1022/619/97 770/960/97 766/961/97 1018/620/97
f 1019/623/97 767/962/97 763/963/97 1015/624/97
f 1013/671/103 761/238/103 146/241/103 147/672/103
f 106/964/86 1367/965/86 1370/675/86 107/674/86
f 1010/679/85 758/966/85 754/967/85 1006/680/85
f 1007/683/85 755/968/85 751/969/85 1003/684/85
f 1004/687/85 752/970/85 748/971/85 1000/688/85
f 1001/691/85 749/972/85 745/973/85 997/692/85
f 998/695/85 746/974/85 742/975/85 994/696/85
f 995/699/85 743/976/85 739/977/85 991/700/85
f 992/703/85 740/978/85 736/979/85 988/704/85
f 989/707/85 737/980/85 733/981/85 985/708/85
f 986/711/85 734/982/85 730/983/85 982/712/85
f 983/715/85 731/984/85 727/985/85 979/716/85
f 977/718/85 725/234/85 137/237/85 138/719/85
f 97/986/77 1340/987/77 1343/721/77 98/720/77
f 974/725/76 722/988/76 718/989/76 970/726/76
f 971/729/76 719/990/76 715/991/76 967/730/76
f 968/733/76 716/992/76 712/993/76 964/734/76
f 965/737/76 713/994/76 709/995/76 961/738/76
f 962/741/76 710/996/76 706/997/76 958/742/76
f 959/745/76 707/998/76 703/999/76 955/746/76
f 956/749/76 704/1000/76 700/1001/76 952/750/76
f 953/753/76 701/1002/76 697/1003/76 949/754/76
f 950/757/76 698/1004/76 694/1005/76 946/758/76
f 947/761/76 695/1006/76 691/1007/76 943/762/76
f 941/764/76 689/230/76 128/233/76 129/765/76
f 88/1008/68 1313/1009/68 1316/767/68 89/766/68
f 938/771/67 686/1010/67 682/1011/67 934/772/67
f 935/775/67 683/1012/67 679/1013/67 931/776/67
f 932/779/67 680/1014/67 676/1015/67 928/780/67
f 929/783/67 677/1016/67 673/1017/67 925/784/67
f 926/787/67 674/1018/67 670/1019/67 922/788/67
f 923/791/67 671/1020/67 667/1021/67 919/792/67
f 920/795/67 668/1022/67 664/1023/67 916/796/67
f 917/799/67 665/1024/67 661/1025/67 913/800/67
f 914/803/67 662/1026/67 658/1027/67 910/804/67
f 911/807/67 659/1028/67 655/1029/67 907/808/67
f 905/810/67 653/158/67 119/161/67 120/811/67
f 110/1030/90 1379/1031/90 1382/813/90 111/812/90
f 902/817/89 650/318/89 646/1032/89 898/818/89
f 899/821/89 647/1033/89 643/325/89 895/822/89
f 896/825/89 644/326/89 640/329/89 892/826/89
f 893/829/89 641/330/89 637/333/89 889/830/89
f 890/833/89 638/334/89 634/337/89 886/834/89
f 887/837/89 635/338/89 631/341/89 883/838/89
f 884/841/89 632/342/89 628/345/89 880/842/89
f 881/845/89 629/346/89 625/349/89 877/846/89
f 878/849/89 626/350/89 622/353/89 874/850/89
f 875/853/89 623/354/89 619/357/89 871/854/89
f 109/1034/89 1376/1035/89 1379/1031/89 110/1030/89
f 101/1036/81 1352/1037/81 1355/857/81 102/856/81
f 866/861/80 578/362/80 574/365/80 862/1038/80
f 863/865/80 575/366/80 571/369/80 859/866/80
f 860/869/80 572/370/80 568/373/80 856/870/80
f 857/1039/80 569/374/80 565/377/80 853/874/80
f 854/877/80 566/378/80 562/381/80 850/878/80
f 851/881/80 563/382/80 559/385/80 847/882/80
f 848/885/80 560/386/80 556/389/80 844/886/80
f 845/889/80 557/390/80 553/393/80 841/890/80
f 842/893/80 554/394/80 550/397/80 838/894/80
f 839/897/80 551/398/80 547/401/80 835/898/80
f 100/1040/80 1349/1041/80 1352/1037/80 101/1036/80
f 92/1042/72 1325/1043/72 1328/901/72 93/900/72
f 830/905/96 506/406/96 502/409/96 826/906/96
f 827/909/96 503/410/96 499/413/96 823/910/96
f 824/913/96 500/414/96 496/1044/96 820/914/96
f 821/917/96 497/418/96 493/421/96 817/918/96
f 818/921/96 494/422/96 490/425/96 814/922/96
f 815/925/96 491/426/96 487/429/96 811/926/96
f 812/929/96 488/430/96 484/433/96 808/930/96
f 809/933/96 485/434/96 481/437/96 805/934/96
f 806/937/96 482/438/96 478/441/96 802/938/96
f 803/941/96 479/442/96 475/445/96 799/942/96
f 91/1045/71 1322/1046/71 1325/1043/71 92/1042/71
f 114/1047/94 1391/1048/94 1394/92/94 115/91/94
f 794/944/93 434/450/93 430/1049/93 790/945/93
f 791/946/93 431/454/93 427/457/93 787/947/93
f 788/948/93 428/458/93 424/461/93 784/949/93
f 785/950/93 425/462/93 421/465/93 781/951/93
f 782/952/93 422/466/93 418/469/93 778/953/93
f 779/954/93 419/470/93 415/1050/93 775/955/93
f 776/956/93 416/1051/93 412/477/93 772/957/93
f 773/958/93 413/478/93 409/1052/93 769/959/93
f 770/960/93 410/482/93 406/485/93 766/961/93
f 767/962/93 407/1053/93 403/489/93 763/963/93
f 113/1054/93 1388/1055/93 1391/1048/93 114/1047/93
f 105/1056/85 1364/1057/85 1367/965/85 106/964/85
f 758/966/84 362/494/84 358/497/84 754/967/84
f 755/968/84 359/498/84 355/501/84 751/969/84
f 752/970/84 356/502/84 352/505/84 748/971/84
f 749/972/84 353/506/84 349/509/84 745/973/84
f 746/974/84 350/510/84 346/513/84 742/975/84
f 743/976/84 347/514/84 343/517/84 739/977/84
f 740/978/84 344/518/84 340/521/84 736/979/84
f 737/980/84 341/522/84 337/525/84 733/981/84
f 734/982/84 338/526/84 334/529/84 730/983/84
f 731/984/84 335/530/84 331/533/84 727/985/84
f 104/1058/84 1361/1059/84 1364/1057/84 105/1056/84
f 96/1060/76 1337/1061/76 1340/987/76 97/986/76
f 722/988/104 290/538/104 286/541/104 718/989/104
f 719/990/104 287/542/104 283/545/104 715/991/104
f 716/992/104 284/546/104 280/549/104 712/993/104
f 713/994/104 281/550/104 277/553/104 709/995/104
f 710/996/104 278/554/104 274/557/104 706/997/104
f 707/998/104 275/558/104 271/561/104 703/999/104
f 704/1000/104 272/562/104 268/565/104 700/1001/104
f 701/1002/104 269/566/104 265/569/104 697/1003/104
f 698/1004/104 266/570/104 262/573/104 694/1005/104
f 695/1006/104 263/574/104 259/577/104 691/1007/104
f 95/1062/104 1334/1063/104 1337/1061/104 96/1060/104
f 87/1064/67 1310/1065/67 1313/1009/67 88/1008/67
f 686/1010/66 218/626/66 214/629/66 682/1011/66
f 683/1012/66 215/630/66 211/633/66 679/1013/66
f 680/1014/66 212/634/66 208/637/66 676/1015/66
f 677/1016/66 209/638/66 205/641/66 673/1017/66
f 674/1018/66 206/642/66 202/645/66 670/1019/66
f 671/1020/66 203/646/66 199/649/66 667/1021/66
f 668/1022/66 200/650/66 196/653/66 664/1023/66
f 665/1024/66 197/654/66 193/657/66 661/1025/66
f 662/1026/66 194/658/66 190/661/66 658/1027/66
f 659/1028/66 191/662/66 187/665/66 655/1029/66
f 108/677/88 1373/676/88 1376/1035/88 109/1034/88
f 580/319/87 1262/678/87 1258/681/87 584/320/87
f 583/323/87 1259/682/87 1255/685/87 587/324/87
f 586/327/87 1256/686/87 1252/689/87 590/328/87
f 589/331/87 1253/690/87 1249/693/87 593/332/87
f 592/335/87 1250/694/87 1246/697/87 596/336/87
f 595/339/87 1247/698/87 1243/701/87 599/340/87
f 598/343/87 1244/702/87 1240/705/87 602/344/87
f 601/347/87 1241/706/87 1237/709/87 605/348/87
f 604/351/87 1238/710/87 1234/713/87 608/352/87
f 607/355/87 1235/714/87 1231/717/87 611/356/87
f 610/358/87 1232/300/87 1228/301/87 614/359/87
f 99/723/79 1346/722/79 1349/1041/79 100/1040/79
f 508/363/78 1226/724/78 1222/727/78 512/364/78
f 511/367/78 1223/728/78 1219/731/78 515/368/78
f 514/371/78 1220/732/78 1216/735/78 518/372/78
f 517/375/78 1217/736/78 1213/739/78 521/376/78
f 520/379/78 1214/740/78 1210/743/78 524/380/78
f 523/383/78 1211/744/78 1207/747/78 527/384/78
f 526/387/78 1208/748/78 1204/751/78 530/388/78
f 529/391/78 1205/752/78 1201/755/78 533/392/78
f 532/395/78 1202/756/78 1198/759/78 536/396/78
f 535/399/78 1199/760/78 1195/763/78 539/400/78
f 538/402/78 1196/298/78 1192/299/78 542/403/78
f 90/769/70 1319/768/70 1322/1046/70 91/1045/70
f 436/407/69 1190/770/69 1186/773/69 440/408/69
f 439/411/69 1187/774/69 1183/777/69 443/412/69
f 442/415/69 1184/778/69 1180/781/69 446/416/69
f 445/419/69 1181/1066/69 1177/1067/69 449/420/69
f 448/423/69 1178/1068/69 1174/1069/69 452/424/69
f 451/427/69 1175/1070/69 1171/1071/69 455/428/69
f 454/431/69 1172/1072/69 1168/1073/69 458/432/69
f 457/435/69 1169/1074/69 1165/1075/69 461/436/69
f 460/439/69 1166/1076/69 1162/1077/69 464/440/69
f 463/443/69 1163/1078/69 1159/1079/69 467/444/69
f 466/446/69 1160/1080/69 1156/1081/69 470/447/69
f 112/815/92 1385/814/92 1388/1055/92 113/1054/92
f 364/451/91 1154/816/91 1150/819/91 368/452/91
f 367/455/91 1151/820/91 1147/823/91 371/456/91
f 370/459/91 1148/824/91 1144/827/91 374/460/91
f 373/463/91 1145/828/91 1141/831/91 377/464/91
f 376/467/91 1142/832/91 1138/835/91 380/468/91
f 379/471/91 1139/836/91 1135/839/91 383/472/91
f 382/475/91 1136/840/91 1132/843/91 386/476/91
f 385/479/91 1133/844/91 1129/847/91 389/480/91
f 388/483/91 1130/848/91 1126/851/91 392/484/91
f 391/487/91 1127/852/91 1123/855/91 395/488/91
f 394/490/91 1124/294/91 1120/295/91 398/491/91
f 103/859/83 1358/858/83 1361/1059/83 104/1058/83
f 292/495/82 1118/860/82 1114/863/82 296/496/82
f 295/499/82 1115/864/82 1111/867/82 299/500/82
f 298/503/82 1112/868/82 1108/871/82 302/504/82
f 301/507/82 1109/872/82 1105/875/82 305/508/82
f 304/511/82 1106/876/82 1102/879/82 308/512/82
f 307/515/82 1103/880/82 1099/883/82 311/516/82
f 310/519/82 1100/884/82 1096/887/82 314/520/82
f 313/523/82 1097/888/82 1093/891/82 317/524/82
f 316/527/82 1094/892/82 1090/895/82 320/528/82
f 319/531/82 1091/896/82 1087/899/82 323/532/82
f 322/534/82 1088/292/82 1084/293/82 326/535/82
f 94/903/74 1331/902/74 1334/1063/74 95/1062/74
f 220/539/100 1082/904/100 1078/907/100 224/540/100
f 223/543/100 1079/1082/100 1075/911/100 227/544/100
f 226/547/100 1076/912/100 1072/915/100 230/548/100
f 229/551/100 1073/916/100 1069/919/100 233/552/100
f 232/555/100 1070/920/100 1066/923/100 236/556/100
f 235/559/100 1067/924/100 1063/927/100 239/560/100
f 238/563/100 1064/928/100 1060/1083/100 242/564/100
f 241/567/100 1061/932/100 1057/935/100 245/568/100
f 244/571/100 1058/936/100 1054/939/100 248/572/100
f 247/575/100 1055/940/100 1051/943/100 251/576/100
f 250/578/100 1052/290/100 1048/291/100 254/579/100
f 84/1084/101 1300/1085/101 1304/583/101 85/582/101
f 148/627/101 1264/1086/101 1268/1087/101 152/628/101
f 151/631/101 1267/1088/101 1271/1089/101 155/632/101
f 154/635/101 1270/1090/101 1274/1091/101 158/636/101
f 157/639/101 1273/1092/101 1277/1093/101 161/640/101
f 160/643/101 1276/1094/101 1280/1095/101 164/644/101
f 163/647/101 1279/1096/101 1283/1097/101 167/648/101
f 166/651/101 1282/1098/101 1286/1099/101 170/652/101
f 169/655/101 1285/1100/101 1289/1101/101 173/656/101
f 172/659/101 1288/1102/101 1292/1103/101 176/660/101
f 175/663/101 1291/1104/101 1295/1105/101 179/664/101
f 178/666/101 1294/1106/101 1298/1107/101 182/667/101
f 1262/678/105 580/319/105 582/1108/105 1263/1109/105
f 1263/1109/106 582/1108/106 581/144/106 1261/142/106
f 1259/682/107 583/323/107 585/1110/107 1260/1111/107
f 1260/1111/108 585/1110/108 584/320/108 1258/681/108
f 1256/686/109 586/327/109 588/1112/109 1257/1113/109
f 1257/1113/110 588/1112/110 587/324/110 1255/685/110
f 1253/690/111 589/331/111 591/1114/111 1254/1115/111
f 1254/1115/112 591/1114/112 590/328/112 1252/689/112
f 1250/694/113 592/335/113 594/1116/113 1251/1117/113
f 1251/1117/114 594/1116/114 593/332/114 1249/693/114
f 1247/698/115 595/339/115 597/1118/115 1248/1119/115
f 1248/1119/116 597/1118/116 596/336/116 1246/697/116
f 1244/702/117 598/343/117 600/1120/117 1245/1121/117
f 1245/1121/118 600/1120/118 599/340/118 1243/701/118
f 1241/706/119 601/347/119 603/1122/119 1242/1123/119
f 1242/1123/120 603/1122/120 602/344/120 1240/705/120
f 1238/710/121 604/351/121 606/1124/121 1239/1125/121
f 1239/1125/122 606/1124/122 605/348/122 1237/709/122
f 1235/714/123 607/355/123 609/1126/123 1236/1127/123
f 1236/1127/124 609/1126/124 608/352/124 1234/713/124
f 1232/300/125 610/358/125 612/1128/125 1233/1129/125
f 1233/1129/126 612/1128/126 611/356/126 1231/717/126
f 1229/360/127 613/316/127 615/1130/127 1230/1131/127
f 1230/1131/128 615/1130/128 614/359/128 1228/301/128
f 1226/724/129 508/363/129 510/1132/129 1227/1133/129
f 1227/1133/130 510/1132/130 509/125/130 1225/123/130
f 1223/728/131 511/367/131 513/1134/131 1224/1135/131
f 1224/1135/132 513/1134/132 512/364/132 1222/727/132
f 1220/732/133 514/371/133 516/1136/133 1221/1137/133
f 1221/1137/134 516/1136/134 515/368/134 1219/731/134
f 1217/736/135 517/375/135 519/1138/135 1218/1139/135
f 1218/1139/136 519/1138/136 518/372/136 1216/735/136
f 1214/740/137 520/379/137 522/1140/137 1215/1141/137
f 1215/1141/138 522/1140/138 521/376/138 1213/739/138
f 1211/744/139 523/383/139 525/1142/139 1212/1143/139
f 1212/1143/140 525/1142/140 524/380/140 1210/743/140
f 1208/748/141 526/387/141 528/1144/141 1209/1145/141
f 1209/1145/142 528/1144/142 527/384/142 1207/747/142
f 1205/752/143 529/391/143 531/1146/143 1206/1147/143
f 1206/1147/144 531/1146/144 530/388/144 1204/751/144
f 1202/756/145 532/395/145 534/1148/145 1203/1149/145
f 1203/1149/146 534/1148/146 533/392/146 1201/755/146
f 1199/760/147 535/399/147 537/1150/147 1200/1151/147
f 1200/1151/148 537/1150/148 536/396/148 1198/759/148
f 1196/298/149 538/402/149 540/1152/149 1197/1153/149
f 1197/1153/150 540/1152/150 539/400/150 1195/763/150
f 1193/404/151 541/314/151 543/1154/151 1194/1155/151
f 1194/1155/152 543/1154/152 542/403/152 1192/299/152
f 1190/770/153 436/407/153 438/1156/153 1191/1157/153
f 1191/1157/154 438/1156/154 437/107/154 1189/104/154
f 1187/774/155 439/411/155 441/1158/155 1188/1159/155
f 1188/1159/156 441/1158/156 440/408/156 1186/773/156
f 1184/778/157 442/415/157 444/1160/157 1185/1161/157
f 1185/1161/158 444/1160/158 443/412/158 1183/777/158
f 1181/1066/159 445/419/159 447/1162/159 1182/1163/159
f 1182/1163/160 447/1162/160 446/416/160 1180/781/160
f 1178/1068/161 448/423/161 450/1164/161 1179/1165/161
f 1179/1165/162 450/1164/162 449/420/162 1177/1067/162
f 1175/1070/163 451/427/163 453/1166/163 1176/1167/163
f 1176/1167/164 453/1166/164 452/424/164 1174/1069/164
f 1172/1072/165 454/431/165 456/1168/165 1173/1169/165
f 1173/1169/166 456/1168/166 455/428/166 1171/1071/166
f 1169/1074/167 457/435/167 459/1170/167 1170/1171/167
f 1170/1171/168 459/1170/168 458/432/168 1168/1073/168
f 1166/1076/169 460/439/169 462/1172/169 1167/1173/169
f 1167/1173/170 462/1172/170 461/436/170 1165/1075/170
f 1163/1078/171 463/443/171 465/1174/171 1164/1175/171
f 1164/1175/172 465/1174/172 464/440/172 1162/1077/172
f 1160/1080/173 466/446/173 468/1176/173 1161/1177/173
f 1161/1177/174 468/1176/174 467/444/174 1159/1079/174
f 1157/448/175 469/312/175 471/1178/175 1158/1179/175
f 1158/1179/176 471/1178/176 470/447/176 1156/1081/176
f 1154/816/177 364/451/177 366/1180/177 1155/1181/177
f 1155/1181/178 366/1180/178 365/153/178 1153/150/178
f 1151/820/179 367/455/179 369/1182/179 1152/1183/179
f 1152/1183/180 369/1182/180 368/452/180 1150/819/180
f 1148/824/181 370/459/181 372/1184/181 1149/1185/181
f 1149/1185/182 372/1184/182 371/456/182 1147/823/182
f 1145/828/183 373/463/183 375/1186/183 1146/1187/183
f 1146/1187/184 375/1186/184 374/460/184 1144/827/184
f 1142/832/185 376/467/185 378/1188/185 1143/1189/185
f 1143/1189/186 378/1188/186 377/464/186 1141/831/186
f 1139/836/187 379/471/187 381/1190/187 1140/1191/187
f 1140/1191/188 381/1190/188 380/468/188 1138/835/188
f 1136/840/189 382/475/189 384/1192/189 1137/1193/189
f 1137/1193/190 384/1192/190 383/472/190 1135/839/190
f 1133/844/191 385/479/191 387/1194/191 1134/1195/191
f 1134/1195/192 387/1194/192 386/476/192 1132/843/192
f 1130/848/193 388/483/193 390/1196/193 1131/1197/193
f 1131/1197/194 390/1196/194 389/480/194 1129/847/194
f 1127/852/195 391/487/195 393/1198/195 1128/1199/195
f 1128/1199/196 393/1198/196 392/484/196 1126/851/196
f 1124/294/197 394/490/197 396/1200/197 1125/1201/197
f 1125/1201/198 396/1200/198 395/488/198 1123/855/198
f 1121/492/199 397/310/199 399/1202/199 1122/1203/199
f 1122/1203/200 399/1202/200 398/491/200 1120/295/200
f 1118/860/201 292/495/201 294/1204/201 1119/1205/201
f 1119/1205/202 294/1204/202 293/134/202 1117/132/202
f 1115/864/203 295/499/203 297/1206/203 1116/1207/203
f 1116/1207/204 297/1206/204 296/496/204 1114/863/204
f 1112/868/205 298/503/205 300/1208/205 1113/1209/205
f 1113/1209/206 300/1208/206 299/500/206 1111/867/206
f 1109/872/207 301/507/207 303/1210/207 1110/1211/207
f 1110/1211/208 303/1210/208 302/504/208 1108/871/208
f 1106/876/209 304/511/209 306/1212/209 1107/1213/209
f 1107/1213/210 306/1212/210 305/508/210 1105/875/210
f 1103/880/211 307/515/211 309/1214/211 1104/1215/211
f 1104/1215/212 309/1214/212 308/512/212 1102/879/212
f 1100/884/213 310/519/213 312/1216/213 1101/1217/213
f 1101/1217/214 312/1216/214 311/516/214 1099/883/214
f 1097/888/215 313/523/215 315/1218/215 1098/1219/215
f 1098/1219/216 315/1218/216 314/520/216 1096/887/216
f 1094/892/217 316/527/217 318/1220/217 1095/1221/217
f 1095/1221/218 318/1220/218 317/524/218 1093/891/218
f 1091/896/219 319/531/219 321/1222/219 1092/1223/219
f 1092/1223/220 321/1222/220 320/528/220 1090/895/220
f 1088/292/221 322/534/221 324/1224/221 1089/1225/221
f 1089/1225/222 324/1224/222 323/532/222 1087/899/222
f 1085/536/223 325/308/223 327/1226/223 1086/1227/223
f 1086/1227/224 327/1226/224 326/535/224 1084/293/224
f 1082/904/225 220/539/225 222/1228/225 1083/1229/225
f 1083/1229/226 222/1228/226 221/115/226 1081/113/226
f 1079/1082/227 223/543/227 225/1230/227 1080/1231/227
f 1080/1231/228 225/1230/228 224/540/228 1078/907/228
f 1076/912/229 226/547/229 228/1232/229 1077/1233/229
f 1077/1233/230 228/1232/230 227/544/230 1075/911/230
f 1073/916/231 229/551/231 231/1234/231 1074/1235/231
f 1074/1235/232 231/1234/232 230/548/232 1072/915/232
f 1070/920/233 232/555/233 234/1236/233 1071/1237/233
f 1071/1237/234 234/1236/234 233/552/234 1069/919/234
f 1067/924/235 235/559/235 237/1238/235 1068/1239/235
f 1068/1239/236 237/1238/236 236/556/236 1066/923/236
f 1064/928/237 238/563/237 240/1240/237 1065/1241/237
f 1065/1241/238 240/1240/238 239/560/238 1063/927/238
f 1061/932/239 241/567/239 243/1242/239 1062/1243/239
f 1062/1243/240 243/1242/240 242/564/240 1060/1083/240
f 1058/936/241 244/571/241 246/1244/241 1059/1245/241
f 1059/1245/242 246/1244/242 245/568/242 1057/935/242
f 1055/940/243 247/575/243 249/1246/243 1056/1247/243
f 1056/1247/244 249/1246/244 248/572/244 1054/939/244
f 1052/290/245 250/578/245 252/1248/245 1053/1249/245
f 1053/1249/246 252/1248/246 251/576/246 1051/943/246
f 1049/580/247 253/306/247 255/1250/247 1050/1251/247
f 1050/1251/248 255/1250/248 254/579/248 1048/291/248
f 1046/587/249 1264/586/249 1266/1252/249 1047/1253/249
f 1047/1253/250 1266/1252/250 1265/165/250 1045/163/250
f 1043/591/251 1267/590/251 1269/1254/251 1044/1255/251
f 1044/1255/252 1269/1254/252 1268/589/252 1042/588/252
f 1040/595/253 1270/594/253 1272/1256/253 1041/1257/253
f 1041/1257/254 1272/1256/254 1271/593/254 1039/592/254
f 1037/599/255 1273/598/255 1275/1258/255 1038/1259/255
f 1038/1259/256 1275/1258/256 1274/597/256 1036/596/256
f 1034/603/257 1276/602/257 1278/1260/257 1035/1261/257
f 1035/1261/258 1278/1260/258 1277/601/258 1033/600/258
f 1031/607/259 1279/606/259 1281/1262/259 1032/1263/259
f 1032/1263/260 1281/1262/260 1280/605/260 1030/604/260
f 1028/611/261 1282/610/261 1284/1264/261 1029/1265/261
f 1029/1265/262 1284/1264/262 1283/609/262 1027/608/262
f 1025/615/263 1285/614/263 1287/1266/263 1026/1267/263
f 1026/1267/264 1287/1266/264 1286/613/264 1024/612/264
f 1022/619/265 1288/618/265 1290/1268/265 1023/1269/265
f 1023/1269/266 1290/1268/266 1289/617/266 1021/616/266
f 1019/623/267 1291/622/267 1293/1270/267 1020/1271/267
f 1020/1271/268 1293/1270/268 1292/621/268 1018/620/268
f 1016/288/269 1294/304/269 1296/1272/269 1017/1273/269
f 1017/1273/270 1296/1272/270 1295/625/270 1015/624/270
f 1013/671/271 1297/670/271 1299/1274/271 1014/1275/271
f 1014/1275/272 1299/1274/272 1298/305/272 1012/289/272
f 1264/1086/273 148/627/273 150/1276/273 1266/1277/273
f 1266/1277/274 150/1276/274 149/97/274 1265/1278/274
f 1267/1088/275 151/631/275 153/1279/275 1269/1280/275
f 1269/1280/276 153/1279/276 152/628/276 1268/1087/276
f 1270/1090/277 154/635/277 156/1281/277 1272/1282/277
f 1272/1282/278 156/1281/278 155/632/278 1271/1089/278
f 1273/1092/279 157/639/279 159/1283/279 1275/1284/279
f 1275/1284/280 159/1283/280 158/636/280 1274/1091/280
f 1276/1094/281 160/643/281 162/1285/281 1278/1286/281
f 1278/1286/282 162/1285/282 161/640/282 1277/1093/282
f 1279/1096/283 163/647/283 165/1287/283 1281/1288/283
f 1281/1288/284 165/1287/284 164/644/284 1280/1095/284
f 1282/1098/285 166/651/285 168/1289/285 1284/1290/285
f 1284/1290/286 168/1289/286 167/648/286 1283/1097/286
f 1285/1100/287 169/655/287 171/1291/287 1287/1292/287
f 1287/1292/288 171/1291/288 170/652/288 1286/1099/288
f 1288/1102/289 172/659/289 174/1293/289 1290/1294/289
f 1290/1294/290 174/1293/290 173/656/290 1289/1101/290
f 1291/1104/291 175/663/291 177/1295/291 1293/1296/291
f 1293/1296/292 177/1295/292 176/660/292 1292/1103/292
f 1294/1106/293 178/666/293 180/1297/293 1296/1298/293
f 1296/1298/294 180/1297/294 179/664/294 1295/1105/294
f 1297/668/295 181/302/295 183/1299/295 1299/1300/295
f 1299/1300/296 183/1299/296 182/667/296 1298/1107/296
f 1010/679/297 1262/678/297 1263/1109/297 1011/1301/297
f 1011/1301/298 1263/1109/298 1261/142/298 1009/140/298
f 1007/683/299 1259/682/299 1260/1111/299 1008/1302/299
f 1008/1302/300 1260/1111/300 1258/681/300 1006/680/300
f 1004/687/301 1256/686/301 1257/1113/301 1005/1303/301
f 1005/1303/302 1257/1113/302 1255/685/302 1003/684/302
f 1001/691/303 1253/690/303 1254/1115/303 1002/1304/303
f 1002/1304/304 1254/1115/304 1252/689/304 1000/688/304
f 998/695/305 1250/694/305 1251/1117/305 999/1305/305
f 999/1305/306 1251/1117/306 1249/693/306 997/692/306
f 995/699/307 1247/698/307 1248/1119/307 996/1306/307
f 996/1306/308 1248/1119/308 1246/697/308 994/696/308
f 992/703/309 1244/702/309 1245/1121/309 993/1307/309
f 993/1307/310 1245/1121/310 1243/701/310 991/700/310
f 989/707/311 1241/706/311 1242/1123/311 990/1308/311
f 990/1308/312 1242/1123/312 1240/705/312 988/704/312
f 986/711/313 1238/710/313 1239/1125/313 987/1309/313
f 987/1309/314 1239/1125/314 1237/709/314 985/708/314
f 983/715/315 1235/714/315 1236/1127/315 984/1310/315
f 984/1310/316 1236/1127/316 1234/713/316 982/712/316
f 980/286/317 1232/300/317 1233/1129/317 981/1311/317
f 981/1311/318 1233/1129/318 1231/717/318 979/716/318
f 977/718/319 1229/360/319 1230/1131/319 978/1312/319
f 978/1312/320 1230/1131/320 1228/301/320 976/287/320
f 974/725/321 1226/724/321 1227/1133/321 975/1313/321
f 975/1313/322 1227/1133/322 1225/123/322 973/121/322
f 971/729/323 1223/728/323 1224/1135/323 972/1314/323
f 972/1314/324 1224/1135/324 1222/727/324 970/726/324
f 968/733/325 1220/732/325 1221/1137/325 969/1315/325
f 969/1315/326 1221/1137/326 1219/731/326 967/730/326
f 965/737/327 1217/736/327 1218/1139/327 966/1316/327
f 966/1316/328 1218/1139/328 1216/735/328 964/734/328
f 962/741/329 1214/740/329 1215/1141/329 963/1317/329
f 963/1317/330 1215/1141/330 1213/739/330 961/738/330
f 959/745/331 1211/744/331 1212/1143/331 960/1318/331
f 960/1318/332 1212/1143/332 1210/743/332 958/742/332
f 956/749/333 1208/748/333 1209/1145/333 957/1319/333
f 957/1319/334 1209/1145/334 1207/747/334 955/746/334
f 953/753/335 1205/752/335 1206/1147/335 954/1320/335
f 954/1320/336 1206/1147/336 1204/751/336 952/750/336
f 950/757/337 1202/756/337 1203/1149/337 951/1321/337
f 951/1321/338 1203/1149/338 1201/755/338 949/754/338
f 947/761/339 1199/760/339 1200/1151/339 948/1322/339
f 948/1322/340 1200/1151/340 1198/759/340 946/758/340
f 944/284/341 1196/298/341 1197/1153/341 945/1323/341
f 945/1323/342 1197/1153/342 1195/763/342 943/762/342
f 941/764/343 1193/404/343 1194/1155/343 942/1324/343
f 942/1324/344 1194/1155/344 1192/299/344 940/285/344
f 938/771/345 1190/770/345 1191/1157/345 939/1325/345
f 939/1325/346 1191/1157/346 1189/104/346 937/102/346
f 935/775/347 1187/774/347 1188/1159/347 936/1326/347
f 936/1326/348 1188/1159/348 1186/773/348 934/772/348
f 932/779/349 1184/778/349 1185/1161/349 933/1327/349
f 933/1327/350 1185/1161/350 1183/777/350 931/776/350
f 929/783/351 1181/782/351 1182/1163/351 930/1328/351
f 930/1328/352 1182/1163/352 1180/781/352 928/780/352
f 926/787/353 1178/786/353 1179/1165/353 927/1329/353
f 927/1329/354 1179/1165/354 1177/785/354 925/784/354
f 923/791/355 1175/790/355 1176/1167/355 924/1330/355
f 924/1330/356 1176/1167/356 1174/789/356 922/788/356
f 920/795/357 1172/794/357 1173/1169/357 921/1331/357
f 921/1331/358 1173/1169/358 1171/793/358 919/792/358
f 917/799/359 1169/798/359 1170/1171/359 918/1332/359
f 918/1332/360 1170/1171/360 1168/797/360 916/796/360
f 914/803/361 1166/802/361 1167/1173/361 915/1333/361
f 915/1333/362 1167/1173/362 1165/801/362 913/800/362
f 911/807/363 1163/806/363 1164/1175/363 912/1334/363
f 912/1334/364 1164/1175/364 1162/805/364 910/804/364
f 908/282/365 1160/296/365 1161/1177/365 909/1335/365
f 909/1335/366 1161/1177/366 1159/809/366 907/808/366
f 905/810/367 1157/448/367 1158/1179/367 906/1336/367
f 906/1336/368 1158/1179/368 1156/297/368 904/283/368
f 902/817/369 1154/816/369 1155/1181/369 903/1337/369
f 903/1337/370 1155/1181/370 1153/150/370 901/148/370
f 899/821/371 1151/820/371 1152/1183/371 900/1338/371
f 900/1338/372 1152/1183/372 1150/819/372 898/818/372
f 896/825/373 1148/824/373 1149/1185/373 897/1339/373
f 897/1339/374 1149/1185/374 1147/823/374 895/822/374
f 893/829/375 1145/828/375 1146/1187/375 894/1340/375
f 894/1340/376 1146/1187/376 1144/827/376 892/826/376
f 890/833/377 1142/832/377 1143/1189/377 891/1341/377
f 891/1341/378 1143/1189/378 1141/831/378 889/830/378
f 887/837/379 1139/836/379 1140/1191/379 888/1342/379
f 888/1342/380 1140/1191/380 1138/835/380 886/834/380
f 884/841/381 1136/840/381 1137/1193/381 885/1343/381
f 885/1343/382 1137/1193/382 1135/839/382 883/838/382
f 881/845/383 1133/844/383 1134/1195/383 882/1344/383
f 882/1344/384 1134/1195/384 1132/843/384 880/842/384
f 878/849/385 1130/848/385 1131/1197/385 879/1345/385
f 879/1345/386 1131/1197/386 1129/847/386 877/846/386
f 875/853/387 1127/852/387 1128/1199/387 876/1346/387
f 876/1346/388 1128/1199/388 1126/851/388 874/850/388
f 872/278/389 1124/294/389 1125/1201/389 873/1347/389
f 873/1347/390 1125/1201/390 1123/855/390 871/854/390
f 869/250/391 1121/492/391 1122/1203/391 870/1348/391
f 870/1348/392 1122/1203/392 1120/295/392 868/281/392
f 866/861/393 1118/860/393 1119/1205/393 867/1349/393
f 867/1349/394 1119/1205/394 1117/132/394 865/129/394
f 863/865/395 1115/864/395 1116/1207/395 864/1350/395
f 864/1350/396 1116/1207/396 1114/863/396 862/862/396
f 860/869/397 1112/868/397 1113/1209/397 861/1351/397
f 861/1351/398 1113/1209/398 1111/867/398 859/866/398
f 857/873/399 1109/872/399 1110/1211/399 858/1352/399
f 858/1352/400 1110/1211/400 1108/871/400 856/870/400
f 854/877/401 1106/876/401 1107/1213/401 855/1353/401
f 855/1353/402 1107/1213/402 1105/875/402 853/874/402
f 851/881/403 1103/880/403 1104/1215/403 852/1354/403
f 852/1354/404 1104/1215/404 1102/879/404 850/878/404
f 848/885/405 1100/884/405 1101/1217/405 849/1355/405
f 849/1355/406 1101/1217/406 1099/883/406 847/882/406
f 845/889/407 1097/888/407 1098/1219/407 846/1356/407
f 846/1356/408 1098/1219/408 1096/887/408 844/886/408
f 842/893/409 1094/892/409 1095/1221/409 843/1357/409
f 843/1357/410 1095/1221/410 1093/891/410 841/890/410
f 839/897/411 1091/896/411 1092/1223/411 840/1358/411
f 840/1358/412 1092/1223/412 1090/895/412 838/894/412
f 836/274/413 1088/292/413 1089/1225/413 837/1359/413
f 837/1359/414 1089/1225/414 1087/899/414 835/898/414
f 833/246/415 1085/536/415 1086/1227/415 834/1360/415
f 834/1360/416 1086/1227/416 1084/293/416 832/277/416
f 830/905/417 1082/904/417 1083/1229/417 831/1361/417
f 831/1361/418 1083/1229/418 1081/113/418 829/111/418
f 827/909/419 1079/908/419 1080/1231/419 828/1362/419
f 828/1362/420 1080/1231/420 1078/907/420 826/906/420
f 824/913/421 1076/912/421 1077/1233/421 825/1363/421
f 825/1363/422 1077/1233/422 1075/911/422 823/910/422
f 821/917/423 1073/916/423 1074/1235/423 822/1364/423
f 822/1364/424 1074/1235/424 1072/915/424 820/914/424
f 818/921/425 1070/920/425 1071/1237/425 819/1365/425
f 819/1365/426 1071/1237/426 1069/919/426 817/918/426
f 815/925/427 1067/924/427 1068/1239/427 816/1366/427
f 816/1366/428 1068/1239/428 1066/923/428 814/922/428
f 812/929/429 1064/928/429 1065/1241/429 813/1367/429
f 813/1367/430 1065/1241/430 1063/927/430 811/926/430
f 809/933/431 1061/932/431 1062/1243/431 810/1368/431
f 810/1368/432 1062/1243/432 1060/931/432 808/930/432
f 806/937/433 1058/936/433 1059/1245/433 807/1369/433
f 807/1369/434 1059/1245/434 1057/935/434 805/934/434
f 803/941/435 1055/940/435 1056/1247/435 804/1370/435
f 804/1370/436 1056/1247/436 1054/939/436 802/938/436
f 800/270/437 1052/290/437 1053/1249/437 801/1371/437
f 801/1371/438 1053/1249/438 1051/943/438 799/942/438
f 797/242/439 1049/580/439 1050/1251/439 798/1372/439
f 798/1372/440 1050/1251/440 1048/291/440 796/273/440
f 794/944/441 1046/587/441 1047/1253/441 795/1373/441
f 795/1373/442 1047/1253/442 1045/163/442 793/157/442
f 791/946/443 1043/591/443 1044/1255/443 792/1374/443
f 792/1374/444 1044/1255/444 1042/588/444 790/945/444
f 788/948/445 1040/595/445 1041/1257/445 789/1375/445
f 789/1375/446 1041/1257/446 1039/592/446 787/947/446
f 785/950/447 1037/599/447 1038/1259/447 786/1376/447
f 786/1376/448 1038/1259/448 1036/596/448 784/949/448
f 782/952/449 1034/603/449 1035/1261/449 783/1377/449
f 783/1377/450 1035/1261/450 1033/600/450 781/951/450
f 779/954/451 1031/607/451 1032/1263/451 780/1378/451
f 780/1378/452 1032/1263/452 1030/604/452 778/953/452
f 776/956/453 1028/611/453 1029/1265/453 777/1379/453
f 777/1379/454 1029/1265/454 1027/608/454 775/955/454
f 773/958/455 1025/615/455 1026/1267/455 774/1380/455
f 774/1380/456 1026/1267/456 1024/612/456 772/957/456
f 770/960/457 1022/619/457 1023/1269/457 771/1381/457
f 771/1381/458 1023/1269/458 1021/616/458 769/959/458
f 767/962/459 1019/623/459 1020/1271/459 768/1382/459
f 768/1382/460 1020/1271/460 1018/620/460 766/961/460
f 764/266/461 1016/288/461 1017/1273/461 765/1383/461
f 765/1383/462 1017/1273/462 1015/624/462 763/963/462
f 761/238/463 1013/671/463 1014/1275/463 762/1384/463
f 762/1384/464 1014/1275/464 1012/289/464 760/269/464
f 758/966/465 1010/679/465 1011/1301/465 759/1385/465
f 759/1385/466 1011/1301/466 1009/140/466 757/138/466
f 755/968/467 1007/683/467 1008/1302/467 756/1386/467
f 756/1386/468 1008/1302/468 1006/680/468 754/967/468
f 752/970/469 1004/687/469 1005/1303/469 753/1387/469
f 753/1387/470 1005/1303/470 1003/684/470 751/969/470
f 749/972/471 1001/691/471 1002/1304/471 750/1388/471
f 750/1388/472 1002/1304/472 1000/688/472 748/971/472
f 746/974/473 998/695/473 999/1305/473 747/1389/473
f 747/1389/474 999/1305/474 997/692/474 745/973/474
f 743/976/475 995/699/475 996/1306/475 744/1390/475
f 744/1390/476 996/1306/476 994/696/476 742/975/476
f 740/978/477 992/703/477 993/1307/477 741/1391/477
f 741/1391/478 993/1307/478 991/700/478 739/977/478
f 737/980/479 989/707/479 990/1308/479 738/1392/479
f 738/1392/480 990/1308/480 988/704/480 736/979/480
f 734/982/481 986/711/481 987/1309/481 735/1393/481
f 735/1393/482 987/1309/482 985/708/482 733/981/482
f 731/984/483 983/715/483 984/1310/483 732/1394/483
f 732/1394/484 984/1310/484 982/712/484 730/983/484
f 728/262/485 980/286/485 981/1311/485 729/1395/485
f 729/1395/486 981/1311/486 979/716/486 727/985/486
f 725/234/487 977/718/487 978/1312/487 726/1396/487
f 726/1396/488 978/1312/488 976/287/488 724/265/488
f 722/988/489 974/725/489 975/1313/489 723/1397/489
f 723/1397/490 975/1313/490 973/121/490 721/119/490
f 719/990/491 971/729/491 972/1314/491 720/1398/491
f 720/1398/492 972/1314/492 970/726/492 718/989/492
f 716/992/493 968/733/493 969/1315/493 717/1399/493
f 717/1399/494 969/1315/494 967/730/494 715/991/494
f 713/994/495 965/737/495 966/1316/495 714/1400/495
f 714/1400/496 966/1316/496 964/734/496 712/993/496
f 710/996/497 962/741/497 963/1317/497 711/1401/497
f 711/1401/498 963/1317/498 961/738/498 709/995/498
f 707/998/499 959/745/499 960/1318/499 708/1402/499
f 708/1402/500 960/1318/500 958/742/500 706/997/500
f 704/1000/501 956/749/501 957/1319/501 705/1403/501
f 705/1403/502 957/1319/502 955/746/502 703/999/502
f 701/1002/503 953/753/503 954/1320/503 702/1404/503
f 702/1404/504 954/1320/504 952/750/504 700/1001/504
f 698/1004/505 950/757/505 951/1321/505 699/1405/505
f 699/1405/506 951/1321/506 949/754/506 697/1003/506
f 695/1006/507 947/761/507 948/1322/507 696/1406/507
f 696/1406/508 948/1322/508 946/758/508 694/1005/508
f 692/258/509 944/284/509 945/1323/509 693/1407/509
f 693/1407/510 945/1323/510 943/762/510 691/1007/510
f 689/230/511 941/764/511 942/1324/511 690/1408/511
f 690/1408/512 942/1324/512 940/285/512 688/261/512
f 686/1010/513 938/771/513 939/1325/513 687/1409/513
f 687/1409/514 939/1325/514 937/102/514 685/100/514
f 683/1012/515 935/775/515 936/1326/515 684/1410/515
f 684/1410/516 936/1326/516 934/772/516 682/1011/516
f 680/1014/517 932/779/517 933/1327/517 681/1411/517
f 681/1411/518 933/1327/518 931/776/518 679/1013/518
f 677/1016/519 929/783/519 930/1328/519 678/1412/519
f 678/1412/520 930/1328/520 928/780/520 676/1015/520
f 674/1018/521 926/787/521 927/1329/521 675/1413/521
f 675/1413/522 927/1329/522 925/784/522 673/1017/522
f 671/1020/523 923/791/523 924/1330/523 672/1414/523
f 672/1414/524 924/1330/524 922/788/524 670/1019/524
f 668/1022/525 920/795/525 921/1331/525 669/1415/525
f 669/1415/526 921/1331/526 919/792/526 667/1021/526
f 665/1024/527 917/799/527 918/1332/527 666/1416/527
f 666/1416/528 918/1332/528 916/796/528 664/1023/528
f 662/1026/529 914/803/529 915/1333/529 663/1417/529
f 663/1417/530 915/1333/530 913/800/530 661/1025/530
f 659/1028/531 911/807/531 912/1334/531 660/1418/531
f 660/1418/532 912/1334/532 910/804/532 658/1027/532
f 656/254/533 908/282/533 909/1335/533 657/1419/533
f 657/1419/534 909/1335/534 907/808/534 655/1029/534
f 653/158/535 905/810/535 906/1336/535 654/1420/535
f 654/1420/536 906/1336/536 904/283/536 652/257/536
f 650/318/537 902/817/537 903/1337/537 651/1421/537
f 651/1421/538 903/1337/538 901/148/538 649/146/538
f 647/1033/539 899/821/539 900/1338/539 648/1422/539
f 648/1422/540 900/1338/540 898/818/540 646/1032/540
f 644/326/541 896/825/541 897/1339/541 645/1423/541
f 645/1423/542 897/1339/542 895/822/542 643/325/542
f 641/330/543 893/829/543 894/1340/543 642/1424/543
f 642/1424/544 894/1340/544 892/826/544 640/329/544
f 638/334/545 890/833/545 891/1341/545 639/1425/545
f 639/1425/546 891/1341/546 889/830/546 637/333/546
f 635/338/547 887/837/547 888/1342/547 636/1426/547
f 636/1426/548 888/1342/548 886/834/548 634/337/548
f 632/342/549 884/841/549 885/1343/549 633/1427/549
f 633/1427/550 885/1343/550 883/838/550 631/341/550
f 629/346/551 881/845/551 882/1344/551 630/1428/551
f 630/1428/552 882/1344/552 880/842/552 628/345/552
f 626/350/553 878/849/553 879/1345/553 627/1429/553
f 627/1429/554 879/1345/554 877/846/554 625/349/554
f 623/354/555 875/853/555 876/1346/555 624/1430/555
f 624/1430/556 876/1346/556 874/850/556 622/353/556
f 620/279/557 872/278/557 873/1347/557 621/1431/557
f 621/1431/558 873/1347/558 871/854/558 619/357/558
f 617/251/559 869/250/559 870/1348/559 618/1432/559
f 618/1432/560 870/1348/560 868/281/560 616/280/560
f 578/362/561 866/861/561 867/1349/561 579/1433/561
f 579/1433/562 867/1349/562 865/129/562 577/127/562
f 575/366/563 863/865/563 864/1350/563 576/1434/563
f 576/1434/564 864/1350/564 862/1038/564 574/365/564
f 572/370/565 860/869/565 861/1351/565 573/1435/565
f 573/1435/566 861/1351/566 859/866/566 571/369/566
f 569/374/567 857/1039/567 858/1352/567 570/1436/567
f 570/1436/568 858/1352/568 856/870/568 568/373/568
f 566/378/569 854/877/569 855/1353/569 567/1437/569
f 567/1437/570 855/1353/570 853/874/570 565/377/570
f 563/382/571 851/881/571 852/1354/571 564/1438/571
f 564/1438/572 852/1354/572 850/878/572 562/381/572
f 560/386/573 848/885/573 849/1355/573 561/1439/573
f 561/1439/574 849/1355/574 847/882/574 559/385/574
f 557/390/575 845/889/575 846/1356/575 558/1440/575
f 558/1440/576 846/1356/576 844/886/576 556/389/576
f 554/394/577 842/893/577 843/1357/577 555/1441/577
f 555/1441/578 843/1357/578 841/890/578 553/393/578
f 551/398/579 839/897/579 840/1358/579 552/1442/579
f 552/1442/580 840/1358/580 838/894/580 550/397/580
f 548/275/581 836/274/581 837/1359/581 549/1443/581
f 549/1443/582 837/1359/582 835/898/582 547/401/582
f 545/247/583 833/246/583 834/1360/583 546/1444/583
f 546/1444/584 834/1360/584 832/277/584 544/276/584
f 506/406/585 830/905/585 831/1361/585 507/1445/585
f 507/1445/586 831/1361/586 829/111/586 505/109/586
f 503/410/587 827/909/587 828/1362/587 504/1446/587
f 504/1446/588 828/1362/588 826/906/588 502/409/588
f 500/414/589 824/913/589 825/1363/589 501/1447/589
f 501/1447/590 825/1363/590 823/910/590 499/413/590
f 497/418/591 821/917/591 822/1364/591 498/1448/591
f 498/1448/592 822/1364/592 820/914/592 496/1044/592
f 494/422/593 818/921/593 819/1365/593 495/1449/593
f 495/1449/594 819/1365/594 817/918/594 493/421/594
f 491/426/595 815/925/595 816/1366/595 492/1450/595
f 492/1450/596 816/1366/596 814/922/596 490/425/596
f 488/430/597 812/929/597 813/1367/597 489/1451/597
f 489/1451/598 813/1367/598 811/926/598 487/429/598
f 485/434/599 809/933/599 810/1368/599 486/1452/599
f 486/1452/600 810/1368/600 808/930/600 484/433/600
f 482/438/601 806/937/601 807/1369/601 483/1453/601
f 483/1453/602 807/1369/602 805/934/602 481/437/602
f 479/442/603 803/941/603 804/1370/603 480/1454/603
f 480/1454/604 804/1370/604 802/938/604 478/441/604
f 476/271/605 800/270/605 801/1371/605 477/1455/605
f 477/1455/606 801/1371/606 799/942/606 475/445/606
f 473/243/607 797/242/607 798/1372/607 474/1456/607
f 474/1456/608 798/1372/608 796/273/608 472/272/608
f 434/450/609 794/944/609 795/1373/609 435/1457/609
f 435/1457/610 795/1373/610 793/157/610 433/155/610
f 431/454/611 791/946/611 792/1374/611 432/1458/611
f 432/1458/612 792/1374/612 790/945/612 430/1049/612
f 428/458/613 788/948/613 789/1375/613 429/1459/613
f 429/1459/614 789/1375/614 787/947/614 427/457/614
f 425/462/615 785/950/615 786/1376/615 426/1460/615
f 426/1460/616 786/1376/616 784/949/616 424/461/616
f 422/466/617 782/952/617 783/1377/617 423/1461/617
f 423/1461/618 783/1377/618 781/951/618 421/465/618
f 419/470/619 779/954/619 780/1378/619 420/1462/619
f 420/1462/620 780/1378/620 778/953/620 418/469/620
f 416/1051/621 776/956/621 777/1379/621 417/1463/621
f 417/1463/622 777/1379/622 775/955/622 415/1050/622
f 413/478/623 773/958/623 774/1380/623 414/1464/623
f 414/1464/624 774/1380/624 772/957/624 412/477/624
f 410/482/625 770/960/625 771/1381/625 411/1465/625
f 411/1465/626 771/1381/626 769/959/626 409/1052/626
f 407/1053/627 767/962/627 768/1382/627 408/1466/627
f 408/1466/628 768/1382/628 766/961/628 406/485/628
f 404/267/629 764/266/629 765/1383/629 405/1467/629
f 405/1467/630 765/1383/630 763/963/630 403/489/630
f 401/239/631 761/238/631 762/1384/631 402/1468/631
f 402/1468/632 762/1384/632 760/269/632 400/268/632
f 362/494/633 758/966/633 759/1385/633 363/1469/633
f 363/1469/634 759/1385/634 757/138/634 361/136/634
f 359/498/635 755/968/635 756/1386/635 360/1470/635
f 360/1470/636 756/1386/636 754/967/636 358/497/636
f 356/502/637 752/970/637 753/1387/637 357/1471/637
f 357/1471/638 753/1387/638 751/969/638 355/501/638
f 353/506/639 749/972/639 750/1388/639 354/1472/639
f 354/1472/640 750/1388/640 748/971/640 352/505/640
f 350/510/641 746/974/641 747/1389/641 351/1473/641
f 351/1473/642 747/1389/642 745/973/642 349/509/642
f 347/514/643 743/976/643 744/1390/643 348/1474/643
f 348/1474/644 744/1390/644 742/975/644 346/513/644
f 344/518/645 740/978/645 741/1391/645 345/1475/645
f 345/1475/646 741/1391/646 739/977/646 343/517/646
f 341/522/647 737/980/647 738/1392/647 342/1476/647
f 342/1476/648 738/1392/648 736/979/648 340/521/648
f 338/526/649 734/982/649 735/1393/649 339/1477/649
f 339/1477/650 735/1393/650 733/981/650 337/525/650
f 335/530/651 731/984/651 732/1394/651 336/1478/651
f 336/1478/652 732/1394/652 730/983/652 334/529/652
f 332/263/653 728/262/653 729/1395/653 333/1479/653
f 333/1479/654 729/1395/654 727/985/654 331/533/654
f 329/235/655 725/234/655 726/1396/655 330/1480/655
f 330/1480/656 726/1396/656 724/265/656 328/264/656
f 290/538/657 722/988/657 723/1397/657 291/1481/657
f 291/1481/658 723/1397/658 721/119/658 289/117/658
f 287/542/659 719/990/659 720/1398/659 288/1482/659
f 288/1482/660 720/1398/660 718/989/660 286/541/660
f 284/546/661 716/992/661 717/1399/661 285/1483/661
f 285/1483/662 717/1399/662 715/991/662 283/545/662
f 281/550/663 713/994/663 714/1400/663 282/1484/663
f 282/1484/664 714/1400/664 712/993/664 280/549/664
f 278/554/665 710/996/665 711/1401/665 279/1485/665
f 279/1485/666 711/1401/666 709/995/666 277/553/666
f 275/558/667 707/998/667 708/1402/667 276/1486/667
f 276/1486/668 708/1402/668 706/997/668 274/557/668
f 272/562/669 704/1000/669 705/1403/669 273/1487/669
f 273/1487/670 705/1403/670 703/999/670 271/561/670
f 269/566/671 701/1002/671 702/1404/671 270/1488/671
f 270/1488/672 702/1404/672 700/1001/672 268/565/672
f 266/570/673 698/1004/673 699/1405/673 267/1489/673
f 267/1489/674 699/1405/674 697/1003/674 265/569/674
f 263/574/675 695/1006/675 696/1406/675 264/1490/675
f 264/1490/676 696/1406/676 694/1005/676 262/573/676
f 260/259/677 692/258/677 693/1407/677 261/1491/677
f 261/1491/678 693/1407/678 691/1007/678 259/577/678
f 257/231/679 689/230/679 690/1408/679 258/1492/679
f 258/1492/680 690/1408/680 688/261/680 256/260/680
f 218/626/681 686/1010/681 687/1409/681 219/1493/681
f 219/1493/682 687/1409/682 685/100/682 217/98/682
f 215/630/683 683/1012/683 684/1410/683 216/1494/683
f 216/1494/684 684/1410/684 682/1011/684 214/629/684
f 212/634/685 680/1014/685 681/1411/685 213/1495/685
f 213/1495/686 681/1411/686 679/1013/686 211/633/686
f 209/638/687 677/1016/687 678/1412/687 210/1496/687
f 210/1496/688 678/1412/688 676/1015/688 208/637/688
f 206/642/689 674/1018/689 675/1413/689 207/1497/689
f 207/1497/690 675/1413/690 673/1017/690 205/641/690
f 203/646/691 671/1020/691 672/1414/691 204/1498/691
f 204/1498/692 672/1414/692 670/1019/692 202/645/692
f 200/650/693 668/1022/693 669/1415/693 201/1499/693
f 201/1499/694 669/1415/694 667/1021/694 199/649/694
f 197/654/695 665/1024/695 666/1416/695 198/1500/695
f 198/1500/696 666/1416/696 664/1023/696 196/653/696
f 194/658/697 662/1026/697 663/1417/697 195/1501/697
f 195/1501/698 663/1417/698 661/1025/698 193/657/698
f 191/662/699 659/1028/699 660/1418/699 192/1502/699
f 192/1502/700 660/1418/700 658/1027/700 190/661/700
f 188/255/701 656/254/701 657/1419/701 189/1503/701
f 189/1503/702 657/1419/702 655/1029/702 187/665/702
f 185/159/703 653/158/703 654/1420/703 186/1504/703
f 186/1504/704 654/1420/704 652/257/704 184/256/704
f 580/319/705 650/318/705 651/1421/705 582/1108/705
f 582/1108/706 651/1421/706 649/146/706 581/144/706
f 583/323/707 647/322/707 648/1422/707 585/1110/707
f 585/1110/708 648/1422/708 646/321/708 584/320/708
f 586/327/709 644/326/709 645/1423/709 588/1112/709
f 588/1112/710 645/1423/710 643/325/710 587/324/710
f 589/331/711 641/330/711 642/1424/711 591/1114/711
f 591/1114/712 642/1424/712 640/329/712 590/328/712
f 592/335/713 638/334/713 639/1425/713 594/1116/713
f 594/1116/714 639/1425/714 637/333/714 593/332/714
f 595/339/715 635/338/715 636/1426/715 597/1118/715
f 597/1118/716 636/1426/716 634/337/716 596/336/716
f 598/343/717 632/342/717 633/1427/717 600/1120/717
f 600/1120/718 633/1427/718 631/341/718 599/340/718
f 601/347/719 629/346/719 630/1428/719 603/1122/719
f 603/1122/720 630/1428/720 628/345/720 602/344/720
f 604/351/721 626/350/721 627/1429/721 606/1124/721
f 606/1124/722 627/1429/722 625/349/722 605/348/722
f 607/355/723 623/354/723 624/1430/723 609/1126/723
f 609/1126/724 624/1430/724 622/353/724 608/352/724
f 610/358/725 620/279/725 621/1431/725 612/1128/725
f 612/1128/726 621/1431/726 619/357/726 611/356/726
f 613/316/727 617/251/727 618/1432/727 615/1130/727
f 615/1130/728 618/1432/728 616/280/728 614/359/728
f 508/363/729 578/362/729 579/1433/729 510/1132/729
f 510/1132/730 579/1433/730 577/127/730 509/125/730
f 511/367/731 575/366/731 576/1434/731 513/1134/731
f 513/1134/732 576/1434/732 574/365/732 512/364/732
f 514/371/733 572/370/733 573/1435/733 516/1136/733
f 516/1136/734 573/1435/734 571/369/734 515/368/734
f 517/375/735 569/374/735 570/1436/735 519/1138/735
f 519/1138/736 570/1436/736 568/373/736 518/372/736
f 520/379/737 566/378/737 567/1437/737 522/1140/737
f 522/1140/738 567/1437/738 565/377/738 521/376/738
f 523/383/739 563/382/739 564/1438/739 525/1142/739
f 525/1142/740 564/1438/740 562/381/740 524/380/740
f 526/387/741 560/386/741 561/1439/741 528/1144/741
f 528/1144/742 561/1439/742 559/385/742 527/384/742
f 529/391/743 557/390/743 558/1440/743 531/1146/743
f 531/1146/744 558/1440/744 556/389/744 530/388/744
f 532/395/745 554/394/745 555/1441/745 534/1148/745
f 534/1148/746 555/1441/746 553/393/746 533/392/746
f 535/399/747 551/398/747 552/1442/747 537/1150/747
f 537/1150/748 552/1442/748 550/397/748 536/396/748
f 538/402/749 548/275/749 549/1443/749 540/1152/749
f 540/1152/750 549/1443/750 547/401/750 539/400/750
f 541/314/751 545/247/751 546/1444/751 543/1154/751
f 543/1154/752 546/1444/752 544/276/752 542/403/752
f 436/407/753 506/406/753 507/1445/753 438/1156/753
f 438/1156/754 507/1445/754 505/109/754 437/107/754
f 439/411/755 503/410/755 504/1446/755 441/1158/755
f 441/1158/756 504/1446/756 502/409/756 440/408/756
f 442/415/757 500/414/757 501/1447/757 444/1160/757
f 444/1160/758 501/1447/758 499/413/758 443/412/758
f 445/419/759 497/418/759 498/1448/759 447/1162/759
f 447/1162/760 498/1448/760 496/417/760 446/416/760
f 448/423/761 494/422/761 495/1449/761 450/1164/761
f 450/1164/762 495/1449/762 493/421/762 449/420/762
f 451/427/763 491/426/763 492/1450/763 453/1166/763
f 453/1166/764 492/1450/764 490/425/764 452/424/764
f 454/431/765 488/430/765 489/1451/765 456/1168/765
f 456/1168/766 489/1451/766 487/429/766 455/428/766
f 457/435/767 485/434/767 486/1452/767 459/1170/767
f 459/1170/768 486/1452/768 484/433/768 458/432/768
f 460/439/769 482/438/769 483/1453/769 462/1172/769
f 462/1172/770 483/1453/770 481/437/770 461/436/770
f 463/443/771 479/442/771 480/1454/771 465/1174/771
f 465/1174/772 480/1454/772 478/441/772 464/440/772
f 466/446/773 476/271/773 477/1455/773 468/1176/773
f 468/1176/774 477/1455/774 475/445/774 467/444/774
f 469/312/775 473/243/775 474/1456/775 471/1178/775
f 471/1178/776 474/1456/776 472/272/776 470/447/776
f 364/451/777 434/450/777 435/1457/777 366/1180/777
f 366/1180/778 435/1457/778 433/155/778 365/153/778
f 367/455/779 431/454/779 432/1458/779 369/1182/779
f 369/1182/780 432/1458/780 430/453/780 368/452/780
f 370/459/781 428/458/781 429/1459/781 372/1184/781
f 372/1184/782 429/1459/782 427/457/782 371/456/782
f 373/463/783 425/462/783 426/1460/783 375/1186/783
f 375/1186/784 426/1460/784 424/461/784 374/460/784
f 376/467/785 422/466/785 423/1461/785 378/1188/785
f 378/1188/786 423/1461/786 421/465/786 377/464/786
f 379/471/787 419/470/787 420/1462/787 381/1190/787
f 381/1190/788 420/1462/788 418/469/788 380/468/788
f 382/475/789 416/474/789 417/1463/789 384/1192/789
f 384/1192/790 417/1463/790 415/473/790 383/472/790
f 385/479/791 413/478/791 414/1464/791 387/1194/791
f 387/1194/792 414/1464/792 412/477/792 386/476/792
f 388/483/793 410/482/793 411/1465/793 390/1196/793
f 390/1196/794 411/1465/794 409/481/794 389/480/794
f 391/487/795 407/486/795 408/1466/795 393/1198/795
f 393/1198/796 408/1466/796 406/485/796 392/484/796
f 394/490/797 404/267/797 405/1467/797 396/1200/797
f 396/1200/798 405/1467/798 403/489/798 395/488/798
f 397/310/799 401/239/799 402/1468/799 399/1202/799
f 399/1202/800 402/1468/800 400/268/800 398/491/800
f 292/495/801 362/494/801 363/1469/801 294/1204/801
f 294/1204/802 363/1469/802 361/136/802 293/134/802
f 295/499/803 359/498/803 360/1470/803 297/1206/803
f 297/1206/804 360/1470/804 358/497/804 296/496/804
f 298/503/805 356/502/805 357/1471/805 300/1208/805
f 300/1208/806 357/1471/806 355/501/806 299/500/806
f 301/507/807 353/506/807 354/1472/807 303/1210/807
f 303/1210/808 354/1472/808 352/505/808 302/504/808
f 304/511/809 350/510/809 351/1473/809 306/1212/809
f 306/1212/810 351/1473/810 349/509/810 305/508/810
f 307/515/811 347/514/811 348/1474/811 309/1214/811
f 309/1214/812 348/1474/812 346/513/812 308/512/812
f 310/519/813 344/518/813 345/1475/813 312/1216/813
f 312/1216/814 345/1475/814 343/517/814 311/516/814
f 313/523/815 341/522/815 342/1476/815 315/1218/815
f 315/1218/816 342/1476/816 340/521/816 314/520/816
f 316/527/817 338/526/817 339/1477/817 318/1220/817
f 318/1220/818 339/1477/818 337/525/818 317/524/818
f 319/531/819 335/530/819 336/1478/819 321/1222/819
f 321/1222/820 336/1478/820 334/529/820 320/528/820
f 322/534/821 332/263/821 333/1479/821 324/1224/821
f 324/1224/822 333/1479/822 331/533/822 323/532/822
f 325/308/823 329/235/823 330/1480/823 327/1226/823
f 327/1226/824 330/1480/824 328/264/824 326/535/824
f 220/539/825 290/538/825 291/1481/825 222/1228/825
f 222/1228/826 291/1481/826 289/117/826 221/115/826
f 223/543/827 287/542/827 288/1482/827 225/1230/827
f 225/1230/828 288/1482/828 286/541/828 224/540/828
f 226/547/829 284/546/829 285/1483/829 228/1232/829
f 228/1232/830 285/1483/830 283/545/830 227/544/830
f 229/551/831 281/550/831 282/1484/831 231/1234/831
f 231/1234/832 282/1484/832 280/549/832 230/548/832
f 232/555/833 278/554/833 279/1485/833 234/1236/833
f 234/1236/834 279/1485/834 277/553/834 233/552/834
f 235/559/835 275/558/835 276/1486/835 237/1238/835
f 237/1238/836 276/1486/836 274/557/836 236/556/836
f 238/563/837 272/562/837 273/1487/837 240/1240/837
f 240/1240/838 273/1487/838 271/561/838 239/560/838
f 241/567/839 269/566/839 270/1488/839 243/1242/839
f 243/1242/840 270/1488/840 268/565/840 242/564/840
f 244/571/841 266/570/841 267/1489/841 246/1244/841
f 246/1244/842 267/1489/842 265/569/842 245/568/842
f 247/575/843 263/574/843 264/1490/843 249/1246/843
f 249/1246/844 264/1490/844 262/573/844 248/572/844
f 250/578/845 260/259/845 261/1491/845 252/1248/845
f 252/1248/846 261/1491/846 259/577/846 251/576/846
f 253/306/847 257/231/847 258/1492/847 255/1250/847
f 255/1250/848 258/1492/848 256/260/848 254/579/848
f 148/627/849 218/626/849 219/1493/849 150/1276/849
f 150/1276/850 219/1493/850 217/98/850 149/97/850
f 151/631/851 215/630/851 216/1494/851 153/1279/851
f 153/1279/852 216/1494/852 214/629/852 152/628/852
f 154/635/853 212/634/853 213/1495/853 156/1281/853
f 156/1281/854 213/1495/854 211/633/854 155/632/854
f 157/639/855 209/638/855 210/1496/855 159/1283/855
f 159/1283/856 210/1496/856 208/637/856 158/636/856
f 160/643/857 206/642/857 207/1497/857 162/1285/857
f 162/1285/858 207/1497/858 205/641/858 161/640/858
f 163/647/859 203/646/859 204/1498/859 165/1287/859
f 165/1287/860 204/1498/860 202/645/860 164/644/860
f 166/651/861 200/650/861 201/1499/861 168/1289/861
f 168/1289/862 201/1499/862 199/649/862 167/648/862
f 169/655/863 197/654/863 198/1500/863 171/1291/863
f 171/1291/864 198/1500/864 196/653/864 170/652/864
f 172/659/865 194/658/865 195/1501/865 174/1293/865
f 174/1293/866 195/1501/866 193/657/866 173/656/866
f 175/663/867 191/662/867 192/1502/867 177/1295/867
f 177/1295/868 192/1502/868 190/661/868 176/660/868
f 178/666/869 188/255/869 189/1503/869 180/1297/869
f 180/1297/870 189/1503/870 187/665/870 179/664/870
f 181/302/871 185/159/871 186/1504/871 183/1299/871
f 183/1299/872 186/1504/872 184/256/872 182/667/872
f 86/585/66 1307/584/66 1310/1065/66 87/1064/66
f 1304/583/873 1300/1085/873 1302/1505/873 1305/1506/873
f 1305/1506/874 1302/1505/874 1301/1507/874 1303/96/874
f 1307/584/875 1304/583/875 1305/1506/875 1308/1508/875
f 1308/1508/876 1305/1506/876 1303/96/876 1306/95/876
f 1310/1065/877 1307/584/877 1308/1508/877 1311/1509/877
f 1311/1509/878 1308/1508/878 1306/95/878 1309/99/878
f 1313/1009/879 1310/1065/879 1311/1509/879 1314/1510/879
f 1314/1510/880 1311/1509/880 1309/99/880 1312/101/880
f 1316/767/881 1313/1009/881 1314/1510/881 1317/1511/881
f 1317/1511/882 1314/1510/882 1312/101/882 1315/103/882
f 1319/768/883 1316/767/883 1317/1511/883 1320/1512/883
f 1320/1512/884 1317/1511/884 1315/106/884 1318/105/884
f 1322/1046/885 1319/768/885 1320/1512/885 1323/1513/885
f 1323/1513/886 1320/1512/886 1318/105/886 1321/108/886
f 1325/1043/887 1322/1046/887 1323/1513/887 1326/1514/887
f 1326/1514/888 1323/1513/888 1321/108/888 1324/110/888
f 1328/901/889 1325/1043/889 1326/1514/889 1329/1515/889
f 1329/1515/890 1326/1514/890 1324/110/890 1327/112/890
f 1331/902/891 1328/901/891 1329/1515/891 1332/1516/891
f 1332/1516/892 1329/1515/892 1327/112/892 1330/114/892
f 1334/1063/893 1331/902/893 1332/1516/893 1335/1517/893
f 1335/1517/894 1332/1516/894 1330/114/894 1333/116/894
f 1337/1061/895 1334/1063/895 1335/1517/895 1338/1518/895
f 1338/1518/896 1335/1517/896 1333/116/896 1336/118/896
f 1340/987/897 1337/1061/897 1338/1518/897 1341/1519/897
f 1341/1519/898 1338/1518/898 1336/118/898 1339/120/898
f 1343/721/899 1340/987/899 1341/1519/899 1344/1520/899
f 1344/1520/900 1341/1519/900 1339/120/900 1342/122/900
f 1346/722/901 1343/721/901 1344/1520/901 1347/1521/901
f 1347/1521/902 1344/1520/902 1342/122/902 1345/124/902
f 1349/1041/903 1346/722/903 1347/1521/903 1350/1522/903
f 1350/1522/904 1347/1521/904 1345/124/904 1348/126/904
f 1352/1037/905 1349/1041/905 1350/1522/905 1353/1523/905
f 1353/1523/906 1350/1522/906 1348/126/906 1351/128/906
f 1355/857/907 1352/1037/907 1353/1523/907 1356/1524/907
f 1356/1524/908 1353/1523/908 1351/131/908 1354/130/908
f 1358/858/909 1355/857/909 1356/1524/909 1359/1525/909
f 1359/1525/910 1356/1524/910 1354/130/910 1357/133/910
f 1361/1059/911 1358/858/911 1359/1525/911 1362/1526/911
f 1362/1526/912 1359/1525/912 1357/133/912 1360/135/912
f 1364/1057/913 1361/1059/913 1362/1526/913 1365/1527/913
f 1365/1527/914 1362/1526/914 1360/135/914 1363/137/914
f 1367/965/915 1364/1057/915 1365/1527/915 1368/1528/915
f 1368/1528/916 1365/1527/916 1363/137/916 1366/139/916
f 1370/675/917 1367/965/917 1368/1528/917 1371/1529/917
f 1371/1529/918 1368/1528/918 1366/139/918 1369/141/918
f 1373/676/919 1370/675/919 1371/1529/919 1374/1530/919
f 1374/1530/920 1371/1529/920 1369/141/920 1372/143/920
f 1376/1035/921 1373/676/921 1374/1530/921 1377/1531/921
f 1377/1531/922 1374/1530/922 1372/143/922 1375/145/922
f 1379/1031/923 1376/1035/923 1377/1531/923 1380/1532/923
f 1380/1532/924 1377/1531/924 1375/145/924 1378/147/924
f 1382/813/925 1379/1031/925 1380/1532/925 1383/1533/925
f 1383/1533/926 1380/1532/926 1378/147/926 1381/149/926
f 1385/814/927 1382/813/927 1383/1533/927 1386/1534/927
f 1386/1534/928 1383/1533/928 1381/152/928 1384/151/928
f 1388/1055/929 1385/814/929 1386/1534/929 1389/1535/929
f 1389/1535/930 1386/1534/930 1384/151/930 1387/154/930
f 1391/1048/931 1388/1055/931 1389/1535/931 1392/1536/931
f 1392/1536/932 1389/1535/932 1387/154/932 1390/156/932
f 1394/92/933 1391/1048/933 1392/1536/933 1395/1537/933
f 1395/1537/934 1392/1536/934 1390/156/934 1393/162/934
f 1300/93/935 1394/92/935 1395/1537/935 1302/1538/935
f 1302/1538/936 1395/1537/936 1393/162/936 1301/164/936
f 1303/96/101 1301/1507/101 1265/1278/101 149/97/101
f 3268/1539/60 3248/1540/60 1399/1541/60 1408/1542/60
f 3440/1543/60 3469/1544/60 1415/1545/60 1404/1546/60
f 3257/1547/60 3277/1548/60 3464/1549/60 3445/1550/60
f 3261/1551/60 3273/1552/60 3460/1553/60 3449/1554/60
f 3265/1555/60 3457/1556/60 3452/1557/60
f 3273/1552/60 3265/1555/60 3452/1557/60 3460/1553/60
f 3277/1548/60 3261/1551/60 3449/1554/60 3464/1549/60
f 3281/1558/60 3257/1547/60 3445/1550/60 3468/1559/60
f 3253/1560/60 3281/1558/60 3468/1559/60 3441/1561/60
f 3248/1540/60 3284/1562/60 1417/1563/60 1399/1541/60
f 3312/1564/43 1430/1565/43 1421/1566/43 3292/1567/43
f 1445/1568/937 1444/1569/937 1440/1570/937 1442/1571/937
f 3324/1572/43 1437/1573/43 1427/1574/43 3300/1575/43
f 3320/1576/43 1435/1577/43 1428/1578/43 3304/1579/43
f 3316/1580/43 1433/1581/43 1429/1582/43 3308/1583/43
f 3308/1583/43 1429/1582/43 1430/1565/43 3312/1564/43
f 3304/1579/43 1428/1578/43 1433/1581/43 3316/1580/43
f 3300/1575/43 1427/1574/43 1435/1577/43 3320/1576/43
f 3296/1584/43 1426/1585/43 1437/1573/43 3324/1572/43
f 3292/1567/43 1421/1566/43 1439/1586/43 3328/1587/43
f 1410/1588/938 1401/1589/938 1423/1590/938 1432/1591/938
f 1406/1592/939 1411/1593/939 1433/1581/939 1428/1578/939
f 3287/1594/940 1416/1595/940 1438/1596/940 3331/1597/940
f 1412/1598/941 1402/1599/941 1424/1600/941 1434/1601/941
f 1399/1541/942 1417/1563/942 1439/1586/942 1421/1566/942
f 1414/1602/943 1403/1603/943 1425/1604/943 1436/1605/943
f 1401/1589/944 1412/1598/944 1434/1601/944 1423/1590/944
f 1403/1603/937 1396/1606/937 1418/1607/937 1425/1604/937
f 1416/1595/945 1398/1608/945 1420/1609/945 1438/1596/945
f 1397/1610/946 1404/1546/946 1426/1585/946 1419/1611/946
f 1405/1612/947 1413/1613/947 1435/1577/947 1427/1574/947
f 3246/1614/60 3253/1560/60 3441/1561/60 3438/1615/60
f 1407/1616/948 1408/1542/948 1430/1565/948 1429/1582/948
f 1415/1545/949 1405/1612/949 1427/1574/949 1437/1573/949
f 1408/1542/950 1399/1541/950 1421/1566/950 1430/1565/950
f 1398/1608/951 1409/1617/951 1431/1618/951 1420/1609/951
f 1413/1613/952 1406/1592/952 1428/1578/952 1435/1577/952
f 1402/1599/953 1414/1602/953 1436/1605/953 1424/1600/953
f 1411/1593/954 1407/1616/954 1429/1582/954 1433/1581/954
f 1404/1546/955 1415/1545/955 1437/1573/955 1426/1585/955
f 1409/1617/956 1400/1619/956 1422/1620/956 1431/1618/956
f 1400/1619/957 1410/1588/957 1432/1591/957 1422/1620/957
f 3345/1621/23 3485/1622/23 3479/1623/23 3334/1624/23
f 3334/1624/43 3479/1623/43 3480/1625/43 3337/1626/43
f 3340/1627/60 1445/1568/60 1450/1628/60 3352/1629/60
f 1446/1630/946 1447/1631/946 1443/1632/946 1441/1633/946
f 1491/1634/946 1486/1635/946 1447/1631/946 1446/1630/946
f 3432/1636/95 1484/1637/95 1445/1568/95 3340/1627/95
f 3425/1638/23 3521/1639/23 3485/1622/23 3345/1621/23
f 1484/1637/937 1489/1640/937 1444/1569/937 1445/1568/937
f 3352/1629/60 1450/1628/60 1454/1641/60 3360/1642/60
f 1443/1632/958 1447/1631/958 1451/1643/958 1449/1644/958
f 1445/1568/959 1442/1571/959 1448/1645/959 1450/1628/959
f 3337/1626/43 3480/1625/43 3488/1646/43 3349/1647/43
f 1453/1648/960 1455/1649/960 1459/1650/960 1457/1651/960
f 1450/1628/961 1448/1645/961 1452/1652/961 1454/1641/961
f 1449/1644/962 1451/1643/962 1455/1649/962 1453/1648/962
f 3349/1647/43 3488/1646/43 3492/1653/43 3357/1654/43
f 3368/1655/60 1458/1656/60 1462/1657/60 3376/1658/60
f 3357/1654/43 3492/1653/43 3496/1659/43 3365/1660/43
f 3360/1642/60 1454/1641/60 1458/1656/60 3368/1655/60
f 1454/1641/963 1452/1652/963 1456/1661/963 1458/1656/963
f 1462/1657/964 1460/1662/964 1464/1663/964 1466/1664/964
f 1458/1656/965 1456/1661/965 1460/1662/965 1462/1657/965
f 1457/1651/966 1459/1650/966 1463/1665/966 1461/1666/966
f 3365/1660/43 3496/1659/43 3500/1667/43 3373/1668/43
f 1465/1669/967 1467/1670/967 1471/1671/967 1469/1672/967
f 1461/1666/968 1463/1665/968 1467/1670/968 1465/1669/968
f 3373/1668/43 3500/1667/43 3504/1673/43 3381/1674/43
f 3376/1658/60 1462/1657/60 1466/1664/60 3384/1675/60
f 3392/1676/60 1470/1677/60 1474/1678/60 3400/1679/60
f 3381/1674/43 3504/1673/43 3509/1680/43 3389/1681/43
f 3384/1675/60 1466/1664/60 1470/1677/60 3392/1676/60
f 1466/1664/969 1464/1663/969 1468/1682/969 1470/1677/969
f 1473/1683/970 1475/1684/970 1479/1685/970 1477/1686/970
f 1470/1677/971 1468/1682/971 1472/1687/971 1474/1678/971
f 1469/1672/972 1471/1671/972 1475/1684/972 1473/1683/972
f 3513/1688/43 3508/1689/43 3396/1690/43
f 1477/1686/973 1479/1685/973 1483/1691/973 1481/1692/973
f 3396/1690/43 1473/1683/43 1477/1686/43 3404/1693/43
f 3400/1679/60 1474/1678/60 1478/1694/60 3408/1695/60
f 1474/1678/974 1472/1687/974 1476/1696/974 1478/1694/974
f 3416/1697/975 1482/1698/975 1480/1699/975 3415/1700/975
f 3404/1693/43 1477/1686/43 1481/1692/43 3412/1701/43
f 3408/1695/60 1478/1694/60 1482/1698/60 3416/1697/60
f 1478/1694/976 1476/1696/976 1480/1699/976 1482/1698/976
f 1425/1604/937 1418/1607/937 1488/1702/937 1485/1703/937
f 1485/1703/937 1488/1702/937 1489/1640/937 1484/1637/937
f 3290/1704/23 3474/1705/23 3516/1706/23 3421/1707/23
f 3421/1707/23 3516/1706/23 3521/1639/23 3425/1638/23
f 3299/1708/95 1425/1604/95 1485/1703/95 3428/1709/95
f 3428/1709/95 1485/1703/95 1484/1637/95 3432/1636/95
f 1419/1611/946 1426/1585/946 1487/1710/946 1490/1711/946
f 1490/1711/946 1487/1710/946 1486/1635/946 1491/1634/946
f 1487/1710/95 3431/1712/95 3435/1713/95 1486/1635/95
f 3431/1712/95 3430/1714/95 3434/1715/95 3435/1713/95
f 3430/1714/95 3429/1716/95 3433/1717/95 3434/1715/95
f 3429/1716/95 3428/1709/95 3432/1636/95 3433/1717/95
f 1426/1585/95 3296/1584/95 3431/1712/95 1487/1710/95
f 3296/1584/95 3297/1718/95 3430/1714/95 3431/1712/95
f 3297/1718/95 3298/1719/95 3429/1716/95 3430/1714/95
f 3298/1719/95 3299/1708/95 3428/1709/95 3429/1716/95
f 3519/1720/23 3422/1721/23 3426/1722/23 3522/1723/23
f 3336/1724/60 3335/1725/60 3332/1726/60 3339/1727/60
f 3422/1721/23 3421/1707/23 3425/1638/23 3426/1722/23
f 1488/1702/23 3518/1728/23 3523/1729/23 1489/1640/23
f 3473/1730/23 3289/1731/23 3422/1721/23 3519/1720/23
f 3475/1732/23 1419/1611/23 1490/1711/23 3517/1733/23
f 3289/1731/23 3290/1704/23 3421/1707/23 3422/1721/23
f 1440/1570/43 3477/1734/43 3482/1735/43 1442/1571/43
f 1479/1685/60 3411/1736/60 3419/1737/60 1483/1691/60
f 3411/1736/60 3410/1738/60 3418/1739/60 3419/1737/60
f 3410/1738/60 3409/1740/60 3417/1741/60 3418/1739/60
f 3409/1740/60 3408/1695/60 3416/1697/60 3417/1741/60
f 1476/1696/43 3407/1742/43 3415/1700/43 1480/1699/43
f 3407/1742/43 3406/1743/43 3414/1744/43 3415/1700/43
f 3406/1743/43 3405/1745/43 3413/1746/43 3414/1744/43
f 3405/1745/43 3404/1693/43 3412/1701/43 3413/1746/43
f 1483/1691/975 3419/1737/975 3412/1701/975 1481/1692/975
f 3419/1737/975 3418/1739/975 3413/1746/975 3412/1701/975
f 3418/1739/975 3417/1741/975 3414/1744/975 3413/1746/975
f 3417/1741/975 3416/1697/975 3415/1700/975 3414/1744/975
f 1475/1684/60 3403/1747/60 3411/1736/60 1479/1685/60
f 3403/1747/60 3402/1748/60 3410/1738/60 3411/1736/60
f 3402/1748/60 3401/1749/60 3409/1740/60 3410/1738/60
f 3401/1749/60 3400/1679/60 3408/1695/60 3409/1740/60
f 1472/1687/43 3399/1750/43 3407/1742/43 1476/1696/43
f 3517/1733/23 1490/1711/23 1491/1634/23 3520/1751/23
f 3399/1750/43 3514/1752/43 3406/1743/43 3407/1742/43
f 3390/1753/43 3389/1681/43 3512/1754/43 3515/1755/43
f 3511/1756/43 3514/1757/43 3399/1750/43
f 3515/1755/43 3510/1758/43 3390/1753/43
f 3514/1759/43 3513/1760/43 3405/1745/43 3406/1743/43
f 1468/1682/43 3511/1761/43 3399/1750/43 1472/1687/43
f 1467/1670/60 3387/1762/60 3395/1763/60 1471/1671/60
f 3387/1762/60 3386/1764/60 3394/1765/60 3395/1763/60
f 3386/1764/60 3385/1766/60 3393/1767/60 3394/1765/60
f 3385/1766/60 3384/1675/60 3392/1676/60 3393/1767/60
f 3507/1768/43 3382/1769/43 3390/1753/43 3510/1758/43
f 3508/1770/43 1469/1672/43 1473/1683/43 3396/1690/43
f 3382/1769/43 3381/1674/43 3389/1681/43 3390/1753/43
f 1464/1663/43 3506/1771/43 3511/1772/43 1468/1682/43
f 1471/1671/60 3395/1763/60 3403/1747/60 1475/1684/60
f 3395/1763/60 3394/1765/60 3402/1748/60 3403/1747/60
f 3394/1765/60 3393/1767/60 3401/1749/60 3402/1748/60
f 3393/1767/60 3392/1676/60 3400/1679/60 3401/1749/60
f 1463/1665/60 3379/1773/60 3387/1762/60 1467/1670/60
f 3379/1773/60 3378/1774/60 3386/1764/60 3387/1762/60
f 3378/1774/60 3377/1775/60 3385/1766/60 3386/1764/60
f 3377/1775/60 3376/1658/60 3384/1675/60 3385/1766/60
f 3503/1776/43 3374/1777/43 3382/1769/43 3507/1768/43
f 3505/1778/43 1465/1669/43 1469/1672/43 3508/1779/43
f 3374/1777/43 3373/1668/43 3381/1674/43 3382/1769/43
f 1460/1662/43 3502/1780/43 3506/1771/43 1464/1663/43
f 3499/1781/43 3366/1782/43 3374/1777/43 3503/1776/43
f 3501/1783/43 1461/1666/43 1465/1669/43 3505/1778/43
f 3366/1782/43 3365/1660/43 3373/1668/43 3374/1777/43
f 1456/1661/43 3498/1784/43 3502/1780/43 1460/1662/43
f 1455/1649/60 3363/1785/60 3371/1786/60 1459/1650/60
f 3363/1785/60 3362/1787/60 3370/1788/60 3371/1786/60
f 3362/1787/60 3361/1789/60 3369/1790/60 3370/1788/60
f 3361/1789/60 3360/1642/60 3368/1655/60 3369/1790/60
f 3495/1791/43 3358/1792/43 3366/1782/43 3499/1781/43
f 3497/1793/43 1457/1651/43 1461/1666/43 3501/1783/43
f 3358/1792/43 3357/1654/43 3365/1660/43 3366/1782/43
f 1452/1652/43 3494/1794/43 3498/1784/43 1456/1661/43
f 1459/1650/60 3371/1786/60 3379/1773/60 1463/1665/60
f 3371/1786/60 3370/1788/60 3378/1774/60 3379/1773/60
f 3370/1788/60 3369/1790/60 3377/1775/60 3378/1774/60
f 3369/1790/60 3368/1655/60 3376/1658/60 3377/1775/60
f 3491/1795/43 3350/1796/43 3358/1792/43 3495/1791/43
f 3493/1797/43 1453/1648/43 1457/1651/43 3497/1793/43
f 3350/1796/43 3349/1647/43 3357/1654/43 3358/1792/43
f 1448/1645/43 3490/1798/43 3494/1794/43 1452/1652/43
f 3483/1799/43 3338/1800/43 3350/1796/43 3491/1795/43
f 3520/1751/23 1491/1634/23 1446/1630/23 3484/1801/23
f 3338/1800/43 3337/1626/43 3349/1647/43 3350/1796/43
f 1442/1571/43 3482/1735/43 3490/1798/43 1448/1645/43
f 1451/1643/60 3355/1802/60 3363/1785/60 1455/1649/60
f 3355/1802/60 3354/1803/60 3362/1787/60 3363/1785/60
f 3354/1803/60 3353/1804/60 3361/1789/60 3362/1787/60
f 3353/1804/60 3352/1629/60 3360/1642/60 3361/1789/60
f 3522/1723/23 3426/1722/23 3346/1805/23 3486/1806/23
f 3489/1807/43 1449/1644/43 1453/1648/43 3493/1797/43
f 3426/1722/23 3425/1638/23 3345/1621/23 3346/1805/23
f 1489/1640/23 3523/1729/23 3487/1808/23 1444/1569/23
f 1486/1635/95 3435/1713/95 3343/1809/95 1447/1631/95
f 3435/1713/95 3434/1715/95 3342/1810/95 3343/1809/95
f 3434/1715/95 3433/1717/95 3341/1811/95 3342/1810/95
f 3433/1717/95 3432/1636/95 3340/1627/95 3341/1811/95
f 1447/1631/60 3343/1809/60 3355/1802/60 1451/1643/60
f 3343/1809/60 3342/1810/60 3354/1803/60 3355/1802/60
f 3342/1810/60 3341/1811/60 3353/1804/60 3354/1803/60
f 3341/1811/60 3340/1627/60 3352/1629/60 3353/1804/60
f 3476/1812/43 3333/1813/43 3338/1800/43 3483/1799/43
f 3484/1801/23 1446/1630/23 1441/1633/23 3478/1814/23
f 3346/1805/23 3345/1621/23 3334/1624/23 3333/1813/23
f 3481/1815/43 1443/1632/43 1449/1644/43 3489/1807/43
f 1444/1569/23 3487/1808/23 3477/1734/23 1440/1570/23
f 3486/1806/23 3346/1805/23 3333/1813/23 3476/1812/23
f 3333/1813/43 3334/1624/43 3337/1626/43 3338/1800/43
f 3478/1814/43 1441/1633/43 1443/1632/43 3481/1815/43
f 3437/1816/60 3442/1817/60 3254/1818/60 3245/1819/60
f 1396/1606/23 3436/1820/23 3472/1821/23 1418/1607/23
f 3245/1819/23 3246/1614/23 3290/1704/23 3289/1731/23
f 3439/1822/60 3440/1543/60 1404/1546/60 1397/1610/60
f 1417/1563/940 3284/1562/940 3328/1587/940 1439/1586/940
f 3284/1562/940 3285/1823/940 3329/1824/940 3328/1587/940
f 3285/1823/940 3286/1825/940 3330/1826/940 3329/1824/940
f 3286/1825/940 3287/1594/940 3331/1597/940 3330/1826/940
f 1420/1609/43 3295/1827/43 3331/1597/43 1438/1596/43
f 3295/1827/43 3294/1828/43 3330/1826/43 3331/1597/43
f 3294/1828/43 3293/1829/43 3329/1824/43 3330/1826/43
f 3293/1829/43 3292/1567/43 3328/1587/43 3329/1824/43
f 1425/1604/43 3299/1708/43 3327/1830/43 1436/1605/43
f 3299/1708/43 3298/1719/43 3326/1831/43 3327/1830/43
f 3298/1719/43 3297/1718/43 3325/1832/43 3326/1831/43
f 3297/1718/43 3296/1584/43 3324/1572/43 3325/1832/43
f 1424/1600/43 3303/1833/43 3323/1834/43 1434/1601/43
f 3303/1833/43 3302/1835/43 3322/1836/43 3323/1834/43
f 3302/1835/43 3301/1837/43 3321/1838/43 3322/1836/43
f 3301/1837/43 3300/1575/43 3320/1576/43 3321/1838/43
f 1423/1590/43 3307/1839/43 3319/1840/43 1432/1591/43
f 3307/1839/43 3306/1841/43 3318/1842/43 3319/1840/43
f 3306/1841/43 3305/1843/43 3317/1844/43 3318/1842/43
f 3305/1843/43 3304/1579/43 3316/1580/43 3317/1844/43
f 1422/1620/43 3311/1845/43 3315/1846/43 1431/1618/43
f 3311/1845/43 3310/1847/43 3314/1848/43 3315/1846/43
f 3310/1847/43 3309/1849/43 3313/1850/43 3314/1848/43
f 3309/1849/43 3308/1583/43 3312/1564/43 3313/1850/43
f 1432/1591/43 3319/1840/43 3311/1845/43 1422/1620/43
f 3319/1840/43 3318/1842/43 3310/1847/43 3311/1845/43
f 3318/1842/43 3317/1844/43 3309/1849/43 3310/1847/43
f 3317/1844/43 3316/1580/43 3308/1583/43 3309/1849/43
f 1434/1601/43 3323/1834/43 3307/1839/43 1423/1590/43
f 3323/1834/43 3322/1836/43 3306/1841/43 3307/1839/43
f 3322/1836/43 3321/1838/43 3305/1843/43 3306/1841/43
f 3321/1838/43 3320/1576/43 3304/1579/43 3305/1843/43
f 1436/1605/43 3327/1830/43 3303/1833/43 1424/1600/43
f 3327/1830/43 3326/1831/43 3302/1835/43 3303/1833/43
f 3326/1831/43 3325/1832/43 3301/1837/43 3302/1835/43
f 3325/1832/43 3324/1572/43 3300/1575/43 3301/1837/43
f 1431/1618/43 3315/1846/43 3295/1827/43 1420/1609/43
f 3315/1846/43 3314/1848/43 3294/1828/43 3295/1827/43
f 3314/1848/43 3313/1850/43 3293/1829/43 3294/1828/43
f 3313/1850/43 3312/1564/43 3292/1567/43 3293/1829/43
f 1398/1608/60 1416/1595/60 3287/1594/60 3251/1851/60
f 3251/1851/60 3287/1594/60 3286/1825/60 3250/1852/60
f 3250/1852/60 3286/1825/60 3285/1823/60 3249/1853/60
f 3249/1853/60 3285/1823/60 3284/1562/60 3248/1540/60
f 3442/1817/60 3471/1854/60 3282/1855/60 3254/1818/60
f 3444/1856/60 3465/1857/60 1413/1613/60 1405/1612/60
f 3254/1818/60 3282/1855/60 3281/1558/60 3253/1560/60
f 1403/1603/60 1414/1602/60 3470/1858/60 3443/1859/60
f 3471/1854/60 3446/1860/60 3258/1861/60 3282/1855/60
f 3448/1862/60 3461/1863/60 1411/1593/60 1406/1592/60
f 3258/1861/60 3278/1864/60 3277/1548/60 3257/1547/60
f 1414/1602/60 1402/1599/60 3447/1865/60 3470/1858/60
f 3467/1866/60 3450/1867/60 3262/1868/60 3278/1864/60
f 3453/1869/60 3268/1539/60 1408/1542/60 1407/1616/60
f 3262/1868/60 3274/1870/60 3273/1552/60 3261/1551/60
f 1412/1598/60 1401/1589/60 3451/1871/60 3466/1872/60
f 3463/1873/60 3455/1874/60 3266/1875/60 3274/1870/60
f 3456/1876/60 3249/1853/60 3248/1540/60 3268/1539/60
f 3271/1877/60 3251/1851/60 3250/1852/60 3459/1878/60
f 1410/1588/60 1400/1619/60 3454/1879/60 3462/1880/60
f 3458/1881/60 3266/1875/60 3455/1874/60
f 3454/1882/60 3271/1877/60 3459/1883/60
f 3274/1870/60 3266/1875/60 3265/1555/60 3273/1552/60
f 3453/1884/60 3456/1885/60 3268/1539/60
f 1401/1589/60 1410/1588/60 3462/1880/60 3451/1871/60
f 3450/1867/60 3463/1873/60 3274/1870/60 3262/1868/60
f 3278/1864/60 3262/1868/60 3261/1551/60 3277/1548/60
f 3465/1857/60 3448/1862/60 1406/1592/60 1413/1613/60
f 1402/1599/60 1412/1598/60 3466/1872/60 3447/1865/60
f 3446/1860/60 3467/1866/60 3278/1864/60 3258/1861/60
f 3282/1855/60 3258/1861/60 3257/1547/60 3281/1558/60
f 3469/1544/60 3444/1856/60 1405/1612/60 1415/1545/60
f 3437/1816/23 3245/1819/23 3289/1731/23 3473/1730/23
f 3439/1822/23 1397/1610/23 1419/1611/23 3475/1732/23
f 3245/1819/60 3254/1818/60 3253/1560/60 3246/1614/60
f 3246/1614/23 3438/1615/23 3474/1705/23 3290/1704/23
f 1409/1617/60 1398/1608/60 3251/1851/60 3271/1877/60
f 1418/1607/23 3472/1821/23 3518/1728/23 1488/1702/23
f 3266/1875/60 3458/1881/60 3457/1556/60 3265/1555/60
f 3459/1886/60 3250/1852/60 3249/1853/60 3456/1887/60
f 3461/1863/60 3453/1888/60 1407/1616/60 1411/1593/60
f 1400/1619/60 1409/1617/60 3271/1877/60 3454/1889/60
f 3513/1890/43 3396/1690/43 3404/1693/43 3405/1745/43
f 3389/1681/43 3509/1680/43 3512/1754/43
f 3452/1557/977 3457/1556/977 3336/1724/977 3351/1891/977
f 3475/1732/978 3517/1733/978 3561/1892/978 3256/1893/978
f 3493/1797/979 3497/1793/979 3541/1894/979 3537/1895/979
f 3476/1812/980 3483/1799/980 3527/1896/980 3255/1897/980
f 3456/1885/981 3453/1884/981 3348/1898/981 3339/1899/981
f 3479/1623/982 3485/1622/982 3529/1900/982 3244/1901/982
f 3445/1550/983 3464/1549/983 3279/1902/983 3380/1903/983
f 3438/1615/984 3441/1561/984 3397/1904/984 3423/1905/984
f 3518/1728/985 3472/1821/985 3263/1906/985 3562/1907/985
f 3498/1784/986 3494/1794/986 3538/1908/986 3542/1909/986
f 3440/1543/987 3439/1822/987 3420/1910/987 3398/1911/987
f 3473/1730/988 3519/1720/988 3563/1912/988 3260/1913/988
f 3495/1791/989 3499/1781/989 3543/1914/989 3539/1915/989
f 3484/1801/990 3478/1814/990 3247/1916/990 3528/1917/990
f 3465/1857/991 3444/1856/991 3383/1918/991 3276/1919/991
f 3436/1820/992 3443/1859/992 3388/1920/992 3427/1921/992
f 3477/1734/993 3487/1808/993 3531/1922/993 3252/1923/993
f 3442/1817/994 3437/1816/994 3424/1924/994 3391/1925/994
f 3521/1639/995 3516/1706/995 3560/1926/995 3565/1927/995
f 3500/1667/996 3496/1659/996 3540/1928/996 3544/1929/996
f 3447/1865/997 3466/1872/997 3275/1930/997 3372/1931/997
f 3468/1559/998 3445/1550/998 3380/1903/998 3270/1932/998
f 3497/1793/999 3501/1783/999 3545/1933/999 3541/1894/999
f 3486/1806/1000 3476/1812/1000 3255/1897/1000 3530/1934/1000
f 3444/1856/1001 3469/1544/1001 3269/1935/1001 3383/1918/1001
f 3517/1733/1002 3520/1751/1002 3564/1936/1002 3561/1892/1002
f 3485/1622/1003 3521/1639/1003 3565/1927/1003 3529/1900/1003
f 3467/1866/1004 3446/1860/1004 3375/1937/1004 3272/1938/1004
f 3470/1858/1005 3447/1865/1005 3372/1931/1005 3267/1939/1005
f 3502/1780/1006 3498/1784/1006 3542/1909/1006 3546/1940/1006
f 3446/1860/1007 3471/1854/1007 3264/1941/1007 3375/1937/1007
f 3523/1729/1008 3518/1728/1008 3562/1907/1008 3567/1942/1008
f 3499/1781/1009 3503/1776/1009 3547/1943/1009 3543/1914/1009
f 3520/1751/1010 3484/1801/1010 3528/1917/1010 3564/1936/1010
f 3441/1561/1011 3468/1559/1011 3270/1932/1011 3397/1904/1011
f 3464/1549/1012 3449/1554/1012 3364/1944/1012 3279/1902/1012
f 3487/1808/1013 3523/1729/1013 3567/1942/1013 3531/1922/1013
f 3448/1862/1014 3465/1857/1014 3276/1919/1014 3367/1945/1014
f 3519/1720/1015 3522/1723/1015 3566/1946/1015 3563/1912/1015
f 3504/1673/1016 3500/1667/1016 3544/1929/1016 3548/1947/1016
f 3469/1544/1017 3440/1543/1017 3398/1911/1017 3269/1935/1017
f 3466/1872/1018 3451/1871/1018 3356/1948/1018 3275/1930/1018
f 3501/1783/1019 3505/1778/1019 3549/1949/1019 3545/1933/1019
f 3522/1723/1020 3486/1806/1020 3530/1934/1020 3566/1946/1020
f 1396/1606/60 1403/1603/60 3443/1859/60 3436/1820/60
f 3557/1950/43 3558/1951/43 3559/1952/43 3556/1953/43
f 3563/1912/23 3566/1946/23 3567/1942/23 3562/1907/23
f 3561/1892/23 3564/1936/23 3565/1927/23 3560/1926/23
f 3260/1913/23 3563/1912/23 3562/1907/23 3263/1906/23
f 3256/1893/23 3561/1892/23 3560/1926/23 3259/1954/23
f 3551/1955/43 3554/1956/43 3555/1957/43 3550/1958/43
f 3549/1949/43 3552/1959/43 3553/1960/43 3548/1947/43
f 3547/1943/43 3551/1955/43 3550/1958/43 3546/1940/43
f 3545/1933/43 3549/1949/43 3548/1947/43 3544/1929/43
f 3543/1914/43 3547/1943/43 3546/1940/43 3542/1909/43
f 3541/1894/43 3545/1933/43 3544/1929/43 3540/1928/43
f 3539/1915/43 3543/1914/43 3542/1909/43 3538/1908/43
f 3537/1895/43 3541/1894/43 3540/1928/43 3536/1961/43
f 3535/1962/43 3539/1915/43 3538/1908/43 3534/1963/43
f 3533/1964/43 3537/1895/43 3536/1961/43 3532/1965/43
f 3527/1896/43 3535/1962/43 3534/1963/43 3526/1966/43
f 3525/1967/43 3533/1964/43 3532/1965/43 3524/1968/43
f 3566/1946/23 3530/1934/23 3531/1922/23 3567/1942/23
f 3564/1936/23 3528/1917/23 3529/1900/23 3565/1927/23
f 3530/1934/23 3255/1897/23 3252/1923/23 3531/1922/23
f 3528/1917/23 3247/1916/23 3244/1901/23 3529/1900/23
f 3255/1897/43 3527/1896/43 3526/1966/43 3252/1923/43
f 3247/1916/43 3525/1967/43 3524/1968/43 3244/1901/43
f 3424/1924/23 3260/1913/23 3263/1906/23 3427/1921/23
f 3420/1910/23 3256/1893/23 3259/1954/23 3423/1905/23
f 3264/1941/60 3391/1925/60 3388/1920/60 3267/1939/60
f 3269/1935/60 3398/1911/60 3397/1904/60 3270/1932/60
f 3272/1938/60 3375/1937/60 3372/1931/60 3275/1930/60
f 3276/1919/60 3383/1918/60 3380/1903/60 3279/1902/60
f 3280/1969/60 3359/1970/60 3356/1948/60 3283/1971/60
f 3288/1972/60 3367/1945/60 3364/1944/60 3291/1973/60
f 3344/1974/60 3280/1969/60 3283/1971/60 3347/1975/60
f 3348/1976/60 3288/1972/60 3291/1973/60 3351/1891/60
f 3359/1970/60 3272/1938/60 3275/1930/60 3356/1948/60
f 3367/1945/60 3276/1919/60 3279/1902/60 3364/1944/60
f 3375/1937/60 3264/1941/60 3267/1939/60 3372/1931/60
f 3383/1918/60 3269/1935/60 3270/1932/60 3380/1903/60
f 3391/1925/60 3424/1924/60 3427/1921/60 3388/1920/60
f 3398/1911/60 3420/1910/60 3423/1905/60 3397/1904/60
f 3339/1899/60 3348/1898/60 3351/1891/60 3336/1724/60
f 3347/1977/60 3332/1978/60 3335/1725/60 3344/1974/60
f 3558/1979/43 3555/1980/43 3554/1956/43 3559/1952/43
f 3552/1981/43 3557/1982/43 3556/1953/43 3553/1960/43
f 3463/1873/1021 3450/1867/1021 3359/1970/1021 3280/1969/1021
f 3482/1735/1022 3477/1734/1022 3252/1923/1022 3526/1966/1022
f 3496/1659/1023 3492/1653/1023 3536/1961/1023 3540/1928/1023
f 3516/1706/1024 3474/1705/1024 3259/1954/1024 3560/1926/1024
f 3454/1882/1025 3459/1883/1025 3332/1978/1025 3347/1977/1025
f 3478/1814/1026 3481/1815/1026 3525/1967/1026 3247/1916/1026
f 3458/1881/1027 3455/1874/1027 3344/1974/1027 3335/1725/1027
f 3451/1871/1028 3462/1880/1028 3283/1971/1028 3356/1948/1028
f 3480/1625/1029 3479/1623/1029 3244/1901/1029 3524/1968/1029
f 3491/1795/1030 3495/1791/1030 3539/1915/1030 3535/1962/1030
f 3507/1768/1031 3510/1758/1031 3554/1956/1031 3551/1955/1031
f 3514/1757/1032 3511/1756/1032 3555/1980/1032 3558/1979/1032
f 3494/1794/1033 3490/1798/1033 3534/1963/1033 3538/1908/1033
f 3510/1758/1034 3515/1755/1034 3559/1952/1034 3554/1956/1034
f 3461/1863/1035 3448/1862/1035 3367/1945/1035 3288/1972/1035
f 3437/1816/1036 3473/1730/1036 3260/1913/1036 3424/1924/1036
f 3511/1772/1037 3506/1771/1037 3550/1958/1037 3555/1957/1037
f 3508/1689/1038 3513/1688/1038 3557/1982/1038 3552/1981/1038
f 3472/1821/1039 3436/1820/1039 3427/1921/1039 3263/1906/1039
f 3489/1807/1040 3493/1797/1040 3537/1895/1040 3533/1964/1040
f 3512/1754/1041 3509/1680/1041 3553/1960/1041 3556/1953/1041
f 3449/1554/1042 3460/1553/1042 3291/1973/1042 3364/1944/1042
f 3492/1653/1043 3488/1646/1043 3532/1965/1043 3536/1961/1043
f 3505/1778/1044 3508/1779/1044 3552/1959/1044 3549/1949/1044
f 3457/1556/1045 3458/1881/1045 3335/1725/1045 3336/1724/1045
f 3439/1822/1046 3475/1732/1046 3256/1893/1046 3420/1910/1046
f 3455/1874/1047 3463/1873/1047 3280/1969/1047 3344/1974/1047
f 3474/1705/1048 3438/1615/1048 3423/1905/1048 3259/1954/1048
f 3483/1799/1049 3491/1795/1049 3535/1962/1049 3527/1896/1049
f 3509/1680/1050 3504/1673/1050 3548/1947/1050 3553/1960/1050
f 3459/1886/1051 3456/1887/1051 3339/1727/1051 3332/1726/1051
f 3462/1880/1052 3454/1879/1052 3347/1975/1052 3283/1971/1052
f 3490/1798/1053 3482/1735/1053 3526/1966/1053 3534/1963/1053
f 3471/1854/1054 3442/1817/1054 3391/1925/1054 3264/1941/1054
f 3503/1776/1055 3507/1768/1055 3551/1955/1055 3547/1943/1055
f 3513/1760/1056 3514/1759/1056 3558/1951/1056 3557/1950/1056
f 3453/1888/1057 3461/1863/1057 3288/1972/1057 3348/1976/1057
f 3481/1815/1058 3489/1807/1058 3533/1964/1058 3525/1967/1058
f 3506/1771/1059 3502/1780/1059 3546/1940/1059 3550/1958/1059
f 3460/1553/1060 3452/1557/1060 3351/1891/1060 3291/1973/1060
f 3443/1859/1061 3470/1858/1061 3267/1939/1061 3388/1920/1061
f 3488/1646/1062 3480/1625/1062 3524/1968/1062 3532/1965/1062
f 3515/1755/1063 3512/1754/1063 3556/1953/1063 3559/1952/1063
f 3450/1867/1064 3467/1866/1064 3272/1938/1064 3359/1970/1064
f 3598/1983/1065 3604/1984/1065 3575/1985/1065 3569/1986/1065
f 3612/1987/1066 3618/1988/1066 3605/1989/1066 3597/1990/1066
f 3617/1991/23 3589/1992/23 3576/1993/23 3603/1994/23
f 3570/1995/1067 3577/1996/1067 3591/1997/1067 3583/1998/1067
f 3584/1999/1068 3590/2000/1068 3619/2001/1068 3611/2002/1068
f 3568/2003/1069 3571/2004/1069 3572/2005/1069 3574/2006/1069
f 3569/1986/1070 3573/2007/1070 3572/2008/1070 3571/2009/1070
f 3570/1995/1071 3574/2010/1071 3572/2011/1071 3573/2012/1071
f 3575/1985/1072 3578/2013/1072 3579/2014/1072 3581/2015/1072
f 3576/1993/1073 3580/2016/1073 3579/2017/1073 3578/2018/1073
f 3577/1996/1074 3581/2019/1074 3579/2020/1074 3580/2021/1074
f 3582/2022/1075 3585/2023/1075 3586/2024/1075 3588/2025/1075
f 3583/1998/1076 3587/2026/1076 3586/2027/1076 3585/2028/1076
f 3584/1999/1077 3588/2029/1077 3586/2030/1077 3587/2026/1077
f 3589/1992/1078 3592/2031/1078 3593/2032/1078 3595/2033/1078
f 3590/2000/1079 3594/2034/1079 3593/2035/1079 3592/2036/1079
f 3591/1997/1080 3595/2037/1080 3593/2038/1080 3594/2034/1080
f 3596/2039/1081 3599/2040/1081 3600/2041/1081 3602/2042/1081
f 3597/1990/1082 3601/2043/1082 3600/2041/1082 3599/2040/1082
f 3598/1983/1083 3602/2044/1083 3600/2041/1083 3601/2043/1083
f 3603/1994/1084 3606/2045/1084 3607/2046/1084 3609/2047/1084
f 3604/1984/1085 3608/2048/1085 3607/2046/1085 3606/2049/1085
f 3605/1989/1086 3609/2047/1086 3607/2046/1086 3608/2048/1086
f 3610/2050/1087 3613/2051/1087 3614/2052/1087 3616/2053/1087
f 3611/2002/1088 3615/2054/1088 3614/2052/1088 3613/2055/1088
f 3612/1987/1089 3616/2053/1089 3614/2052/1089 3615/2054/1089
f 3617/1991/1090 3620/2056/1090 3621/2057/1090 3623/2058/1090
f 3618/1988/1091 3622/2059/1091 3621/2057/1091 3620/2056/1091
f 3619/2001/1092 3623/2060/1092 3621/2057/1092 3622/2059/1092
f 3582/2022/1093 3568/2003/1093 3574/2006/1093 3585/2023/1093
f 3585/2028/1094 3574/2010/1094 3570/1995/1094 3583/1998/1094
f 3569/1986/1095 3575/1985/1095 3581/2015/1095 3573/2007/1095
f 3573/2012/1096 3581/2019/1096 3577/1996/1096 3570/1995/1096
f 3576/1993/1097 3589/1992/1097 3595/2033/1097 3580/2016/1097
f 3580/2021/1098 3595/2037/1098 3591/1997/1098 3577/1996/1098
f 3590/2000/1099 3584/1999/1099 3587/2026/1099 3594/2034/1099
f 3594/2034/1100 3587/2026/1100 3583/1998/1100 3591/1997/1100
f 3610/2050/1101 3582/2022/1101 3588/2025/1101 3613/2051/1101
f 3613/2055/1102 3588/2029/1102 3584/1999/1102 3611/2002/1102
f 3589/1992/1103 3617/1991/1103 3623/2058/1103 3592/2031/1103
f 3592/2036/1104 3623/2060/1104 3619/2001/1104 3590/2000/1104
f 3618/1988/1105 3612/1987/1105 3615/2054/1105 3622/2059/1105
f 3622/2059/1106 3615/2054/1106 3611/2002/1106 3619/2001/1106
f 3596/2039/1107 3610/2050/1107 3616/2053/1107 3599/2040/1107
f 3599/2040/1108 3616/2053/1108 3612/1987/1108 3597/1990/1108
f 3617/1991/1109 3603/1994/1109 3609/2047/1109 3620/2056/1109
f 3620/2056/1110 3609/2047/1110 3605/1989/1110 3618/1988/1110
f 3604/1984/1111 3598/1983/1111 3601/2043/1111 3608/2048/1111
f 3608/2048/1112 3601/2043/1112 3597/1990/1112 3605/1989/1112
f 3568/2003/1113 3596/2039/1113 3602/2042/1113 3571/2004/1113
f 3571/2009/1114 3602/2044/1114 3598/1983/1114 3569/1986/1114
f 3603/1994/1115 3576/1993/1115 3578/2018/1115 3606/2045/1115
f 3606/2049/1116 3578/2013/1116 3575/1985/1116 3604/1984/1116
f 3582/2022/95 3610/2050/95 3596/2039/95 3568/2003/95
s 1
f 1492/2061/1117 1504/2062/1118 1505/2063/1119 1493/2064/1120
f 1493/2064/1120 1505/2063/1119 1506/2065/1121 1494/2066/1122
f 1494/2066/1122 1506/2065/1121 1507/2067/1123 1495/2068/1124
f 1495/2068/1124 1507/2067/1123 1508/2069/1125 1496/2070/1126
f 1496/2070/1126 1508/2069/1125 1509/2071/1127 1497/2072/1128
f 1497/2072/1128 1509/2071/1127 1510/2073/1129 1498/2074/1130
f 1498/2075/1130 1510/2076/1129 1511/2077/1131 1499/2078/1132
f 1499/2078/1132 1511/2077/1131 1512/2079/1133 1500/2080/1134
f 1500/2080/1134 1512/2079/1133 1513/2081/1135 1501/2082/1136
f 1501/2082/1136 1513/2081/1135 1514/2083/1137 1502/2084/1138
f 1502/2084/1138 1514/2083/1137 1515/2085/1139 1503/2086/1140
f 1503/2086/1140 1515/2085/1139 1504/2062/1118 1492/2061/1117
f 1504/2062/1118 1516/2087/1141 1517/2088/1142 1505/2063/1119
f 1505/2063/1119 1517/2088/1142 1518/2089/1143 1506/2065/1121
f 1506/2065/1121 1518/2089/1143 1519/2090/1144 1507/2067/1123
f 1507/2067/1123 1519/2090/1144 1520/2091/1145 1508/2069/1125
f 1508/2069/1125 1520/2091/1145 1521/2092/1146 1509/2071/1127
f 1509/2071/1127 1521/2092/1146 1522/2093/1147 1510/2073/1129
f 1510/2076/1129 1522/2094/1147 1523/2095/1148 1511/2077/1131
f 1511/2077/1131 1523/2095/1148 1524/2096/1149 1512/2079/1133
f 1512/2079/1133 1524/2096/1149 1525/2097/1150 1513/2081/1135
f 1513/2081/1135 1525/2097/1150 1526/2098/1151 1514/2083/1137
f 1514/2083/1137 1526/2098/1151 1527/2099/1152 1515/2085/1139
f 1515/2085/1139 1527/2099/1152 1516/2087/1141 1504/2062/1118
f 1516/2087/1141 1528/2100/1153 1529/2101/1154 1517/2088/1142
f 1517/2088/1142 1529/2101/1154 1530/2102/1155 1518/2089/1143
f 1518/2089/1143 1530/2102/1155 1531/2103/1156 1519/2090/1144
f 1519/2090/1144 1531/2103/1156 1532/2104/1157 1520/2091/1145
f 1520/2091/1145 1532/2104/1157 1533/2105/1158 1521/2092/1146
f 1521/2092/1146 1533/2105/1158 1534/2106/1159 1522/2093/1147
f 1522/2094/1147 1534/2107/1159 1535/2108/1160 1523/2095/1148
f 1523/2095/1148 1535/2108/1160 1536/2109/1161 1524/2096/1149
f 1524/2096/1149 1536/2109/1161 1537/2110/1162 1525/2097/1150
f 1525/2097/1150 1537/2110/1162 1538/2111/1163 1526/2098/1151
f 1526/2098/1151 1538/2111/1163 1539/2112/1164 1527/2099/1152
f 1527/2099/1152 1539/2112/1164 1528/2100/1153 1516/2087/1141
f 1528/2100/1153 1540/2113/1165 1541/2114/1166 1529/2101/1154
f 1529/2101/1154 1541/2114/1166 1542/2115/1167 1530/2102/1155
f 1530/2102/1155 1542/2115/1167 1543/2116/1168 1531/2103/1156
f 1531/2103/1156 1543/2116/1168 1544/2117/1169 1532/2104/1157
f 1532/2104/1157 1544/2117/1169 1545/2118/1170 1533/2105/1158
f 1533/2105/1158 1545/2118/1170 1546/2119/1171 1534/2106/1159
f 1534/2107/1159 1546/2120/1171 1547/2121/1172 1535/2108/1160
f 1535/2108/1160 1547/2121/1172 1548/2122/1173 1536/2109/1161
f 1536/2109/1161 1548/2122/1173 1549/2123/1174 1537/2110/1162
f 1537/2110/1162 1549/2123/1174 1550/2124/1175 1538/2111/1163
f 1538/2111/1163 1550/2124/1175 1551/2125/1176 1539/2112/1164
f 1539/2112/1164 1551/2125/1176 1540/2113/1165 1528/2100/1153
f 1540/2113/1165 1552/2126/1177 1553/2127/1178 1541/2114/1166
f 1541/2114/1166 1553/2127/1178 1554/2128/1179 1542/2115/1167
f 1542/2115/1167 1554/2128/1179 1555/2129/1180 1543/2116/1168
f 1543/2116/1168 1555/2129/1180 1556/2130/1181 1544/2117/1169
f 1544/2117/1169 1556/2130/1181 1557/2131/1182 1545/2118/1170
f 1545/2118/1170 1557/2131/1182 1558/2132/1183 1546/2119/1171
f 1546/2120/1171 1558/2133/1183 1559/2134/1184 1547/2121/1172
f 1547/2121/1172 1559/2134/1184 1560/2135/1185 1548/2122/1173
f 1548/2122/1173 1560/2135/1185 1561/2136/1186 1549/2123/1174
f 1549/2123/1174 1561/2136/1186 1562/2137/1187 1550/2124/1175
f 1550/2124/1175 1562/2137/1187 1563/2138/1188 1551/2125/1176
f 1551/2125/1176 1563/2138/1188 1552/2126/1177 1540/2113/1165
f 1552/2126/1177 1564/2139/23 1565/2140/1189 1553/2127/1178
f 1553/2127/1178 1565/2140/1189 1566/2141/1190 1554/2128/1179
f 1554/2128/1179 1566/2141/1190 1567/2142/1191 1555/2129/1180
f 1555/2129/1180 1567/2142/1191 1568/2143/1192 1556/2130/1181
f 1556/2130/1181 1568/2143/1192 1569/2144/1193 1557/2131/1182
f 1557/2131/1182 1569/2144/1193 1570/2145/95 1558/2132/1183
f 1558/2133/1183 1570/2146/95 1571/2147/1194 1559/2134/1184
f 1559/2134/1184 1571/2147/1194 1572/2148/1195 1560/2135/1185
f 1560/2135/1185 1572/2148/1195 1573/2149/1196 1561/2136/1186
f 1561/2136/1186 1573/2149/1196 1574/2150/1197 1562/2137/1187
f 1562/2137/1187 1574/2150/1197 1575/2151/1198 1563/2138/1188
f 1563/2138/1188 1575/2151/1198 1564/2139/23 1552/2126/1177
f 1564/2139/23 1576/2152/1199 1577/2153/1200 1565/2140/1189
f 1565/2140/1189 1577/2153/1200 1578/2154/1201 1566/2141/1190
f 1566/2141/1190 1578/2154/1201 1579/2155/1202 1567/2142/1191
f 1567/2142/1191 1579/2155/1202 1580/2156/1203 1568/2143/1192
f 1568/2143/1192 1580/2156/1203 1581/2157/1204 1569/2144/1193
f 1569/2144/1193 1581/2157/1204 1582/2158/1205 1570/2145/95
f 1570/2146/95 1582/2159/1205 1583/2160/1206 1571/2147/1194
f 1571/2147/1194 1583/2160/1206 1584/2161/1207 1572/2148/1195
f 1572/2148/1195 1584/2161/1207 1585/2162/1208 1573/2149/1196
f 1573/2149/1196 1585/2162/1208 1586/2163/1209 1574/2150/1197
f 1574/2150/1197 1586/2163/1209 1587/2164/1210 1575/2151/1198
f 1575/2151/1198 1587/2164/1210 1576/2152/1199 1564/2139/23
f 1576/2152/1199 1588/2165/1211 1589/2166/1212 1577/2153/1200
f 1577/2153/1200 1589/2166/1212 1590/2167/1213 1578/2154/1201
f 1578/2154/1201 1590/2167/1213 1591/2168/1214 1579/2155/1202
f 1579/2155/1202 1591/2168/1214 1592/2169/1215 1580/2156/1203
f 1580/2156/1203 1592/2169/1215 1593/2170/1216 1581/2157/1204
f 1581/2157/1204 1593/2170/1216 1594/2171/1217 1582/2158/1205
f 1582/2159/1205 1594/2172/1217 1595/2173/1218 1583/2160/1206
f 1583/2160/1206 1595/2173/1218 1596/2174/1219 1584/2161/1207
f 1584/2161/1207 1596/2174/1219 1597/2175/1220 1585/2162/1208
f 1585/2162/1208 1597/2175/1220 1598/2176/1221 1586/2163/1209
f 1586/2163/1209 1598/2176/1221 1599/2177/1222 1587/2164/1210
f 1587/2164/1210 1599/2177/1222 1588/2165/1211 1576/2152/1199
f 1588/2165/1211 1600/2178/1223 1601/2179/1224 1589/2166/1212
f 1589/2166/1212 1601/2179/1224 1602/2180/1225 1590/2167/1213
f 1590/2167/1213 1602/2180/1225 1603/2181/1226 1591/2168/1214
f 1591/2168/1214 1603/2181/1226 1604/2182/1227 1592/2169/1215
f 1592/2169/1215 1604/2182/1227 1605/2183/1228 1593/2170/1216
f 1593/2170/1216 1605/2183/1228 1606/2184/1229 1594/2171/1217
f 1594/2172/1217 1606/2185/1229 1607/2186/1230 1595/2173/1218
f 1595/2173/1218 1607/2186/1230 1608/2187/1231 1596/2174/1219
f 1596/2174/1219 1608/2187/1231 1609/2188/1232 1597/2175/1220
f 1597/2175/1220 1609/2188/1232 1610/2189/1233 1598/2176/1221
f 1598/2176/1221 1610/2189/1233 1611/2190/1234 1599/2177/1222
f 1599/2177/1222 1611/2190/1234 1600/2178/1223 1588/2165/1211
f 1600/2178/1223 1612/2191/1235 1613/2192/1236 1601/2179/1224
f 1601/2179/1224 1613/2192/1236 1614/2193/1237 1602/2180/1225
f 1602/2180/1225 1614/2193/1237 1615/2194/1238 1603/2181/1226
f 1603/2181/1226 1615/2194/1238 1616/2195/1239 1604/2182/1227
f 1604/2182/1227 1616/2195/1239 1617/2196/1240 1605/2183/1228
f 1605/2183/1228 1617/2196/1240 1618/2197/1241 1606/2184/1229
f 1606/2185/1229 1618/2198/1241 1619/2199/1242 1607/2186/1230
f 1607/2186/1230 1619/2199/1242 1620/2200/1243 1608/2187/1231
f 1608/2187/1231 1620/2200/1243 1621/2201/1244 1609/2188/1232
f 1609/2188/1232 1621/2201/1244 1622/2202/1245 1610/2189/1233
f 1610/2189/1233 1622/2202/1245 1623/2203/1246 1611/2190/1234
f 1611/2190/1234 1623/2203/1246 1612/2191/1235 1600/2178/1223
f 1612/2191/1235 1624/2204/1247 1625/2205/1248 1613/2192/1236
f 1613/2192/1236 1625/2205/1248 1626/2206/1249 1614/2193/1237
f 1614/2193/1237 1626/2206/1249 1627/2207/1250 1615/2194/1238
f 1615/2194/1238 1627/2207/1250 1628/2208/1251 1616/2195/1239
f 1616/2195/1239 1628/2208/1251 1629/2209/1252 1617/2196/1240
f 1617/2196/1240 1629/2209/1252 1630/2210/1253 1618/2197/1241
f 1618/2198/1241 1630/2211/1253 1631/2212/1254 1619/2199/1242
f 1619/2199/1242 1631/2212/1254 1632/2213/1255 1620/2200/1243
f 1620/2200/1243 1632/2213/1255 1633/2214/1256 1621/2201/1244
f 1621/2201/1244 1633/2214/1256 1634/2215/1257 1622/2202/1245
f 1622/2202/1245 1634/2215/1257 1635/2216/1258 1623/2203/1246
f 1623/2203/1246 1635/2216/1258 1624/2204/1247 1612/2191/1235
f 1624/2204/1247 1636/2217/1259 1637/2218/1260 1625/2205/1248
f 1625/2205/1248 1637/2218/1260 1638/2219/1261 1626/2206/1249
f 1626/2206/1249 1638/2219/1261 1639/2220/1262 1627/2207/1250
f 1627/2207/1250 1639/2220/1262 1640/2221/1263 1628/2208/1251
f 1628/2208/1251 1640/2221/1263 1641/2222/1264 1629/2209/1252
f 1629/2209/1252 1641/2222/1264 1642/2223/1265 1630/2210/1253
f 1630/2211/1253 1642/2224/1265 1643/2225/1266 1631/2212/1254
f 1631/2212/1254 1643/2225/1266 1644/2226/1267 1632/2213/1255
f 1632/2213/1255 1644/2226/1267 1645/2227/1268 1633/2214/1256
f 1633/2214/1256 1645/2227/1268 1646/2228/1269 1634/2215/1257
f 1634/2215/1257 1646/2228/1269 1647/2229/1270 1635/2216/1258
f 1635/2216/1258 1647/2229/1270 1636/2217/1259 1624/2204/1247
f 1636/2230/1259 1648/2231/1271 1649/2232/1272 1637/2233/1260
f 1637/2233/1260 1649/2232/1272 1650/2234/1273 1638/2235/1261
f 1638/2235/1261 1650/2234/1273 1651/2236/1274 1639/2237/1262
f 1639/2237/1262 1651/2236/1274 1652/2238/1275 1640/2239/1263
f 1640/2239/1263 1652/2238/1275 1653/2240/1276 1641/2241/1264
f 1641/2241/1264 1653/2240/1276 1654/2242/1277 1642/2243/1265
f 1642/2244/1265 1654/2245/1277 1655/2246/1278 1643/2247/1266
f 1643/2247/1266 1655/2246/1278 1656/2248/1279 1644/2249/1267
f 1644/2249/1267 1656/2248/1279 1657/2250/1280 1645/2251/1268
f 1645/2251/1268 1657/2250/1280 1658/2252/1281 1646/2253/1269
f 1646/2253/1269 1658/2252/1281 1659/2254/1282 1647/2255/1270
f 1647/2255/1270 1659/2254/1282 1648/2231/1271 1636/2230/1259
f 1648/2231/1271 1660/2256/1147 1661/2257/1283 1649/2232/1272
f 1649/2232/1272 1661/2257/1283 1662/2258/1284 1650/2234/1273
f 1650/2234/1273 1662/2258/1284 1663/2259/1285 1651/2236/1274
f 1651/2236/1274 1663/2259/1285 1664/2260/1286 1652/2238/1275
f 1652/2238/1275 1664/2260/1286 1665/2261/1287 1653/2240/1276
f 1653/2240/1276 1665/2261/1287 1666/2262/1141 1654/2242/1277
f 1654/2245/1277 1666/2263/1141 1667/2264/1288 1655/2246/1278
f 1655/2246/1278 1667/2264/1288 1668/2265/1289 1656/2248/1279
f 1656/2248/1279 1668/2265/1289 1669/2266/1290 1657/2250/1280
f 1657/2250/1280 1669/2266/1290 1670/2267/1291 1658/2252/1281
f 1658/2252/1281 1670/2267/1291 1671/2268/1292 1659/2254/1282
f 1659/2254/1282 1671/2268/1292 1660/2256/1147 1648/2231/1271
f 1660/2256/1147 1672/2269/1159 1673/2270/1293 1661/2257/1283
f 1661/2257/1283 1673/2270/1293 1674/2271/1294 1662/2258/1284
f 1662/2258/1284 1674/2271/1294 1675/2272/1295 1663/2259/1285
f 1663/2259/1285 1675/2272/1295 1676/2273/1296 1664/2260/1286
f 1664/2260/1286 1676/2273/1296 1677/2274/1297 1665/2261/1287
f 1665/2261/1287 1677/2274/1297 1678/2275/1153 1666/2262/1141
f 1666/2263/1141 1678/2276/1153 1679/2277/1298 1667/2264/1288
f 1667/2264/1288 1679/2277/1298 1680/2278/1299 1668/2265/1289
f 1668/2265/1289 1680/2278/1299 1681/2279/1300 1669/2266/1290
f 1669/2266/1290 1681/2279/1300 1682/2280/1301 1670/2267/1291
f 1670/2267/1291 1682/2280/1301 1683/2281/1302 1671/2268/1292
f 1671/2268/1292 1683/2281/1302 1672/2269/1159 1660/2256/1147
f 1672/2269/1159 1684/2282/1171 1685/2283/1303 1673/2270/1293
f 1673/2270/1293 1685/2283/1303 1686/2284/1304 1674/2271/1294
f 1674/2271/1294 1686/2284/1304 1687/2285/1305 1675/2272/1295
f 1675/2272/1295 1687/2285/1305 1688/2286/1306 1676/2273/1296
f 1676/2273/1296 1688/2286/1306 1689/2287/1307 1677/2274/1297
f 1677/2274/1297 1689/2287/1307 1690/2288/1165 1678/2275/1153
f 1678/2276/1153 1690/2289/1165 1691/2290/1308 1679/2277/1298
f 1679/2277/1298 1691/2290/1308 1692/2291/1309 1680/2278/1299
f 1680/2278/1299 1692/2291/1309 1693/2292/1310 1681/2279/1300
f 1681/2279/1300 1693/2292/1310 1694/2293/1311 1682/2280/1301
f 1682/2280/1301 1694/2293/1311 1695/2294/1312 1683/2281/1302
f 1683/2281/1302 1695/2294/1312 1684/2282/1171 1672/2269/1159
f 1684/2282/1171 1696/2295/1183 1697/2296/1313 1685/2283/1303
f 1685/2283/1303 1697/2296/1313 1698/2297/1314 1686/2284/1304
f 1686/2284/1304 1698/2297/1314 1699/2298/1315 1687/2285/1305
f 1687/2285/1305 1699/2298/1315 1700/2299/1316 1688/2286/1306
f 1688/2286/1306 1700/2299/1316 1701/2300/1317 1689/2287/1307
f 1689/2287/1307 1701/2300/1317 1702/2301/1177 1690/2288/1165
f 1690/2289/1165 1702/2302/1177 1703/2303/1318 1691/2290/1308
f 1691/2290/1308 1703/2303/1318 1704/2304/1319 1692/2291/1309
f 1692/2291/1309 1704/2304/1319 1705/2305/1320 1693/2292/1310
f 1693/2292/1310 1705/2305/1320 1706/2306/1321 1694/2293/1311
f 1694/2293/1311 1706/2306/1321 1707/2307/1322 1695/2294/1312
f 1695/2294/1312 1707/2307/1322 1696/2295/1183 1684/2282/1171
f 1696/2295/1183 1708/2308/95 1709/2309/1323 1697/2296/1313
f 1697/2296/1313 1709/2309/1323 1710/2310/1324 1698/2297/1314
f 1698/2297/1314 1710/2310/1324 1711/2311/1325 1699/2298/1315
f 1699/2298/1315 1711/2311/1325 1712/2312/1326 1700/2299/1316
f 1700/2299/1316 1712/2312/1326 1713/2313/1327 1701/2300/1317
f 1701/2300/1317 1713/2313/1327 1714/2314/23 1702/2301/1177
f 1702/2302/1177 1714/2315/23 1715/2316/1328 1703/2303/1318
f 1703/2303/1318 1715/2316/1328 1716/2317/1329 1704/2304/1319
f 1704/2304/1319 1716/2317/1329 1717/2318/1330 1705/2305/1320
f 1705/2305/1320 1717/2318/1330 1718/2319/1331 1706/2306/1321
f 1706/2306/1321 1718/2319/1331 1719/2320/1332 1707/2307/1322
f 1707/2307/1322 1719/2320/1332 1708/2308/95 1696/2295/1183
f 1708/2308/95 1720/2321/1205 1721/2322/1333 1709/2309/1323
f 1709/2309/1323 1721/2322/1333 1722/2323/1334 1710/2310/1324
f 1710/2310/1324 1722/2323/1334 1723/2324/1335 1711/2311/1325
f 1711/2311/1325 1723/2324/1335 1724/2325/1336 1712/2312/1326
f 1712/2312/1326 1724/2325/1336 1725/2326/1337 1713/2313/1327
f 1713/2313/1327 1725/2326/1337 1726/2327/1199 1714/2314/23
f 1714/2315/23 1726/2328/1199 1727/2329/1338 1715/2316/1328
f 1715/2316/1328 1727/2329/1338 1728/2330/1339 1716/2317/1329
f 1716/2317/1329 1728/2330/1339 1729/2331/1340 1717/2318/1330
f 1717/2318/1330 1729/2331/1340 1730/2332/1341 1718/2319/1331
f 1718/2319/1331 1730/2332/1341 1731/2333/1342 1719/2320/1332
f 1719/2320/1332 1731/2333/1342 1720/2321/1205 1708/2308/95
f 1720/2321/1205 1732/2334/1217 1733/2335/1343 1721/2322/1333
f 1721/2322/1333 1733/2335/1343 1734/2336/1344 1722/2323/1334
f 1722/2323/1334 1734/2336/1344 1735/2337/1345 1723/2324/1335
f 1723/2324/1335 1735/2337/1345 1736/2338/1346 1724/2325/1336
f 1724/2325/1336 1736/2338/1346 1737/2339/1347 1725/2326/1337
f 1725/2326/1337 1737/2339/1347 1738/2340/1211 1726/2327/1199
f 1726/2328/1199 1738/2341/1211 1739/2342/1348 1727/2329/1338
f 1727/2329/1338 1739/2342/1348 1740/2343/1349 1728/2330/1339
f 1728/2330/1339 1740/2343/1349 1741/2344/1350 1729/2331/1340
f 1729/2331/1340 1741/2344/1350 1742/2345/1351 1730/2332/1341
f 1730/2332/1341 1742/2345/1351 1743/2346/1352 1731/2333/1342
f 1731/2333/1342 1743/2346/1352 1732/2334/1217 1720/2321/1205
f 1732/2334/1217 1744/2347/1229 1745/2348/1353 1733/2335/1343
f 1733/2335/1343 1745/2348/1353 1746/2349/1354 1734/2336/1344
f 1734/2336/1344 1746/2349/1354 1747/2350/1355 1735/2337/1345
f 1735/2337/1345 1747/2350/1355 1748/2351/1356 1736/2338/1346
f 1736/2338/1346 1748/2351/1356 1749/2352/1357 1737/2339/1347
f 1737/2339/1347 1749/2352/1357 1750/2353/1223 1738/2340/1211
f 1738/2341/1211 1750/2354/1223 1751/2355/1358 1739/2342/1348
f 1739/2342/1348 1751/2355/1358 1752/2356/1359 1740/2343/1349
f 1740/2343/1349 1752/2356/1359 1753/2357/1360 1741/2344/1350
f 1741/2344/1350 1753/2357/1360 1754/2358/1361 1742/2345/1351
f 1742/2345/1351 1754/2358/1361 1755/2359/1362 1743/2346/1352
f 1743/2346/1352 1755/2359/1362 1744/2347/1229 1732/2334/1217
f 1744/2347/1229 1756/2360/1241 1757/2361/1363 1745/2348/1353
f 1745/2348/1353 1757/2361/1363 1758/2362/1364 1746/2349/1354
f 1746/2349/1354 1758/2362/1364 1759/2363/1365 1747/2350/1355
f 1747/2350/1355 1759/2363/1365 1760/2364/1366 1748/2351/1356
f 1748/2351/1356 1760/2364/1366 1761/2365/1367 1749/2352/1357
f 1749/2352/1357 1761/2365/1367 1762/2366/1235 1750/2353/1223
f 1750/2354/1223 1762/2367/1235 1763/2368/1368 1751/2355/1358
f 1751/2355/1358 1763/2368/1368 1764/2369/1369 1752/2356/1359
f 1752/2356/1359 1764/2369/1369 1765/2370/1370 1753/2357/1360
f 1753/2357/1360 1765/2370/1370 1766/2371/1371 1754/2358/1361
f 1754/2358/1361 1766/2371/1371 1767/2372/1372 1755/2359/1362
f 1755/2359/1362 1767/2372/1372 1756/2360/1241 1744/2347/1229
f 1756/2360/1241 1768/2373/1373 1769/2374/1374 1757/2361/1363
f 1757/2361/1363 1769/2374/1374 1770/2375/1375 1758/2362/1364
f 1758/2362/1364 1770/2375/1375 1771/2376/1376 1759/2363/1365
f 1759/2363/1365 1771/2376/1376 1772/2377/1377 1760/2364/1366
f 1760/2364/1366 1772/2377/1377 1773/2378/1378 1761/2365/1367
f 1761/2365/1367 1773/2378/1378 1774/2379/1379 1762/2366/1235
f 1762/2367/1235 1774/2380/1379 1775/2381/1380 1763/2368/1368
f 1763/2368/1368 1775/2381/1380 1776/2382/1381 1764/2369/1369
f 1764/2369/1369 1776/2382/1381 1777/2383/1382 1765/2370/1370
f 1765/2370/1370 1777/2383/1382 1778/2384/1383 1766/2371/1371
f 1766/2371/1371 1778/2384/1383 1779/2385/1384 1767/2372/1372
f 1767/2372/1372 1779/2385/1384 1768/2373/1373 1756/2360/1241
f 1768/2373/1373 1492/2061/1117 1493/2064/1120 1769/2374/1374
f 1769/2374/1374 1493/2064/1120 1494/2066/1122 1770/2375/1375
f 1770/2375/1375 1494/2066/1122 1495/2068/1124 1771/2376/1376
f 1771/2376/1376 1495/2068/1124 1496/2070/1126 1772/2377/1377
f 1772/2377/1377 1496/2070/1126 1497/2072/1128 1773/2378/1378
f 1773/2378/1378 1497/2072/1128 1498/2074/1130 1774/2379/1379
f 1774/2380/1379 1498/2075/1130 1499/2078/1132 1775/2381/1380
f 1775/2381/1380 1499/2078/1132 1500/2080/1134 1776/2382/1381
f 1776/2382/1381 1500/2080/1134 1501/2082/1136 1777/2383/1382
f 1777/2383/1382 1501/2082/1136 1502/2084/1138 1778/2384/1383
f 1778/2384/1383 1502/2084/1138 1503/2086/1140 1779/2385/1384
f 1779/2385/1384 1503/2086/1140 1492/2061/1117 1768/2373/1373
f 2358/2386/1385 1800/2387/1386 1798/2388/1387 2364/2389/1388
f 2209/2390/1229 2210/2391/1389 2141/2392/1390 2080/2393/1391
f 2350/2394/1223 1804/2395/1392 1802/2396/1393 2344/2397/1394
f 1808/2398/1395 1810/2399/1396 1793/2400/1397 1794/2401/1398
f 2228/2402/1388 2227/2403/1385 2134/2404/1399 2137/2405/1400
f 2340/2406/1401 1808/2407/1395 1806/2408/1402 2361/2409/1403
f 1836/2410/1404 1838/2411/1405 2068/2412/1406 1780/2413/1407
f 2238/2414/1408 2239/2415/1409 2170/2416/1410 2168/2417/1411
f 2360/2418/946 1812/2419/1412 1810/2420/1396 2348/2421/1413
f 2010/2422/1414 2012/2423/1415 2077/2424/1416 2076/2425/1417
f 2236/2426/1153 2237/2427/1418 2164/2428/1419 2162/2429/1420
f 2235/2430/1421 2236/2431/1153 2162/2432/1420 2159/2433/1422
f 1820/2434/1423 1822/2435/1424 1787/2436/1425 1788/2437/1426
f 2222/2438/1427 2221/2439/946 2117/2440/1428 2119/2441/1429
f 1832/2442/1430 1834/2443/1431 1781/2444/1432 1782/2445/1433
f 2356/2446/1434 1818/2447/1435 1816/2448/1436 2347/2449/1437
f 2224/2450/1403 2223/2451/1401 2122/2452/1438 2125/2453/1439
f 1798/2388/1387 1800/2387/1386 2018/2454/1440 2019/2455/1441
f 2337/2456/1159 1820/2457/1423 1818/2458/1435 2356/2459/1434
f 2211/2460/1442 2208/2461/1443 2083/2462/1444 2087/2463/1445
f 1842/2464/1446 1844/2465/1447 2071/2466/1448 2070/2467/1449
f 2346/2468/1450 1822/2435/1424 1820/2434/1423 2337/2469/1159
f 2210/2470/1389 2230/2471/1451 2144/2472/1452 2141/2473/1390
f 2347/2474/1437 1816/2475/1436 1814/2476/1453 2338/2477/1454
f 1802/2396/1393 1804/2395/1392 1796/2478/1455 1797/2479/1456
f 1838/2480/1405 1840/2481/1457 2069/2482/1458 2068/2483/1406
f 2365/2484/1459 1826/2485/1460 1824/2486/1461 2355/2487/1462
f 2233/2488/1463 2234/2489/1464 2155/2490/1465 2152/2491/1466
f 2012/2492/1415 2014/2493/1467 2078/2494/1468 2077/2495/1416
f 2345/2496/95 1828/2497/1469 1826/2498/1460 2365/2499/1459
f 2229/2500/23 2228/2501/1388 2137/2502/1400 2173/2503/1470
f 2014/2504/1467 2016/2505/1471 2079/2506/1472 2078/2507/1468
f 2352/2508/1473 1830/2509/1474 1828/2510/1469 2345/2511/95
f 2214/2512/1459 2213/2513/95 2092/2514/1475 2096/2515/1476
f 2355/2516/1462 1824/2517/1461 1822/2518/1424 2346/2519/1450
f 1806/2408/1402 1808/2407/1395 1794/2520/1398 1795/2521/1477
f 2215/2522/1462 2214/2523/1459 2096/2524/1476 2099/2525/1478
f 1848/2526/1479 1850/2527/1480 2074/2528/1481 2073/2529/1482
f 2342/2530/1483 1834/2443/1431 1832/2442/1430 2366/2531/1442
f 2220/2532/1484 2219/2533/1437 2111/2534/1485 2113/2535/1486
f 1850/2536/1480 2008/2537/1487 2075/2538/1488 2074/2539/1481
f 2351/2540/1229 1836/2541/1404 1834/2542/1431 2342/2543/1483
f 2232/2544/937 2233/2545/1463 2152/2546/1466 2149/2547/1489
f 1844/2548/1447 1846/2549/1490 2072/2550/1491 2071/2551/1448
f 2363/2552/1492 1838/2411/1405 1836/2410/1404 2351/2553/1229
f 2273/2554/1493 2272/2555/1401 2263/2556/1395 2266/2557/1494
f 2366/2558/1442 1832/2559/1430 1830/2560/1474 2352/2561/1473
f 1834/2542/1431 1836/2541/1404 1780/2562/1407 1781/2563/1432
f 2223/2564/1401 2222/2565/1427 2119/2566/1429 2122/2567/1438
f 1846/2568/1490 1848/2569/1479 2073/2570/1482 2072/2571/1491
f 2353/2572/1495 1842/2573/1446 1840/2574/1457 2341/2575/1451
f 2234/2576/1464 2235/2577/1421 2159/2578/1422 2155/2579/1465
f 1818/2458/1435 1820/2457/1423 1788/2580/1426 1789/2581/1496
f 2362/2582/937 1844/2465/1447 1842/2464/1446 2353/2583/1495
f 2212/2584/1473 2211/2585/1442 2087/2586/1445 2089/2587/1497
f 1830/2560/1474 1832/2559/1430 1782/2588/1433 1783/2589/1498
f 2339/2590/1499 1846/2549/1490 1844/2548/1447 2362/2591/937
f 2218/2592/1434 2217/2593/1159 2105/2594/1500 2107/2595/1501
f 2341/2596/1451 1840/2481/1457 1838/2480/1405 2363/2597/1492
f 1816/2448/1436 1818/2447/1435 1789/2598/1496 1790/2599/1502
f 2219/2600/1437 2218/2601/1434 2107/2602/1501 2111/2603/1485
f 1828/2510/1469 1830/2509/1474 1783/2604/1498 1784/2605/1503
f 2357/2606/1504 1850/2527/1480 1848/2526/1479 2349/2607/1464
f 2226/2608/1505 2225/2609/1223 2129/2610/1506 2132/2611/1507
f 1840/2574/1457 1842/2573/1446 2070/2612/1449 2069/2613/1458
f 2354/2614/1153 2008/2537/1487 1850/2536/1480 2357/2615/1504
f 2216/2616/1508 2215/2617/1462 2099/2618/1478 2101/2619/1509
f 1812/2620/1412 1814/2621/1453 1791/2622/1510 1792/2623/1511
f 2359/2624/1512 2010/2625/1414 2008/2626/1487 2354/2627/1153
f 2221/2628/946 2220/2629/1484 2113/2630/1486 2117/2631/1428
f 2349/2632/1464 1848/2569/1479 1846/2568/1490 2339/2633/1499
f 1852/2634/1513 1864/2635/1514 1865/2636/1515 1853/2637/1516
f 1853/2637/1516 1865/2636/1515 1866/2638/1517 1854/2639/1518
f 1854/2639/1518 1866/2638/1517 1867/2640/1519 1855/2641/1520
f 1855/2641/1520 1867/2640/1519 1868/2642/1521 1856/2643/1522
f 1856/2643/1522 1868/2642/1521 1869/2644/1523 1857/2645/1524
f 1857/2645/1524 1869/2644/1523 1870/2646/1525 1858/2647/1526
f 1858/2648/1526 1870/2649/1525 1871/2650/1527 1859/2651/1528
f 1859/2651/1528 1871/2650/1527 1872/2652/1529 1860/2653/1530
f 1860/2653/1530 1872/2652/1529 1873/2654/1531 1861/2655/1532
f 1861/2655/1532 1873/2654/1531 1874/2656/1533 1862/2657/1534
f 1862/2657/1534 1874/2656/1533 1875/2658/1535 1863/2659/1536
f 1863/2659/1536 1875/2658/1535 1864/2635/1514 1852/2634/1513
f 1864/2635/1514 1876/2660/1537 1877/2661/1538 1865/2636/1515
f 1865/2636/1515 1877/2661/1538 1878/2662/1539 1866/2638/1517
f 1866/2638/1517 1878/2662/1539 1879/2663/1540 1867/2640/1519
f 1867/2640/1519 1879/2663/1540 1880/2664/1541 1868/2642/1521
f 1868/2642/1521 1880/2664/1541 1881/2665/1542 1869/2644/1523
f 1869/2644/1523 1881/2665/1542 1882/2666/1543 1870/2646/1525
f 1870/2649/1525 1882/2667/1543 1883/2668/1544 1871/2650/1527
f 1871/2650/1527 1883/2668/1544 1884/2669/1545 1872/2652/1529
f 1872/2652/1529 1884/2669/1545 1885/2670/1546 1873/2654/1531
f 1873/2654/1531 1885/2670/1546 1886/2671/1547 1874/2656/1533
f 1874/2656/1533 1886/2671/1547 1887/2672/1548 1875/2658/1535
f 1875/2658/1535 1887/2672/1548 1876/2660/1537 1864/2635/1514
f 1876/2660/1537 1888/2673/1549 1889/2674/1550 1877/2661/1538
f 1877/2661/1538 1889/2674/1550 1890/2675/1551 1878/2662/1539
f 1878/2662/1539 1890/2675/1551 1891/2676/1552 1879/2663/1540
f 1879/2663/1540 1891/2676/1552 1892/2677/1553 1880/2664/1541
f 1880/2664/1541 1892/2677/1553 1893/2678/1554 1881/2665/1542
f 1881/2665/1542 1893/2678/1554 1894/2679/1555 1882/2666/1543
f 1882/2667/1543 1894/2680/1555 1895/2681/1556 1883/2668/1544
f 1883/2668/1544 1895/2681/1556 1896/2682/1557 1884/2669/1545
f 1884/2669/1545 1896/2682/1557 1897/2683/1558 1885/2670/1546
f 1885/2670/1546 1897/2683/1558 1898/2684/1559 1886/2671/1547
f 1886/2671/1547 1898/2684/1559 1899/2685/1560 1887/2672/1548
f 1887/2672/1548 1899/2685/1560 1888/2673/1549 1876/2660/1537
f 1888/2673/1549 1900/2686/1561 1901/2687/1562 1889/2674/1550
f 1889/2674/1550 1901/2687/1562 1902/2688/1563 1890/2675/1551
f 1890/2675/1551 1902/2688/1563 1903/2689/1564 1891/2676/1552
f 1891/2676/1552 1903/2689/1564 1904/2690/1565 1892/2677/1553
f 1892/2677/1553 1904/2690/1565 1905/2691/1566 1893/2678/1554
f 1893/2678/1554 1905/2691/1566 1906/2692/1567 1894/2679/1555
f 1894/2680/1555 1906/2693/1567 1907/2694/1568 1895/2681/1556
f 1895/2681/1556 1907/2694/1568 1908/2695/1569 1896/2682/1557
f 1896/2682/1557 1908/2695/1569 1909/2696/1570 1897/2683/1558
f 1897/2683/1558 1909/2696/1570 1910/2697/1571 1898/2684/1559
f 1898/2684/1559 1910/2697/1571 1911/2698/1572 1899/2685/1560
f 1899/2685/1560 1911/2698/1572 1900/2686/1561 1888/2673/1549
f 1900/2686/1561 1912/2699/1573 1913/2700/1574 1901/2687/1562
f 1901/2687/1562 1913/2700/1574 1914/2701/1575 1902/2688/1563
f 1902/2688/1563 1914/2701/1575 1915/2702/1576 1903/2689/1564
f 1903/2689/1564 1915/2702/1576 1916/2703/1577 1904/2690/1565
f 1904/2690/1565 1916/2703/1577 1917/2704/1578 1905/2691/1566
f 1905/2691/1566 1917/2704/1578 1918/2705/1579 1906/2692/1567
f 1906/2693/1567 1918/2706/1579 1919/2707/1580 1907/2694/1568
f 1907/2694/1568 1919/2707/1580 1920/2708/1581 1908/2695/1569
f 1908/2695/1569 1920/2708/1581 1921/2709/1582 1909/2696/1570
f 1909/2696/1570 1921/2709/1582 1922/2710/1583 1910/2697/1571
f 1910/2697/1571 1922/2710/1583 1923/2711/1584 1911/2698/1572
f 1911/2698/1572 1923/2711/1584 1912/2699/1573 1900/2686/1561
f 1912/2699/1573 1924/2712/43 1925/2713/1585 1913/2700/1574
f 1913/2700/1574 1925/2713/1585 1926/2714/1586 1914/2701/1575
f 1914/2701/1575 1926/2714/1586 1927/2715/1587 1915/2702/1576
f 1915/2702/1576 1927/2715/1587 1928/2716/1588 1916/2703/1577
f 1916/2703/1577 1928/2716/1588 1929/2717/1589 1917/2704/1578
f 1917/2704/1578 1929/2717/1589 1930/2718/60 1918/2705/1579
f 1918/2706/1579 1930/2719/60 1931/2720/1590 1919/2707/1580
f 1919/2707/1580 1931/2720/1590 1932/2721/1591 1920/2708/1581
f 1920/2708/1581 1932/2721/1591 1933/2722/1592 1921/2709/1582
f 1921/2709/1582 1933/2722/1592 1934/2723/1593 1922/2710/1583
f 1922/2710/1583 1934/2723/1593 1935/2724/1594 1923/2711/1584
f 1923/2711/1584 1935/2724/1594 1924/2712/43 1912/2699/1573
f 1924/2725/43 1936/2726/1595 1937/2727/1596 1925/2728/1585
f 1925/2728/1585 1937/2727/1596 1938/2729/1597 1926/2730/1586
f 1926/2730/1586 1938/2729/1597 1939/2731/1598 1927/2732/1587
f 1927/2732/1587 1939/2731/1598 1940/2733/1599 1928/2734/1588
f 1928/2734/1588 1940/2733/1599 1941/2735/1600 1929/2736/1589
f 1929/2736/1589 1941/2735/1600 1942/2737/1601 1930/2738/60
f 1930/2739/60 1942/2740/1601 1943/2741/1602 1931/2742/1590
f 1931/2742/1590 1943/2741/1602 1944/2743/1603 1932/2744/1591
f 1932/2744/1591 1944/2743/1603 1945/2745/1604 1933/2746/1592
f 1933/2746/1592 1945/2745/1604 1946/2747/1605 1934/2748/1593
f 1934/2748/1593 1946/2747/1605 1947/2749/1606 1935/2750/1594
f 1935/2750/1594 1947/2749/1606 1936/2726/1595 1924/2725/43
f 1936/2726/1595 1948/2751/1607 1949/2752/1608 1937/2727/1596
f 1937/2727/1596 1949/2752/1608 1950/2753/1609 1938/2729/1597
f 1938/2729/1597 1950/2753/1609 1951/2754/1610 1939/2731/1598
f 1939/2731/1598 1951/2754/1610 1952/2755/1611 1940/2733/1599
f 1940/2733/1599 1952/2755/1611 1953/2756/1612 1941/2735/1600
f 1941/2735/1600 1953/2756/1612 1954/2757/1613 1942/2737/1601
f 1942/2740/1601 1954/2758/1613 1955/2759/1614 1943/2741/1602
f 1943/2741/1602 1955/2759/1614 1956/2760/1615 1944/2743/1603
f 1944/2743/1603 1956/2760/1615 1957/2761/1616 1945/2745/1604
f 1945/2745/1604 1957/2761/1616 1958/2762/1617 1946/2747/1605
f 1946/2747/1605 1958/2762/1617 1959/2763/1618 1947/2749/1606
f 1947/2749/1606 1959/2763/1618 1948/2751/1607 1936/2726/1595
f 1948/2751/1607 1960/2764/1619 1961/2765/1620 1949/2752/1608
f 1949/2752/1608 1961/2765/1620 1962/2766/1621 1950/2753/1609
f 1950/2753/1609 1962/2766/1621 1963/2767/1622 1951/2754/1610
f 1951/2754/1610 1963/2767/1622 1964/2768/1623 1952/2755/1611
f 1952/2755/1611 1964/2768/1623 1965/2769/1624 1953/2756/1612
f 1953/2756/1612 1965/2769/1624 1966/2770/1625 1954/2757/1613
f 1954/2758/1613 1966/2771/1625 1967/2772/1626 1955/2759/1614
f 1955/2759/1614 1967/2772/1626 1968/2773/1627 1956/2760/1615
f 1956/2760/1615 1968/2773/1627 1969/2774/1628 1957/2761/1616
f 1957/2761/1616 1969/2774/1628 1970/2775/1629 1958/2762/1617
f 1958/2762/1617 1970/2775/1629 1971/2776/1630 1959/2763/1618
f 1959/2763/1618 1971/2776/1630 1960/2764/1619 1948/2751/1607
f 1960/2764/1619 1972/2777/1631 1973/2778/1632 1961/2765/1620
f 1961/2765/1620 1973/2778/1632 1974/2779/1633 1962/2766/1621
f 1962/2766/1621 1974/2779/1633 1975/2780/1634 1963/2767/1622
f 1963/2767/1622 1975/2780/1634 1976/2781/1635 1964/2768/1623
f 1964/2768/1623 1976/2781/1635 1977/2782/1636 1965/2769/1624
f 1965/2769/1624 1977/2782/1636 1978/2783/1637 1966/2770/1625
f 1966/2771/1625 1978/2784/1637 1979/2785/1638 1967/2772/1626
f 1967/2772/1626 1979/2785/1638 1980/2786/1639 1968/2773/1627
f 1968/2773/1627 1980/2786/1639 1981/2787/1640 1969/2774/1628
f 1969/2774/1628 1981/2787/1640 1982/2788/1641 1970/2775/1629
f 1970/2775/1629 1982/2788/1641 1983/2789/1642 1971/2776/1630
f 1971/2776/1630 1983/2789/1642 1972/2777/1631 1960/2764/1619
f 1972/2777/1631 1984/2790/1643 1985/2791/1644 1973/2778/1632
f 1973/2778/1632 1985/2791/1644 1986/2792/1645 1974/2779/1633
f 1974/2779/1633 1986/2792/1645 1987/2793/1646 1975/2780/1634
f 1975/2780/1634 1987/2793/1646 1988/2794/1647 1976/2781/1635
f 1976/2781/1635 1988/2794/1647 1989/2795/1648 1977/2782/1636
f 1977/2782/1636 1989/2795/1648 1990/2796/1649 1978/2783/1637
f 1978/2784/1637 1990/2797/1649 1991/2798/1650 1979/2785/1638
f 1979/2785/1638 1991/2798/1650 1992/2799/1651 1980/2786/1639
f 1980/2786/1639 1992/2799/1651 1993/2800/1652 1981/2787/1640
f 1981/2787/1640 1993/2800/1652 1994/2801/1653 1982/2788/1641
f 1982/2788/1641 1994/2801/1653 1995/2802/1654 1983/2789/1642
f 1983/2789/1642 1995/2802/1654 1984/2790/1643 1972/2777/1631
f 1984/2790/1643 1996/2803/1655 1997/2804/1656 1985/2791/1644
f 1985/2791/1644 1997/2804/1656 1998/2805/1657 1986/2792/1645
f 1986/2792/1645 1998/2805/1657 1999/2806/1658 1987/2793/1646
f 1987/2793/1646 1999/2806/1658 2000/2807/1659 1988/2794/1647
f 1988/2794/1647 2000/2807/1659 2001/2808/1660 1989/2795/1648
f 1989/2795/1648 2001/2808/1660 2002/2809/1661 1990/2796/1649
f 1990/2797/1649 2002/2810/1661 2003/2811/1662 1991/2798/1650
f 1991/2798/1650 2003/2811/1662 2004/2812/1663 1992/2799/1651
f 1992/2799/1651 2004/2812/1663 2005/2813/1664 1993/2800/1652
f 1993/2800/1652 2005/2813/1664 2006/2814/1665 1994/2801/1653
f 1994/2801/1653 2006/2814/1665 2007/2815/1666 1995/2802/1654
f 1995/2802/1654 2007/2815/1666 1996/2803/1655 1984/2790/1643
f 2367/2816/1408 2012/2423/1415 2010/2422/1414 2359/2817/1512
f 2343/2818/1409 2014/2493/1467 2012/2492/1415 2367/2819/1408
f 1822/2518/1424 1824/2517/1461 1786/2820/1667 1787/2821/1425
f 2225/2822/1223 2224/2823/1403 2125/2824/1439 2129/2825/1506
f 2063/2826/1668 2062/2827/1669 2025/2828/1670 2024/2829/1671
f 2060/2830/1672 2059/2831/1673 2028/2832/1674 2027/2833/1675
f 2067/2834/1676 2066/2835/1677 2021/2836/1678 2020/2837/1679
f 2052/2838/1680 2053/2839/1681 2034/2840/1682 2035/2841/1683
f 2066/2835/1677 2065/2842/1684 2022/2843/1685 2021/2836/1678
f 2047/2844/1686 2048/2845/1687 2039/2846/1688 2040/2847/1689
f 2048/2845/1687 2049/2848/1690 2038/2849/1691 2039/2846/1688
f 1824/2486/1461 1826/2485/1460 1785/2850/1692 1786/2851/1667
f 2217/2852/1159 2216/2853/1508 2101/2854/1509 2105/2855/1500
f 2230/2856/1451 2231/2857/1495 2147/2858/1693 2144/2859/1452
f 2336/2860/23 2016/2505/1471 2014/2504/1467 2343/2861/1409
f 1810/2420/1396 1812/2419/1412 1792/2862/1511 1793/2863/1397
f 2050/2864/1694 2051/2865/1695 2036/2866/1696 2037/2867/1697
f 2065/2842/1684 2064/2868/1698 2023/2869/1699 2022/2843/1685
f 2059/2831/1673 2058/2870/1700 2029/2871/1701 2028/2832/1674
f 2051/2865/1695 2052/2838/1680 2035/2841/1683 2036/2866/1696
f 2056/2872/1702 2067/2834/1676 2020/2837/1679 2031/2873/1703
f 2061/2874/1704 2060/2830/1672 2027/2833/1675 2026/2875/1705
f 2055/2876/1706 2044/2877/1707 2043/2878/1708 2032/2879/1709
f 1800/2880/1386 1802/2881/1393 1797/2882/1456 2018/2883/1440
f 2064/2868/1698 2063/2826/1668 2024/2829/1671 2023/2869/1699
f 2053/2839/1681 2054/2884/1710 2033/2885/1711 2034/2840/1682
f 2049/2886/1690 2050/2864/1694 2037/2867/1697 2038/2887/1691
f 2044/2877/1707 2045/2888/1712 2042/2889/1713 2043/2878/1708
f 2045/2888/1712 2046/2890/1714 2041/2891/1715 2042/2889/1713
f 2057/2892/1716 2056/2872/1702 2031/2873/1703 2030/2893/1717
f 2058/2870/1700 2057/2892/1716 2030/2893/1717 2029/2871/1701
f 2032/2879/1709 2043/2878/1708 2042/2889/1713 2041/2891/1715 2040/2847/1689 2039/2846/1688 2038/2849/1691 2037/2867/1697 2036/2866/1696 2035/2841/1683 2034/2840/1682 2033/2885/1711
f 2020/2837/1679 2021/2836/1678 2022/2843/1685 2023/2869/1699 2024/2829/1671 2025/2828/1670 2026/2875/1705 2027/2833/1675 2028/2832/1674 2029/2871/1701 2030/2893/1717 2031/2873/1703
f 1863/2659/1536 1852/2634/1513 2067/2834/1676 2056/2872/1702
f 2006/2814/1665 2005/2813/1664 2046/2890/1714 2045/2888/1712
f 2054/2884/1710 2055/2876/1706 2032/2879/1709 2033/2885/1711
f 1861/2655/1532 1862/2657/1534 2057/2892/1716 2058/2870/1700
f 2000/2807/1659 1999/2806/1658 2052/2838/1680 2051/2865/1695
f 1860/2653/1530 1861/2655/1532 2058/2870/1700 2059/2831/1673
f 2005/2813/1664 2004/2812/1663 2047/2844/1686 2046/2890/1714
f 1856/2643/1522 1857/2645/1524 2062/2827/1669 2063/2826/1668
f 1855/2641/1520 1856/2643/1522 2063/2826/1668 2064/2868/1698
f 2002/2809/1661 2001/2808/1660 2050/2864/1694 2049/2886/1690
f 1998/2805/1657 1997/2804/1656 2054/2884/1710 2053/2839/1681
f 1853/2637/1516 1854/2639/1518 2065/2842/1684 2066/2835/1677
f 1852/2634/1513 1853/2637/1516 2066/2835/1677 2067/2834/1676
f 2001/2808/1660 2000/2807/1659 2051/2865/1695 2050/2864/1694
f 1996/2803/1655 2007/2815/1666 2044/2877/1707 2055/2876/1706
f 1857/2645/1524 1858/2647/1526 2061/2894/1704 2062/2827/1669
f 1862/2657/1534 1863/2659/1536 2056/2872/1702 2057/2892/1716
f 1997/2804/1656 1996/2803/1655 2055/2876/1706 2054/2884/1710
f 2007/2815/1666 2006/2814/1665 2045/2888/1712 2044/2877/1707
f 1859/2651/1528 1860/2653/1530 2059/2831/1673 2060/2830/1672
f 1999/2806/1658 1998/2805/1657 2053/2839/1681 2052/2838/1680
f 1854/2639/1518 1855/2641/1520 2064/2868/1698 2065/2842/1684
f 2062/2827/1669 2061/2894/1704 2026/2895/1705 2025/2828/1670
f 2046/2890/1714 2047/2844/1686 2040/2847/1689 2041/2891/1715
f 1858/2648/1526 1859/2651/1528 2060/2830/1672 2061/2874/1704
f 2003/2811/1662 2002/2810/1661 2049/2848/1690 2048/2845/1687
f 2004/2812/1663 2003/2811/1662 2048/2845/1687 2047/2844/1686
f 1814/2476/1453 1816/2475/1436 1790/2896/1502 1791/2897/1510
f 2344/2898/1394 1802/2881/1393 1800/2880/1386 2358/2899/1385
f 2016/2900/1471 1798/2901/1387 2019/2902/1441 2079/2903/1472
f 2239/2904/1409 2229/2905/23 2173/2906/1470 2170/2907/1410
f 2361/2908/1403 1806/2909/1402 1804/2910/1392 2350/2911/1223
f 1826/2498/1460 1828/2497/1469 1784/2912/1503 1785/2913/1692
f 2237/2914/1418 2238/2915/1408 2168/2916/1411 2164/2917/1419
f 2348/2918/1413 1810/2399/1396 1808/2398/1395 2340/2919/1401
f 1804/2910/1392 1806/2909/1402 1795/2920/1477 1796/2921/1455
f 2213/2922/95 2212/2923/1473 2089/2924/1497 2092/2925/1475
f 2338/2926/1454 1814/2621/1453 1812/2620/1412 2360/2927/946
f 1805/2928/1718 1803/2929/1719 1801/2930/1720 1799/2931/1721 2017/2932/1722 2015/2933/1723 2013/2934/1724 2011/2935/1725 2009/2936/1726 1851/2937/1727 1849/2938/1728 1847/2939/1729 1845/2940/1730 1843/2941/1731 1841/2942/1732 1839/2943/1733 1837/2944/1734 1835/2945/1735 1833/2946/1736 1831/2947/1737 1829/2948/1738 1827/2949/1739 1825/2950/1740 1823/2951/1741 1821/2952/1742 1819/2953/1743 1817/2954/1744 1815/2955/1745 1813/2956/1746 1811/2957/1747 1809/2958/1748 1807/2959/1749
f 2227/2960/1385 2226/2961/1505 2132/2962/1507 2134/2963/1399
f 2364/2964/1388 1798/2901/1387 2016/2900/1471 2336/2965/23
f 2008/2626/1487 2010/2625/1414 2076/2966/1417 2075/2967/1488
f 2231/2968/1495 2232/2969/937 2149/2970/1489 2147/2971/1693
f 2129/2825/1506 2125/2824/1439 2127/2972/1750 2130/2973/1751
f 2304/2974/1752 2305/2975/1753 2126/2976/1754 2128/2977/1755
f 2087/2463/1445 2083/2462/1444 2085/2978/1756 2088/2979/1757
f 2306/2980/1758 2307/2981/1759 2084/2982/1760 2086/2983/1761
f 2168/2417/1411 2170/2416/1410 2172/2984/1762 2169/2985/1763
f 2308/2986/1764 2309/2987/1765 2171/2988/1766 2167/2989/1767
f 2125/2453/1439 2122/2452/1438 2124/2990/1768 2127/2991/1750
f 2305/2975/1753 2310/2992/1769 2123/2993/1770 2126/2976/1754
f 2170/2907/1410 2173/2906/1470 2175/2994/1771 2172/2995/1762
f 2309/2987/1765 2311/2996/1772 2174/2997/1773 2171/2988/1766
f 2162/2429/1420 2164/2428/1419 2166/2998/1774 2163/2999/1775
f 2312/3000/1776 2313/3001/1777 2165/3002/1778 2161/3003/1779
f 2147/2971/1693 2149/2970/1489 2151/3004/1780 2148/3005/1781
f 2314/3006/1782 2315/3007/1783 2150/3008/1784 2146/3009/1785
f 2122/2567/1438 2119/2566/1429 2121/3010/1786 2124/3011/1768
f 2310/2992/1769 2316/3012/1787 2120/3013/1788 2123/2993/1770
f 2117/2631/1428 2113/2630/1486 2115/3014/1789 2118/3015/1790
f 2317/3016/1791 2318/3017/1792 2114/3018/1793 2116/3019/1794
f 2111/2603/1485 2107/2602/1501 2109/3020/1795 2112/3021/1796
f 2319/3022/1797 2320/3023/1798 2108/3024/1799 2110/3025/1800
f 2105/2855/1500 2101/2854/1509 2103/3026/1801 2106/3027/1802
f 2321/3028/1803 2322/3029/1804 2102/3030/1805 2104/3031/1806
f 2119/2441/1429 2117/2440/1428 2118/3032/1790 2121/3033/1786
f 2316/3012/1787 2317/3016/1791 2116/3019/1794 2120/3013/1788
f 2096/2515/1476 2092/2514/1475 2094/3034/1807 2097/3035/1808
f 2323/3036/1809 2324/3037/1810 2093/3038/1811 2095/3039/1812
f 2149/2547/1489 2152/2546/1466 2154/3040/1813 2151/3041/1780
f 2315/3007/1783 2325/3042/1814 2153/3043/1815 2150/3008/1784
f 2099/2525/1478 2096/2524/1476 2097/3044/1808 2100/3045/1816
f 2326/3046/1817 2323/3036/1809 2095/3039/1812 2098/3047/1818
f 2107/2595/1501 2105/2594/1500 2106/3048/1802 2109/3049/1795
f 2320/3023/1798 2321/3028/1803 2104/3031/1806 2108/3024/1799
f 2144/2859/1452 2147/2858/1693 2148/3050/1781 2145/3051/1819
f 2327/3052/1820 2314/3006/1782 2146/3009/1785 2143/3053/1821
f 2113/2535/1486 2111/2534/1485 2112/3054/1796 2115/3055/1789
f 2318/3017/1792 2319/3022/1797 2110/3025/1800 2114/3018/1793
f 2132/2611/1507 2129/2610/1506 2130/3056/1751 2133/3057/1822
f 2328/3058/1823 2304/2974/1752 2128/2977/1755 2131/3059/1824
f 2083/3060/1444 2080/3061/1391 2082/3062/1825 2085/3063/1756
f 2307/2981/1759 2329/3064/1826 2081/3065/1827 2084/2982/1760
f 2101/2619/1509 2099/2618/1478 2100/3066/1816 2103/3067/1801
f 2322/3029/1804 2326/3046/1817 2098/3047/1818 2102/3030/1805
f 2141/2473/1390 2144/2472/1452 2145/3068/1819 2142/3069/1828
f 2330/3070/1829 2327/3052/1820 2143/3053/1821 2140/3071/1830
f 2092/2925/1475 2089/2924/1497 2091/3072/1831 2094/3073/1807
f 2324/3037/1810 2331/3074/1832 2090/3075/1833 2093/3038/1811
f 2152/2491/1466 2155/2490/1465 2157/3076/1834 2154/3077/1813
f 2325/3042/1814 2332/3078/1835 2156/3079/1836 2153/3043/1815
f 2159/2433/1422 2162/2432/1420 2163/3080/1775 2160/3081/1837
f 2333/3082/1838 2312/3000/1776 2161/3003/1779 2158/3083/1839
f 2173/2503/1470 2137/2502/1400 2139/3084/1840 2175/3085/1771
f 2311/2996/1772 2334/3086/1841 2138/3087/1842 2174/2997/1773
f 2137/2405/1400 2134/2404/1399 2136/3088/1843 2139/3089/1840
f 2334/3086/1841 2335/3090/1844 2135/3091/1845 2138/3087/1842
f 2134/2963/1399 2132/2962/1507 2133/3092/1822 2136/3093/1843
f 2335/3090/1844 2328/3058/1823 2131/3059/1824 2135/3091/1845
f 2089/2587/1497 2087/2586/1445 2088/3094/1757 2091/3095/1831
f 2331/3074/1832 2306/2980/1758 2086/2983/1761 2090/3075/1833
f 2080/2393/1391 2141/2392/1390 2142/3096/1828 2082/3097/1825
f 2329/3064/1826 2330/3070/1829 2140/3071/1830 2081/3065/1827
f 2155/2579/1465 2159/2578/1422 2160/3098/1837 2157/3099/1834
f 2332/3078/1835 2333/3082/1838 2158/3083/1839 2156/3079/1836
f 2164/2917/1419 2168/2916/1411 2169/3100/1763 2166/3101/1774
f 2313/3001/1777 2308/2986/1764 2167/2989/1767 2165/3002/1778
f 2208/3102/1443 2209/3103/1229 2080/3061/1391 2083/3060/1444
f 1799/3104/1721 2204/3105/1388 2183/3106/23 2017/3107/1722
f 1815/3108/1745 2177/3109/1454 2200/3110/946 1813/3111/1746
f 1811/3112/1747 2188/3113/1413 2179/3114/1401 1809/3115/1748
f 1807/3116/1749 2201/3117/1403 2190/3118/1223 1805/3119/1718
f 1803/3120/1719 2184/3121/1394 2198/3122/1385 1801/3123/1720
f 2017/3124/1722 2183/3125/23 2182/3126/1409 2015/3127/1723
f 2015/3128/1723 2182/3129/1409 2207/3130/1408 2013/3131/1724
f 2013/3132/1724 2207/3133/1408 2199/3134/1418 2011/3135/1725
f 1849/3136/1728 2189/3137/1464 2178/3138/1463 1847/3139/1729
f 2011/3140/1725 2199/3141/1418 2194/3142/1153 2009/3143/1726
f 2009/3144/1726 2194/3145/1153 2197/3146/1504 1851/3147/1727
f 1851/3148/1727 2197/3149/1504 2189/3150/1464 1849/3151/1728
f 1841/3152/1732 2180/3153/1451 2203/3154/1492 1839/3155/1733
f 1847/3156/1729 2178/3157/1463 2202/3158/937 1845/3159/1730
f 1845/3160/1730 2202/3161/937 2193/3162/1495 1843/3163/1731
f 1843/3164/1731 2193/3165/1495 2180/3166/1451 1841/3167/1732
f 1833/3168/1736 2206/3169/1442 2192/3170/1473 1831/3171/1737
f 1839/3172/1733 2203/3173/1492 2191/3174/1229 1837/3175/1734
f 1837/3176/1734 2191/3177/1229 2181/3178/1443 1835/3179/1735
f 1835/3180/1735 2181/3181/1443 2206/3182/1442 1833/3183/1736
f 1825/3184/1740 2195/3185/1462 2186/3186/1508 1823/3187/1741
f 1831/3188/1737 2192/3189/1473 2185/3190/95 1829/3191/1738
f 1829/3192/1738 2185/3193/95 2205/3194/1459 1827/3195/1739
f 1827/3196/1739 2205/3197/1459 2195/3198/1462 1825/3199/1740
f 1817/3200/1744 2187/3201/1437 2177/3202/1454 1815/3203/1745
f 1823/3204/1741 2186/3205/1508 2176/3206/1159 1821/3207/1742
f 1821/3208/1742 2176/3209/1159 2196/3210/1434 1819/3211/1743
f 1819/3212/1743 2196/3213/1434 2187/3214/1437 1817/3215/1744
f 1813/3216/1746 2200/3217/946 2188/3218/1413 1811/3219/1747
f 1809/3220/1748 2179/3221/1401 2201/3222/1403 1807/3223/1749
f 1805/3224/1718 2190/3225/1223 2184/3226/1394 1803/3227/1719
f 1801/3228/1720 2198/3229/1385 2204/3230/1388 1799/3231/1721
f 1781/2563/1432 1780/2562/1407 2209/3103/1229 2208/3102/1443
f 2070/2467/1449 2071/2466/1448 2232/2969/937 2231/2968/1495
f 2018/2883/1440 1797/2882/1456 2226/2961/1505 2227/2960/1385
f 1784/2605/1503 1783/2604/1498 2212/2923/1473 2213/2922/95
f 2076/2425/1417 2077/2424/1416 2238/2915/1408 2237/2914/1418
f 2078/2507/1468 2079/2506/1472 2229/2905/23 2239/2904/1409
f 2069/2613/1458 2070/2612/1449 2231/2857/1495 2230/2856/1451
f 1788/2437/1426 1787/2436/1425 2216/2853/1508 2217/2852/1159
f 1796/2921/1455 1795/2920/1477 2224/2823/1403 2225/2822/1223
f 1792/2623/1511 1791/2622/1510 2220/2629/1484 2221/2628/946
f 1787/2821/1425 1786/2820/1667 2215/2617/1462 2216/2616/1508
f 1797/2479/1456 1796/2478/1455 2225/2609/1223 2226/2608/1505
f 1790/2599/1502 1789/2598/1496 2218/2601/1434 2219/2600/1437
f 1789/2581/1496 1788/2580/1426 2217/2593/1159 2218/2592/1434
f 1783/2589/1498 1782/2588/1433 2211/2585/1442 2212/2584/1473
f 2073/2529/1482 2074/2528/1481 2235/2577/1421 2234/2576/1464
f 1794/2401/1398 1793/2400/1397 2222/2565/1427 2223/2564/1401
f 2071/2551/1448 2072/2550/1491 2233/2545/1463 2232/2544/937
f 1791/2897/1510 1790/2896/1502 2219/2533/1437 2220/2532/1484
f 1786/2851/1667 1785/2850/1692 2214/2523/1459 2215/2522/1462
f 1785/2913/1692 1784/2912/1503 2213/2513/95 2214/2512/1459
f 2079/2903/1472 2019/2902/1441 2228/2501/1388 2229/2500/23
f 2072/2571/1491 2073/2570/1482 2234/2489/1464 2233/2488/1463
f 2068/2483/1406 2069/2482/1458 2230/2471/1451 2210/2470/1389
f 1782/2445/1433 1781/2444/1432 2208/2461/1443 2211/2460/1442
f 1795/2521/1477 1794/2520/1398 2223/2451/1401 2224/2450/1403
f 1793/2863/1397 1792/2862/1511 2221/2439/946 2222/2438/1427
f 2074/2539/1481 2075/2538/1488 2236/2431/1153 2235/2430/1421
f 2075/2967/1488 2076/2966/1417 2237/2427/1418 2236/2426/1153
f 2077/2495/1416 2078/2494/1468 2239/2415/1409 2238/2414/1408
f 2019/2455/1441 2018/2454/1440 2227/2403/1385 2228/2402/1388
f 1780/2413/1407 2068/2412/1406 2210/2391/1389 2209/2390/1229
f 2271/3232/1430 2264/3233/1431 2241/3234/1404 2240/3235/1846 2246/3236/1457 2252/3237/1446 2254/3238/1447 2253/3239/1490 2256/3240/1847 2255/3241/1848 2258/3242/1487 2257/3243/1849 2262/3244/1850 2260/3245/1467 2259/3246/1471 2267/3247/1387 2243/3248/1851 2242/3249/1852 2265/3250/1392 2266/2557/1494 2263/2556/1395 2251/3251/1396 2250/3252/1412 2261/3253/1453 2268/3254/1436 2269/3255/1435 2249/3256/1423 2248/3257/1424 2245/3258/1853 2244/3259/1460 2247/3260/1469 2270/3261/1474
f 2275/3262/1443 2274/3263/1229 2241/3234/1404 2264/3233/1431
f 2277/3264/1421 2276/3265/1153 2258/3242/1487 2255/3241/1848
f 2279/3266/1409 2278/3267/23 2259/3246/1471 2260/3245/1467
f 2281/3268/1385 2280/3269/1505 2242/3249/1852 2243/3248/1851
f 2282/3270/1442 2275/3262/1443 2264/3233/1431 2271/3232/1430
f 2284/3271/1854 2283/3272/1159 2249/3256/1423 2269/3255/1435
f 2286/3273/937 2285/3274/1463 2253/3239/1490 2254/3238/1447
f 2287/3275/1388 2281/3268/1385 2243/3248/1851 2267/3247/1387
f 2276/3265/1153 2288/3276/1418 2257/3243/1849 2258/3242/1487
f 2290/3277/1459 2289/3278/95 2247/3260/1469 2244/3259/1460
f 2278/3267/23 2287/3275/1388 2267/3247/1387 2259/3246/1471
f 2280/3269/1505 2291/3279/1223 2265/3250/1392 2242/3249/1852
f 2293/3280/1413 2292/3281/946 2250/3252/1412 2251/3251/1396
f 2272/2555/1401 2293/3280/1413 2251/3251/1396 2263/2556/1395
f 2292/3281/946 2294/3282/1454 2261/3253/1453 2250/3252/1412
f 2289/3278/95 2295/3283/1855 2270/3261/1474 2247/3260/1469
f 2291/3279/1223 2273/2554/1493 2266/2557/1494 2265/3250/1392
f 2274/3263/1229 2296/3284/1389 2240/3235/1846 2241/3234/1404
f 2297/3285/1495 2286/3273/937 2254/3238/1447 2252/3237/1446
f 2298/3286/1462 2290/3277/1459 2244/3259/1460 2245/3258/1853
f 2288/3276/1418 2299/3287/1856 2262/3244/1850 2257/3243/1849
f 2285/3274/1463 2300/3288/1857 2256/3240/1847 2253/3239/1490
f 2294/3282/1454 2301/3289/1858 2268/3254/1436 2261/3253/1453
f 2301/3289/1858 2284/3271/1854 2269/3255/1435 2268/3254/1436
f 2302/3290/1859 2297/3285/1495 2252/3237/1446 2246/3236/1457
f 2300/3288/1857 2277/3264/1421 2255/3241/1848 2256/3240/1847
f 2299/3287/1856 2279/3266/1409 2260/3245/1467 2262/3244/1850
f 2295/3283/1855 2282/3270/1442 2271/3232/1430 2270/3261/1474
f 2283/3272/1159 2303/3291/1508 2248/3257/1424 2249/3256/1423
f 2303/3291/1508 2298/3286/1462 2245/3258/1853 2248/3257/1424
f 2296/3284/1389 2302/3290/1859 2246/3236/1457 2240/3235/1846
f 2126/2976/1754 2123/2993/1770 2302/3290/1859 2296/3284/1389
f 2165/3002/1778 2167/2989/1767 2298/3286/1462 2303/3291/1508
f 2161/3003/1779 2165/3002/1778 2303/3291/1508 2283/3272/1159
f 2138/3087/1842 2135/3091/1845 2282/3270/1442 2295/3283/1855
f 2098/3047/1818 2095/3039/1812 2279/3266/1409 2299/3287/1856
f 2110/3025/1800 2108/3024/1799 2277/3264/1421 2300/3288/1857
f 2123/2993/1770 2120/3013/1788 2297/3285/1495 2302/3290/1859
f 2156/3079/1836 2158/3083/1839 2284/3271/1854 2301/3289/1858
f 2153/3043/1815 2156/3079/1836 2301/3289/1858 2294/3282/1454
f 2114/3018/1793 2110/3025/1800 2300/3288/1857 2285/3274/1463
f 2102/3030/1805 2098/3047/1818 2299/3287/1856 2288/3276/1418
f 2167/2989/1767 2171/2988/1766 2290/3277/1459 2298/3286/1462
f 2120/3013/1788 2116/3019/1794 2286/3273/937 2297/3285/1495
f 2128/2977/1755 2126/2976/1754 2296/3284/1389 2274/3263/1229
f 2081/3065/1827 2140/3071/1830 2273/2554/1493 2291/3279/1223
f 2174/2997/1773 2138/3087/1842 2295/3283/1855 2289/3278/95
f 2150/3008/1784 2153/3043/1815 2294/3282/1454 2292/3281/946
f 2143/3053/1821 2146/3009/1785 2293/3280/1413 2272/2555/1401
f 2146/3009/1785 2150/3008/1784 2292/3281/946 2293/3280/1413
f 2084/2982/1760 2081/3065/1827 2291/3279/1223 2280/3269/1505
f 2093/3038/1811 2090/3075/1833 2287/3275/1388 2278/3267/23
f 2171/2988/1766 2174/2997/1773 2289/3278/95 2290/3277/1459
f 2104/3031/1806 2102/3030/1805 2288/3276/1418 2276/3265/1153
f 2090/3075/1833 2086/2983/1761 2281/3268/1385 2287/3275/1388
f 2116/3019/1794 2114/3018/1793 2285/3274/1463 2286/3273/937
f 2158/3083/1839 2161/3003/1779 2283/3272/1159 2284/3271/1854
f 2135/3091/1845 2131/3059/1824 2275/3262/1443 2282/3270/1442
f 2086/2983/1761 2084/2982/1760 2280/3269/1505 2281/3268/1385
f 2095/3039/1812 2093/3038/1811 2278/3267/23 2279/3266/1409
f 2108/3024/1799 2104/3031/1806 2276/3265/1153 2277/3264/1421
f 2131/3059/1824 2128/2977/1755 2274/3263/1229 2275/3262/1443
f 2140/3071/1830 2143/3053/1821 2272/2555/1401 2273/2554/1493
f 2166/3292/1774 2169/3293/1763 2308/2986/1764 2313/3001/1777
f 2157/3294/1834 2160/3295/1837 2333/3082/1838 2332/3078/1835
f 2082/3296/1825 2142/3297/1828 2330/3070/1829 2329/3064/1826
f 2091/3298/1831 2088/3299/1757 2306/2980/1758 2331/3074/1832
f 2136/3300/1843 2133/3301/1822 2328/3058/1823 2335/3090/1844
f 2139/3302/1840 2136/3303/1843 2335/3090/1844 2334/3086/1841
f 2175/3304/1771 2139/3305/1840 2334/3086/1841 2311/2996/1772
f 2160/3306/1837 2163/3307/1775 2312/3000/1776 2333/3082/1838
f 2154/3308/1813 2157/3309/1834 2332/3078/1835 2325/3042/1814
f 2094/3310/1807 2091/3311/1831 2331/3074/1832 2324/3037/1810
f 2142/3312/1828 2145/3313/1819 2327/3052/1820 2330/3070/1829
f 2103/3314/1801 2100/3315/1816 2326/3046/1817 2322/3029/1804
f 2085/3316/1756 2082/3317/1825 2329/3064/1826 2307/2981/1759
f 2133/3318/1822 2130/3319/1751 2304/2974/1752 2328/3058/1823
f 2115/3320/1789 2112/3321/1796 2319/3022/1797 2318/3017/1792
f 2145/3322/1819 2148/3323/1781 2314/3006/1782 2327/3052/1820
f 2109/3324/1795 2106/3325/1802 2321/3028/1803 2320/3023/1798
f 2100/3326/1816 2097/3327/1808 2323/3036/1809 2326/3046/1817
f 2151/3328/1780 2154/3329/1813 2325/3042/1814 2315/3007/1783
f 2097/3330/1808 2094/3331/1807 2324/3037/1810 2323/3036/1809
f 2121/3332/1786 2118/3333/1790 2317/3016/1791 2316/3012/1787
f 2106/3334/1802 2103/3335/1801 2322/3029/1804 2321/3028/1803
f 2112/3336/1796 2109/3337/1795 2320/3023/1798 2319/3022/1797
f 2118/3338/1790 2115/3339/1789 2318/3017/1792 2317/3016/1791
f 2124/3340/1768 2121/3341/1786 2316/3012/1787 2310/2992/1769
f 2148/3342/1781 2151/3343/1780 2315/3007/1783 2314/3006/1782
f 2163/3344/1775 2166/3345/1774 2313/3001/1777 2312/3000/1776
f 2172/3346/1762 2175/3347/1771 2311/2996/1772 2309/2987/1765
f 2127/3348/1750 2124/3349/1768 2310/2992/1769 2305/2975/1753
f 2169/3350/1763 2172/3351/1762 2309/2987/1765 2308/2986/1764
f 2088/3352/1757 2085/3353/1756 2307/2981/1759 2306/2980/1758
f 2130/3354/1751 2127/3355/1750 2305/2975/1753 2304/2974/1752
f 2204/3105/1388 2364/2964/1388 2336/2965/23 2183/3106/23
f 2177/3109/1454 2338/2926/1454 2360/2927/946 2200/3110/946
f 2188/3113/1413 2348/2918/1413 2340/2919/1401 2179/3114/1401
f 2201/3117/1403 2361/2908/1403 2350/2911/1223 2190/3118/1223
f 2184/3121/1394 2344/2898/1394 2358/2899/1385 2198/3122/1385
f 2183/3125/23 2336/2860/23 2343/2861/1409 2182/3126/1409
f 2182/3129/1409 2343/2818/1409 2367/2819/1408 2207/3130/1408
f 2207/3133/1408 2367/2816/1408 2359/2817/1512 2199/3134/1418
f 2189/3137/1464 2349/2632/1464 2339/2633/1499 2178/3138/1463
f 2199/3141/1418 2359/2624/1512 2354/2627/1153 2194/3142/1153
f 2194/3145/1153 2354/2614/1153 2357/2615/1504 2197/3146/1504
f 2197/3149/1504 2357/2606/1504 2349/2607/1464 2189/3150/1464
f 2180/3153/1451 2341/2596/1451 2363/2597/1492 2203/3154/1492
f 2178/3157/1463 2339/2590/1499 2362/2591/937 2202/3158/937
f 2202/3161/937 2362/2582/937 2353/2583/1495 2193/3162/1495
f 2193/3165/1495 2353/2572/1495 2341/2575/1451 2180/3166/1451
f 2206/3169/1442 2366/2558/1442 2352/2561/1473 2192/3170/1473
f 2203/3173/1492 2363/2552/1492 2351/2553/1229 2191/3174/1229
f 2191/3177/1229 2351/2540/1229 2342/2543/1483 2181/3178/1443
f 2181/3181/1443 2342/2530/1483 2366/2531/1442 2206/3182/1442
f 2195/3185/1462 2355/2516/1462 2346/2519/1450 2186/3186/1508
f 2192/3189/1473 2352/2508/1473 2345/2511/95 2185/3190/95
f 2185/3193/95 2345/2496/95 2365/2499/1459 2205/3194/1459
f 2205/3197/1459 2365/2484/1459 2355/2487/1462 2195/3198/1462
f 2187/3201/1437 2347/2474/1437 2338/2477/1454 2177/3202/1454
f 2186/3205/1508 2346/2468/1450 2337/2469/1159 2176/3206/1159
f 2176/3209/1159 2337/2456/1159 2356/2459/1434 2196/3210/1434
f 2196/3213/1434 2356/2446/1434 2347/2449/1437 2187/3214/1437
f 2200/3217/946 2360/2418/946 2348/2421/1413 2188/3218/1413
f 2179/3221/1401 2340/2406/1401 2361/2409/1403 2201/3222/1403
f 2190/3225/1223 2350/2394/1223 2344/2397/1394 2184/3226/1394
f 2198/3229/1385 2358/2386/1385 2364/2389/1388 2204/3230/1388
f 2368/3356/1259 2380/3357/1247 2381/3358/1258 2369/3359/1270
f 2369/3359/1270 2381/3358/1258 2382/3360/1860 2370/3361/1861
f 2370/3361/1861 2382/3360/1860 2383/3362/1256 2371/3363/1268
f 2371/3363/1268 2383/3362/1256 2384/3364/1255 2372/3365/1267
f 2372/3365/1267 2384/3364/1255 2385/3366/1862 2373/3367/1266
f 2373/3367/1266 2385/3366/1862 2386/3368/1863 2374/3369/1864
f 2374/3370/1864 2386/3371/1863 2387/3372/1865 2375/3373/1264
f 2375/3373/1264 2387/3372/1865 2388/3374/1251 2376/3375/1263
f 2376/3375/1263 2388/3374/1251 2389/3376/1250 2377/3377/1262
f 2377/3377/1262 2389/3376/1250 2390/3378/1866 2378/3379/1867
f 2378/3379/1867 2390/3378/1866 2391/3380/1248 2379/3381/1260
f 2379/3381/1260 2391/3380/1248 2380/3357/1247 2368/3356/1259
f 2380/3357/1247 2392/3382/1235 2393/3383/1246 2381/3358/1258
f 2381/3358/1258 2393/3383/1246 2394/3384/1245 2382/3360/1860
f 2382/3360/1860 2394/3384/1245 2395/3385/1244 2383/3362/1256
f 2383/3362/1256 2395/3385/1244 2396/3386/1243 2384/3364/1255
f 2384/3364/1255 2396/3386/1243 2397/3387/1242 2385/3366/1862
f 2385/3366/1862 2397/3387/1242 2398/3388/1241 2386/3368/1863
f 2386/3371/1863 2398/3389/1241 2399/3390/1240 2387/3372/1865
f 2387/3372/1865 2399/3390/1240 2400/3391/1239 2388/3374/1251
f 2388/3374/1251 2400/3391/1239 2401/3392/1868 2389/3376/1250
f 2389/3376/1250 2401/3392/1868 2402/3393/1237 2390/3378/1866
f 2390/3378/1866 2402/3393/1237 2403/3394/1869 2391/3380/1248
f 2391/3380/1248 2403/3394/1869 2392/3382/1235 2380/3357/1247
f 2392/3382/1235 2404/3395/1223 2405/3396/1234 2393/3383/1246
f 2393/3383/1246 2405/3396/1234 2406/3397/1233 2394/3384/1245
f 2394/3384/1245 2406/3397/1233 2407/3398/1232 2395/3385/1244
f 2395/3385/1244 2407/3398/1232 2408/3399/1870 2396/3386/1243
f 2396/3386/1243 2408/3399/1870 2409/3400/1230 2397/3387/1242
f 2397/3387/1242 2409/3400/1230 2410/3401/1229 2398/3388/1241
f 2398/3389/1241 2410/3402/1229 2411/3403/1228 2399/3390/1240
f 2399/3390/1240 2411/3403/1228 2412/3404/1227 2400/3391/1239
f 2400/3391/1239 2412/3404/1227 2413/3405/1226 2401/3392/1868
f 2401/3392/1868 2413/3405/1226 2414/3406/1871 2402/3393/1237
f 2402/3393/1237 2414/3406/1871 2415/3407/1224 2403/3394/1869
f 2403/3394/1869 2415/3407/1224 2404/3395/1223 2392/3382/1235
f 2404/3395/1223 2416/3408/1211 2417/3409/1222 2405/3396/1234
f 2405/3396/1234 2417/3409/1222 2418/3410/1221 2406/3397/1233
f 2406/3397/1233 2418/3410/1221 2419/3411/1872 2407/3398/1232
f 2407/3398/1232 2419/3411/1872 2420/3412/1219 2408/3399/1870
f 2408/3399/1870 2420/3412/1219 2421/3413/1218 2409/3400/1230
f 2409/3400/1230 2421/3413/1218 2422/3414/1217 2410/3401/1229
f 2410/3402/1229 2422/3415/1217 2423/3416/1216 2411/3403/1228
f 2411/3403/1228 2423/3416/1216 2424/3417/1215 2412/3404/1227
f 2412/3404/1227 2424/3417/1215 2425/3418/1214 2413/3405/1226
f 2413/3405/1226 2425/3418/1214 2426/3419/1213 2414/3406/1871
f 2414/3406/1871 2426/3419/1213 2427/3420/1212 2415/3407/1224
f 2415/3407/1224 2427/3420/1212 2416/3408/1211 2404/3395/1223
f 2416/3408/1211 2428/3421/1199 2429/3422/1210 2417/3409/1222
f 2417/3409/1222 2429/3422/1210 2430/3423/1209 2418/3410/1221
f 2418/3410/1221 2430/3423/1209 2431/3424/1208 2419/3411/1872
f 2419/3411/1872 2431/3424/1208 2432/3425/1207 2420/3412/1219
f 2420/3412/1219 2432/3425/1207 2433/3426/1206 2421/3413/1218
f 2421/3413/1218 2433/3426/1206 2434/3427/1205 2422/3414/1217
f 2422/3415/1217 2434/3428/1205 2435/3429/1204 2423/3416/1216
f 2423/3416/1216 2435/3429/1204 2436/3430/1203 2424/3417/1215
f 2424/3417/1215 2436/3430/1203 2437/3431/1202 2425/3418/1214
f 2425/3418/1214 2437/3431/1202 2438/3432/1201 2426/3419/1213
f 2426/3419/1213 2438/3432/1201 2439/3433/1200 2427/3420/1212
f 2427/3420/1212 2439/3433/1200 2428/3421/1199 2416/3408/1211
f 2428/3421/1199 2440/3434/23 2441/3435/1198 2429/3422/1210
f 2429/3422/1210 2441/3435/1198 2442/3436/1197 2430/3423/1209
f 2430/3423/1209 2442/3436/1197 2443/3437/1196 2431/3424/1208
f 2431/3424/1208 2443/3437/1196 2444/3438/1195 2432/3425/1207
f 2432/3425/1207 2444/3438/1195 2445/3439/1194 2433/3426/1206
f 2433/3426/1206 2445/3439/1194 2446/3440/95 2434/3427/1205
f 2434/3428/1205 2446/3441/95 2447/3442/1873 2435/3429/1204
f 2435/3429/1204 2447/3442/1873 2448/3443/1192 2436/3430/1203
f 2436/3430/1203 2448/3443/1192 2449/3444/1191 2437/3431/1202
f 2437/3431/1202 2449/3444/1191 2450/3445/1190 2438/3432/1201
f 2438/3432/1201 2450/3445/1190 2451/3446/1189 2439/3433/1200
f 2439/3433/1200 2451/3446/1189 2440/3434/23 2428/3421/1199
f 2440/3434/23 2452/3447/1177 2453/3448/1188 2441/3435/1198
f 2441/3435/1198 2453/3448/1188 2454/3449/1187 2442/3436/1197
f 2442/3436/1197 2454/3449/1187 2455/3450/1186 2443/3437/1196
f 2443/3437/1196 2455/3450/1186 2456/3451/1185 2444/3438/1195
f 2444/3438/1195 2456/3451/1185 2457/3452/1874 2445/3439/1194
f 2445/3439/1194 2457/3452/1874 2458/3453/1183 2446/3440/95
f 2446/3441/95 2458/3454/1183 2459/3455/1875 2447/3442/1873
f 2447/3442/1873 2459/3455/1875 2460/3456/1181 2448/3443/1192
f 2448/3443/1192 2460/3456/1181 2461/3457/1180 2449/3444/1191
f 2449/3444/1191 2461/3457/1180 2462/3458/1179 2450/3445/1190
f 2450/3445/1190 2462/3458/1179 2463/3459/1178 2451/3446/1189
f 2451/3446/1189 2463/3459/1178 2452/3447/1177 2440/3434/23
f 2452/3447/1177 2464/3460/1165 2465/3461/1176 2453/3448/1188
f 2453/3448/1188 2465/3461/1176 2466/3462/1175 2454/3449/1187
f 2454/3449/1187 2466/3462/1175 2467/3463/1876 2455/3450/1186
f 2455/3450/1186 2467/3463/1876 2468/3464/1173 2456/3451/1185
f 2456/3451/1185 2468/3464/1173 2469/3465/1172 2457/3452/1874
f 2457/3452/1874 2469/3465/1172 2470/3466/1877 2458/3453/1183
f 2458/3454/1183 2470/3467/1877 2471/3468/1170 2459/3455/1875
f 2459/3455/1875 2471/3468/1170 2472/3469/1169 2460/3456/1181
f 2460/3456/1181 2472/3469/1169 2473/3470/1168 2461/3457/1180
f 2461/3457/1180 2473/3470/1168 2474/3471/1167 2462/3458/1179
f 2462/3458/1179 2474/3471/1167 2475/3472/1166 2463/3459/1178
f 2463/3459/1178 2475/3472/1166 2464/3460/1165 2452/3447/1177
f 2464/3460/1165 2476/3473/1153 2477/3474/1164 2465/3461/1176
f 2465/3461/1176 2477/3474/1164 2478/3475/1163 2466/3462/1175
f 2466/3462/1175 2478/3475/1163 2479/3476/1162 2467/3463/1876
f 2467/3463/1876 2479/3476/1162 2480/3477/1878 2468/3464/1173
f 2468/3464/1173 2480/3477/1878 2481/3478/1160 2469/3465/1172
f 2469/3465/1172 2481/3478/1160 2482/3479/1159 2470/3466/1877
f 2470/3467/1877 2482/3480/1159 2483/3481/1158 2471/3468/1170
f 2471/3468/1170 2483/3481/1158 2484/3482/1157 2472/3469/1169
f 2472/3469/1169 2484/3482/1157 2485/3483/1156 2473/3470/1168
f 2473/3470/1168 2485/3483/1156 2486/3484/1155 2474/3471/1167
f 2474/3471/1167 2486/3484/1155 2487/3485/1154 2475/3472/1166
f 2475/3472/1166 2487/3485/1154 2476/3473/1153 2464/3460/1165
f 2476/3473/1153 2488/3486/1141 2489/3487/1152 2477/3474/1164
f 2477/3474/1164 2489/3487/1152 2490/3488/1151 2478/3475/1163
f 2478/3475/1163 2490/3488/1151 2491/3489/1150 2479/3476/1162
f 2479/3476/1162 2491/3489/1150 2492/3490/1149 2480/3477/1878
f 2480/3477/1878 2492/3490/1149 2493/3491/1148 2481/3478/1160
f 2481/3478/1160 2493/3491/1148 2494/3492/1147 2482/3479/1159
f 2482/3480/1159 2494/3493/1147 2495/3494/1879 2483/3481/1158
f 2483/3481/1158 2495/3494/1879 2496/3495/1145 2484/3482/1157
f 2484/3482/1157 2496/3495/1145 2497/3496/1880 2485/3483/1156
f 2485/3483/1156 2497/3496/1880 2498/3497/1143 2486/3484/1155
f 2486/3484/1155 2498/3497/1143 2499/3498/1142 2487/3485/1154
f 2487/3485/1154 2499/3498/1142 2488/3486/1141 2476/3473/1153
f 2488/3486/1141 2500/3499/1118 2501/3500/1139 2489/3487/1152
f 2489/3487/1152 2501/3500/1139 2502/3501/1881 2490/3488/1151
f 2490/3488/1151 2502/3501/1881 2503/3502/1135 2491/3489/1150
f 2491/3489/1150 2503/3502/1135 2504/3503/1133 2492/3490/1149
f 2492/3490/1149 2504/3503/1133 2505/3504/1131 2493/3491/1148
f 2493/3491/1148 2505/3504/1131 2506/3505/1129 2494/3492/1147
f 2494/3493/1147 2506/3506/1129 2507/3507/1127 2495/3494/1879
f 2495/3494/1879 2507/3507/1127 2508/3508/1125 2496/3495/1145
f 2496/3495/1145 2508/3508/1125 2509/3509/1123 2497/3496/1880
f 2497/3496/1880 2509/3509/1123 2510/3510/1882 2498/3497/1143
f 2498/3497/1143 2510/3510/1882 2511/3511/1119 2499/3498/1142
f 2499/3498/1142 2511/3511/1119 2500/3499/1118 2488/3486/1141
f 2500/3499/1118 2512/3512/1117 2513/3513/1140 2501/3500/1139
f 2501/3500/1139 2513/3513/1140 2514/3514/1138 2502/3501/1881
f 2502/3501/1881 2514/3514/1138 2515/3515/1136 2503/3502/1135
f 2503/3502/1135 2515/3515/1136 2516/3516/1134 2504/3503/1133
f 2504/3503/1133 2516/3516/1134 2517/3517/1883 2505/3504/1131
f 2505/3504/1131 2517/3517/1883 2518/3518/1130 2506/3505/1129
f 2506/3506/1129 2518/3519/1130 2519/3520/1884 2507/3507/1127
f 2507/3507/1127 2519/3520/1884 2520/3521/1126 2508/3508/1125
f 2508/3508/1125 2520/3521/1126 2521/3522/1124 2509/3509/1123
f 2509/3509/1123 2521/3522/1124 2522/3523/1122 2510/3510/1882
f 2510/3510/1882 2522/3523/1122 2523/3524/1120 2511/3511/1119
f 2511/3511/1119 2523/3524/1120 2512/3512/1117 2500/3499/1118
f 2512/3525/1117 2524/3526/1373 2525/3527/1384 2513/3528/1140
f 2513/3528/1140 2525/3527/1384 2526/3529/1383 2514/3530/1138
f 2514/3530/1138 2526/3529/1383 2527/3531/1382 2515/3532/1136
f 2515/3532/1136 2527/3531/1382 2528/3533/1885 2516/3534/1134
f 2516/3534/1134 2528/3533/1885 2529/3535/1380 2517/3536/1883
f 2517/3536/1883 2529/3535/1380 2530/3537/1379 2518/3538/1130
f 2518/3539/1130 2530/3540/1379 2531/3541/1378 2519/3542/1884
f 2519/3542/1884 2531/3541/1378 2532/3543/1886 2520/3544/1126
f 2520/3544/1126 2532/3543/1886 2533/3545/1376 2521/3546/1124
f 2521/3546/1124 2533/3545/1376 2534/3547/1375 2522/3548/1122
f 2522/3548/1122 2534/3547/1375 2535/3549/1374 2523/3550/1120
f 2523/3550/1120 2535/3549/1374 2524/3526/1373 2512/3525/1117
f 2524/3526/1373 2536/3551/1241 2537/3552/1372 2525/3527/1384
f 2525/3527/1384 2537/3552/1372 2538/3553/1371 2526/3529/1383
f 2526/3529/1383 2538/3553/1371 2539/3554/1370 2527/3531/1382
f 2527/3531/1382 2539/3554/1370 2540/3555/1369 2528/3533/1885
f 2528/3533/1885 2540/3555/1369 2541/3556/1887 2529/3535/1380
f 2529/3535/1380 2541/3556/1887 2542/3557/1235 2530/3537/1379
f 2530/3540/1379 2542/3558/1235 2543/3559/1888 2531/3541/1378
f 2531/3541/1378 2543/3559/1888 2544/3560/1366 2532/3543/1886
f 2532/3543/1886 2544/3560/1366 2545/3561/1889 2533/3545/1376
f 2533/3545/1376 2545/3561/1889 2546/3562/1364 2534/3547/1375
f 2534/3547/1375 2546/3562/1364 2547/3563/1363 2535/3549/1374
f 2535/3549/1374 2547/3563/1363 2536/3551/1241 2524/3526/1373
f 2536/3551/1241 2548/3564/1229 2549/3565/1362 2537/3552/1372
f 2537/3552/1372 2549/3565/1362 2550/3566/1361 2538/3553/1371
f 2538/3553/1371 2550/3566/1361 2551/3567/1360 2539/3554/1370
f 2539/3554/1370 2551/3567/1360 2552/3568/1359 2540/3555/1369
f 2540/3555/1369 2552/3568/1359 2553/3569/1358 2541/3556/1887
f 2541/3556/1887 2553/3569/1358 2554/3570/1223 2542/3557/1235
f 2542/3558/1235 2554/3571/1223 2555/3572/1357 2543/3559/1888
f 2543/3559/1888 2555/3572/1357 2556/3573/1356 2544/3560/1366
f 2544/3560/1366 2556/3573/1356 2557/3574/1355 2545/3561/1889
f 2545/3561/1889 2557/3574/1355 2558/3575/1354 2546/3562/1364
f 2546/3562/1364 2558/3575/1354 2559/3576/1353 2547/3563/1363
f 2547/3563/1363 2559/3576/1353 2548/3564/1229 2536/3551/1241
f 2548/3564/1229 2560/3577/1217 2561/3578/1352 2549/3565/1362
f 2549/3565/1362 2561/3578/1352 2562/3579/1351 2550/3566/1361
f 2550/3566/1361 2562/3579/1351 2563/3580/1350 2551/3567/1360
f 2551/3567/1360 2563/3580/1350 2564/3581/1349 2552/3568/1359
f 2552/3568/1359 2564/3581/1349 2565/3582/1348 2553/3569/1358
f 2553/3569/1358 2565/3582/1348 2566/3583/1211 2554/3570/1223
f 2554/3571/1223 2566/3584/1211 2567/3585/1347 2555/3572/1357
f 2555/3572/1357 2567/3585/1347 2568/3586/1346 2556/3573/1356
f 2556/3573/1356 2568/3586/1346 2569/3587/1890 2557/3574/1355
f 2557/3574/1355 2569/3587/1890 2570/3588/1344 2558/3575/1354
f 2558/3575/1354 2570/3588/1344 2571/3589/1343 2559/3576/1353
f 2559/3576/1353 2571/3589/1343 2560/3577/1217 2548/3564/1229
f 2560/3577/1217 2572/3590/1205 2573/3591/1342 2561/3578/1352
f 2561/3578/1352 2573/3591/1342 2574/3592/1341 2562/3579/1351
f 2562/3579/1351 2574/3592/1341 2575/3593/1340 2563/3580/1350
f 2563/3580/1350 2575/3593/1340 2576/3594/1339 2564/3581/1349
f 2564/3581/1349 2576/3594/1339 2577/3595/1891 2565/3582/1348
f 2565/3582/1348 2577/3595/1891 2578/3596/1199 2566/3583/1211
f 2566/3584/1211 2578/3597/1199 2579/3598/1892 2567/3585/1347
f 2567/3585/1347 2579/3598/1892 2580/3599/1893 2568/3586/1346
f 2568/3586/1346 2580/3599/1893 2581/3600/1335 2569/3587/1890
f 2569/3587/1890 2581/3600/1335 2582/3601/1334 2570/3588/1344
f 2570/3588/1344 2582/3601/1334 2583/3602/1333 2571/3589/1343
f 2571/3589/1343 2583/3602/1333 2572/3590/1205 2560/3577/1217
f 2572/3590/1205 2584/3603/95 2585/3604/1332 2573/3591/1342
f 2573/3591/1342 2585/3604/1332 2586/3605/1331 2574/3592/1341
f 2574/3592/1341 2586/3605/1331 2587/3606/1330 2575/3593/1340
f 2575/3593/1340 2587/3606/1330 2588/3607/1329 2576/3594/1339
f 2576/3594/1339 2588/3607/1329 2589/3608/1328 2577/3595/1891
f 2577/3595/1891 2589/3608/1328 2590/3609/23 2578/3596/1199
f 2578/3597/1199 2590/3610/23 2591/3611/1327 2579/3598/1892
f 2579/3598/1892 2591/3611/1327 2592/3612/1326 2580/3599/1893
f 2580/3599/1893 2592/3612/1326 2593/3613/1325 2581/3600/1335
f 2581/3600/1335 2593/3613/1325 2594/3614/1324 2582/3601/1334
f 2582/3601/1334 2594/3614/1324 2595/3615/1323 2583/3602/1333
f 2583/3602/1333 2595/3615/1323 2584/3603/95 2572/3590/1205
f 2584/3603/95 2596/3616/1183 2597/3617/1322 2585/3604/1332
f 2585/3604/1332 2597/3617/1322 2598/3618/1321 2586/3605/1331
f 2586/3605/1331 2598/3618/1321 2599/3619/1320 2587/3606/1330
f 2587/3606/1330 2599/3619/1320 2600/3620/1319 2588/3607/1329
f 2588/3607/1329 2600/3620/1319 2601/3621/1318 2589/3608/1328
f 2589/3608/1328 2601/3621/1318 2602/3622/1177 2590/3609/23
f 2590/3610/23 2602/3623/1177 2603/3624/1317 2591/3611/1327
f 2591/3611/1327 2603/3624/1317 2604/3625/1316 2592/3612/1326
f 2592/3612/1326 2604/3625/1316 2605/3626/1315 2593/3613/1325
f 2593/3613/1325 2605/3626/1315 2606/3627/1314 2594/3614/1324
f 2594/3614/1324 2606/3627/1314 2607/3628/1313 2595/3615/1323
f 2595/3615/1323 2607/3628/1313 2596/3616/1183 2584/3603/95
f 2596/3616/1183 2608/3629/1171 2609/3630/1312 2597/3617/1322
f 2597/3617/1322 2609/3630/1312 2610/3631/1311 2598/3618/1321
f 2598/3618/1321 2610/3631/1311 2611/3632/1310 2599/3619/1320
f 2599/3619/1320 2611/3632/1310 2612/3633/1309 2600/3620/1319
f 2600/3620/1319 2612/3633/1309 2613/3634/1894 2601/3621/1318
f 2601/3621/1318 2613/3634/1894 2614/3635/1165 2602/3622/1177
f 2602/3623/1177 2614/3636/1165 2615/3637/1307 2603/3624/1317
f 2603/3624/1317 2615/3637/1307 2616/3638/1306 2604/3625/1316
f 2604/3625/1316 2616/3638/1306 2617/3639/1305 2605/3626/1315
f 2605/3626/1315 2617/3639/1305 2618/3640/1304 2606/3627/1314
f 2606/3627/1314 2618/3640/1304 2619/3641/1303 2607/3628/1313
f 2607/3628/1313 2619/3641/1303 2608/3629/1171 2596/3616/1183
f 2608/3629/1171 2620/3642/1159 2621/3643/1302 2609/3630/1312
f 2609/3630/1312 2621/3643/1302 2622/3644/1895 2610/3631/1311
f 2610/3631/1311 2622/3644/1895 2623/3645/1300 2611/3632/1310
f 2611/3632/1310 2623/3645/1300 2624/3646/1299 2612/3633/1309
f 2612/3633/1309 2624/3646/1299 2625/3647/1298 2613/3634/1894
f 2613/3634/1894 2625/3647/1298 2626/3648/1153 2614/3635/1165
f 2614/3636/1165 2626/3649/1153 2627/3650/1297 2615/3637/1307
f 2615/3637/1307 2627/3650/1297 2628/3651/1896 2616/3638/1306
f 2616/3638/1306 2628/3651/1896 2629/3652/1897 2617/3639/1305
f 2617/3639/1305 2629/3652/1897 2630/3653/1898 2618/3640/1304
f 2618/3640/1304 2630/3653/1898 2631/3654/1293 2619/3641/1303
f 2619/3641/1303 2631/3654/1293 2620/3642/1159 2608/3629/1171
f 2620/3642/1159 2632/3655/1147 2633/3656/1292 2621/3643/1302
f 2621/3643/1302 2633/3656/1292 2634/3657/1291 2622/3644/1895
f 2622/3644/1895 2634/3657/1291 2635/3658/1899 2623/3645/1300
f 2623/3645/1300 2635/3658/1899 2636/3659/1289 2624/3646/1299
f 2624/3646/1299 2636/3659/1289 2637/3660/1288 2625/3647/1298
f 2625/3647/1298 2637/3660/1288 2638/3661/1141 2626/3648/1153
f 2626/3649/1153 2638/3662/1141 2639/3663/1287 2627/3650/1297
f 2627/3650/1297 2639/3663/1287 2640/3664/1900 2628/3651/1896
f 2628/3651/1896 2640/3664/1900 2641/3665/1285 2629/3652/1897
f 2629/3652/1897 2641/3665/1285 2642/3666/1284 2630/3653/1898
f 2630/3653/1898 2642/3666/1284 2643/3667/1283 2631/3654/1293
f 2631/3654/1293 2643/3667/1283 2632/3655/1147 2620/3642/1159
f 2632/3655/1147 2644/3668/1271 2645/3669/1282 2633/3656/1292
f 2633/3656/1292 2645/3669/1282 2646/3670/1281 2634/3657/1291
f 2634/3657/1291 2646/3670/1281 2647/3671/1280 2635/3658/1899
f 2635/3658/1899 2647/3671/1280 2648/3672/1279 2636/3659/1289
f 2636/3659/1289 2648/3672/1279 2649/3673/1901 2637/3660/1288
f 2637/3660/1288 2649/3673/1901 2650/3674/1277 2638/3661/1141
f 2638/3662/1141 2650/3675/1277 2651/3676/1902 2639/3663/1287
f 2639/3663/1287 2651/3676/1902 2652/3677/1275 2640/3664/1900
f 2640/3664/1900 2652/3677/1275 2653/3678/1274 2641/3665/1285
f 2641/3665/1285 2653/3678/1274 2654/3679/1273 2642/3666/1284
f 2642/3666/1284 2654/3679/1273 2655/3680/1272 2643/3667/1283
f 2643/3667/1283 2655/3680/1272 2644/3668/1271 2632/3655/1147
f 2644/3668/1271 2368/3356/1259 2369/3359/1270 2645/3669/1282
f 2645/3669/1282 2369/3359/1270 2370/3361/1861 2646/3670/1281
f 2646/3670/1281 2370/3361/1861 2371/3363/1268 2647/3671/1280
f 2647/3671/1280 2371/3363/1268 2372/3365/1267 2648/3672/1279
f 2648/3672/1279 2372/3365/1267 2373/3367/1266 2649/3673/1901
f 2649/3673/1901 2373/3367/1266 2374/3369/1864 2650/3674/1277
f 2650/3675/1277 2374/3370/1864 2375/3373/1264 2651/3676/1902
f 2651/3676/1902 2375/3373/1264 2376/3375/1263 2652/3677/1275
f 2652/3677/1275 2376/3375/1263 2377/3377/1262 2653/3678/1274
f 2653/3678/1274 2377/3377/1262 2378/3379/1867 2654/3679/1273
f 2654/3679/1273 2378/3379/1867 2379/3381/1260 2655/3680/1272
f 2655/3680/1272 2379/3381/1260 2368/3356/1259 2644/3668/1271
f 3234/3681/1408 2676/3682/1724 2674/3683/1723 3240/3684/1409
f 3085/3685/1159 3086/3686/1434 3017/3687/1903 2956/3688/1904
f 3226/3689/1153 2680/3690/1726 2678/3691/1725 3220/3692/1418
f 2684/3693/1728 2686/3694/1729 2669/3695/1905 2670/3696/1906
f 3104/3697/1409 3103/3698/1408 3010/3699/1907 3013/3700/1908
f 3216/3701/1464 2684/3702/1728 2682/3703/1727 3237/3704/1504
f 2712/3705/1742 2714/3706/1743 2944/3707/1909 2656/3708/1910
f 3114/3709/1385 3115/3710/1388 3046/3711/1911 3044/3712/1912
f 3236/3713/937 2688/3714/1730 2686/3715/1729 3224/3716/1463
f 2886/3717/1719 2888/3718/1720 2953/3719/1913 2952/3720/1914
f 3112/3721/1223 3113/3722/1505 3040/3723/1915 3038/3724/1916
f 3111/3725/1403 3112/3726/1223 3038/3727/1916 3035/3728/1917
f 2696/3729/1734 2698/3730/1735 2663/3731/1918 2664/3732/1919
f 3098/3733/1463 3097/3734/937 2993/3735/1920 2995/3736/1921
f 2708/3737/1740 2710/3738/1741 2657/3739/1922 2658/3740/1923
f 3232/3741/1492 2694/3742/1733 2692/3743/1924 3223/3744/1451
f 3100/3745/1925 3099/3746/1464 2998/3747/1926 3001/3748/1927
f 2674/3683/1723 2676/3682/1724 2894/3749/1928 2895/3750/1929
f 3213/3751/1229 2696/3752/1734 2694/3753/1733 3232/3754/1492
f 3087/3755/1930 3084/3756/1931 2959/3757/1932 2963/3758/1933
f 2718/3759/1745 2720/3760/1746 2947/3761/1934 2946/3762/1935
f 3222/3763/1443 2698/3730/1735 2696/3729/1734 3213/3764/1229
f 3086/3765/1434 3106/3766/1858 3020/3767/1936 3017/3768/1903
f 3223/3769/1451 2692/3770/1924 2690/3771/1731 3214/3772/1495
f 2678/3691/1725 2680/3690/1726 2672/3773/1937 2673/3774/1938
f 2714/3775/1743 2716/3776/1744 2945/3777/1939 2944/3778/1909
f 3241/3779/1473 2702/3780/1737 2700/3781/1736 3231/3782/1940
f 3109/3783/1427 3110/3784/1941 3031/3785/1942 3028/3786/1943
f 2888/3787/1720 2890/3788/1721 2954/3789/1944 2953/3790/1913
f 3221/3791/95 2704/3792/1738 2702/3793/1737 3241/3794/1473
f 3105/3795/23 3104/3796/1409 3013/3797/1908 3049/3798/1945
f 2890/3799/1721 2892/3800/1722 2955/3801/1946 2954/3802/1944
f 3228/3803/1459 2706/3804/1739 2704/3805/1738 3221/3806/95
f 3090/3807/1473 3089/3808/95 2968/3809/1947 2972/3810/1948
f 3231/3811/1940 2700/3812/1736 2698/3813/1735 3222/3814/1443
f 2682/3703/1727 2684/3702/1728 2670/3815/1906 2671/3816/1949
f 3091/3817/1940 3090/3818/1473 2972/3819/1948 2975/3820/1950
f 2724/3821/1748 2726/3822/1749 2950/3823/1951 2949/3824/1952
f 3218/3825/1508 2710/3738/1741 2708/3737/1740 3242/3826/1930
f 3096/3827/1495 3095/3828/1451 2987/3829/1953 2989/3830/1954
f 2726/3831/1749 2884/3832/1718 2951/3833/1955 2950/3834/1951
f 3227/3835/1159 2712/3836/1742 2710/3837/1741 3218/3838/1508
f 3108/3839/946 3109/3840/1427 3028/3841/1943 3025/3842/1956
f 2720/3843/1746 2722/3844/1747 2948/3845/1957 2947/3846/1934
f 3239/3847/1434 2714/3706/1743 2712/3705/1742 3227/3848/1159
f 3149/3849/1421 3148/3850/1464 3139/3851/1958 3142/3852/1727
f 3242/3853/1930 2708/3854/1740 2706/3855/1739 3228/3856/1459
f 2710/3837/1741 2712/3836/1742 2656/3857/1910 2657/3858/1922
f 3099/3859/1464 3098/3860/1463 2995/3861/1921 2998/3862/1926
f 2722/3863/1747 2724/3864/1748 2949/3865/1952 2948/3866/1957
f 3229/3867/1484 2718/3868/1745 2716/3869/1744 3217/3870/1858
f 3110/3871/1941 3111/3872/1403 3035/3873/1917 3031/3874/1942
f 2694/3753/1733 2696/3752/1734 2664/3875/1919 2665/3876/1959
f 3238/3877/946 2720/3760/1746 2718/3759/1745 3229/3878/1484
f 3088/3879/1459 3087/3880/1930 2963/3881/1933 2965/3882/1960
f 2706/3855/1739 2708/3854/1740 2658/3883/1923 2659/3884/1961
f 3215/3885/1427 2722/3844/1747 2720/3843/1746 3238/3886/946
f 3094/3887/1389 3093/3888/1229 2981/3889/1962 2983/3890/1963
f 3217/3891/1858 2716/3776/1744 2714/3775/1743 3239/3892/1434
f 2692/3743/1924 2694/3742/1733 2665/3893/1959 2666/3894/1964
f 3095/3895/1451 3094/3896/1389 2983/3897/1963 2987/3898/1953
f 2704/3805/1738 2706/3804/1739 2659/3899/1961 2660/3900/1965
f 3233/3901/1403 2726/3822/1749 2724/3821/1748 3225/3902/1941
f 3102/3903/1418 3101/3904/1153 3005/3905/1966 3008/3906/1967
f 2716/3869/1744 2718/3868/1745 2946/3907/1935 2945/3908/1939
f 3230/3909/1223 2884/3832/1718 2726/3831/1749 3233/3910/1403
f 3092/3911/1443 3091/3912/1940 2975/3913/1950 2977/3914/1968
f 2688/3915/1730 2690/3916/1731 2667/3917/1969 2668/3918/1970
f 3235/3919/1505 2886/3920/1719 2884/3921/1718 3230/3922/1223
f 3097/3923/937 3096/3924/1495 2989/3925/1954 2993/3926/1920
f 3225/3927/1941 2724/3864/1748 2722/3863/1747 3215/3928/1427
f 2728/3929/1971 2740/3930/1972 2741/3931/1973 2729/3932/1974
f 2729/3932/1974 2741/3931/1973 2742/3933/1975 2730/3934/1976
f 2730/3934/1976 2742/3933/1975 2743/3935/1977 2731/3936/1978
f 2731/3936/1978 2743/3935/1977 2744/3937/1979 2732/3938/1980
f 2732/3938/1980 2744/3937/1979 2745/3939/1981 2733/3940/1982
f 2733/3940/1982 2745/3939/1981 2746/3941/1983 2734/3942/1984
f 2734/3943/1984 2746/3944/1983 2747/3945/1985 2735/3946/1986
f 2735/3946/1986 2747/3945/1985 2748/3947/1987 2736/3948/1988
f 2736/3948/1988 2748/3947/1987 2749/3949/1989 2737/3950/1990
f 2737/3950/1990 2749/3949/1989 2750/3951/1991 2738/3952/1992
f 2738/3952/1992 2750/3951/1991 2751/3953/1993 2739/3954/1994
f 2739/3954/1994 2751/3953/1993 2740/3930/1972 2728/3929/1971
f 2740/3930/1972 2752/3955/1995 2753/3956/1996 2741/3931/1973
f 2741/3931/1973 2753/3956/1996 2754/3957/1997 2742/3933/1975
f 2742/3933/1975 2754/3957/1997 2755/3958/1998 2743/3935/1977
f 2743/3935/1977 2755/3958/1998 2756/3959/1999 2744/3937/1979
f 2744/3937/1979 2756/3959/1999 2757/3960/2000 2745/3939/1981
f 2745/3939/1981 2757/3960/2000 2758/3961/2001 2746/3941/1983
f 2746/3944/1983 2758/3962/2001 2759/3963/2002 2747/3945/1985
f 2747/3945/1985 2759/3963/2002 2760/3964/2003 2748/3947/1987
f 2748/3947/1987 2760/3964/2003 2761/3965/2004 2749/3949/1989
f 2749/3949/1989 2761/3965/2004 2762/3966/2005 2750/3951/1991
f 2750/3951/1991 2762/3966/2005 2763/3967/2006 2751/3953/1993
f 2751/3953/1993 2763/3967/2006 2752/3955/1995 2740/3930/1972
f 2752/3955/1995 2764/3968/2007 2765/3969/2008 2753/3956/1996
f 2753/3956/1996 2765/3969/2008 2766/3970/2009 2754/3957/1997
f 2754/3957/1997 2766/3970/2009 2767/3971/2010 2755/3958/1998
f 2755/3958/1998 2767/3971/2010 2768/3972/2011 2756/3959/1999
f 2756/3959/1999 2768/3972/2011 2769/3973/2012 2757/3960/2000
f 2757/3960/2000 2769/3973/2012 2770/3974/2013 2758/3961/2001
f 2758/3962/2001 2770/3975/2013 2771/3976/2014 2759/3963/2002
f 2759/3963/2002 2771/3976/2014 2772/3977/2015 2760/3964/2003
f 2760/3964/2003 2772/3977/2015 2773/3978/2016 2761/3965/2004
f 2761/3965/2004 2773/3978/2016 2774/3979/2017 2762/3966/2005
f 2762/3966/2005 2774/3979/2017 2775/3980/2018 2763/3967/2006
f 2763/3967/2006 2775/3980/2018 2764/3968/2007 2752/3955/1995
f 2764/3968/2007 2776/3981/2019 2777/3982/2020 2765/3969/2008
f 2765/3969/2008 2777/3982/2020 2778/3983/2021 2766/3970/2009
f 2766/3970/2009 2778/3983/2021 2779/3984/2022 2767/3971/2010
f 2767/3971/2010 2779/3984/2022 2780/3985/2023 2768/3972/2011
f 2768/3972/2011 2780/3985/2023 2781/3986/2024 2769/3973/2012
f 2769/3973/2012 2781/3986/2024 2782/3987/2025 2770/3974/2013
f 2770/3975/2013 2782/3988/2025 2783/3989/2026 2771/3976/2014
f 2771/3976/2014 2783/3989/2026 2784/3990/2027 2772/3977/2015
f 2772/3977/2015 2784/3990/2027 2785/3991/2028 2773/3978/2016
f 2773/3978/2016 2785/3991/2028 2786/3992/2029 2774/3979/2017
f 2774/3979/2017 2786/3992/2029 2787/3993/2030 2775/3980/2018
f 2775/3980/2018 2787/3993/2030 2776/3981/2019 2764/3968/2007
f 2776/3981/2019 2788/3994/2031 2789/3995/2032 2777/3982/2020
f 2777/3982/2020 2789/3995/2032 2790/3996/2033 2778/3983/2021
f 2778/3983/2021 2790/3996/2033 2791/3997/2034 2779/3984/2022
f 2779/3984/2022 2791/3997/2034 2792/3998/2035 2780/3985/2023
f 2780/3985/2023 2792/3998/2035 2793/3999/2036 2781/3986/2024
f 2781/3986/2024 2793/3999/2036 2794/4000/2037 2782/3987/2025
f 2782/3988/2025 2794/4001/2037 2795/4002/2038 2783/3989/2026
f 2783/3989/2026 2795/4002/2038 2796/4003/2039 2784/3990/2027
f 2784/3990/2027 2796/4003/2039 2797/4004/2040 2785/3991/2028
f 2785/3991/2028 2797/4004/2040 2798/4005/2041 2786/3992/2029
f 2786/3992/2029 2798/4005/2041 2799/4006/2042 2787/3993/2030
f 2787/3993/2030 2799/4006/2042 2788/3994/2031 2776/3981/2019
f 2788/3994/2031 2800/4007/60 2801/4008/2043 2789/3995/2032
f 2789/3995/2032 2801/4008/2043 2802/4009/2044 2790/3996/2033
f 2790/3996/2033 2802/4009/2044 2803/4010/2045 2791/3997/2034
f 2791/3997/2034 2803/4010/2045 2804/4011/2046 2792/3998/2035
f 2792/3998/2035 2804/4011/2046 2805/4012/2047 2793/3999/2036
f 2793/3999/2036 2805/4012/2047 2806/4013/43 2794/4000/2037
f 2794/4001/2037 2806/4014/43 2807/4015/2048 2795/4002/2038
f 2795/4002/2038 2807/4015/2048 2808/4016/2049 2796/4003/2039
f 2796/4003/2039 2808/4016/2049 2809/4017/2050 2797/4004/2040
f 2797/4004/2040 2809/4017/2050 2810/4018/2051 2798/4005/2041
f 2798/4005/2041 2810/4018/2051 2811/4019/2052 2799/4006/2042
f 2799/4006/2042 2811/4019/2052 2800/4007/60 2788/3994/2031
f 2800/4020/60 2812/4021/2053 2813/4022/2054 2801/4023/2043
f 2801/4023/2043 2813/4022/2054 2814/4024/2055 2802/4025/2044
f 2802/4025/2044 2814/4024/2055 2815/4026/2056 2803/4027/2045
f 2803/4027/2045 2815/4026/2056 2816/4028/2057 2804/4029/2046
f 2804/4029/2046 2816/4028/2057 2817/4030/2058 2805/4031/2047
f 2805/4031/2047 2817/4030/2058 2818/4032/2059 2806/4033/43
f 2806/4034/43 2818/4035/2059 2819/4036/2060 2807/4037/2048
f 2807/4037/2048 2819/4036/2060 2820/4038/2061 2808/4039/2049
f 2808/4039/2049 2820/4038/2061 2821/4040/2062 2809/4041/2050
f 2809/4041/2050 2821/4040/2062 2822/4042/2063 2810/4043/2051
f 2810/4043/2051 2822/4042/2063 2823/4044/2064 2811/4045/2052
f 2811/4045/2052 2823/4044/2064 2812/4021/2053 2800/4020/60
f 2812/4021/2053 2824/4046/2065 2825/4047/2066 2813/4022/2054
f 2813/4022/2054 2825/4047/2066 2826/4048/2067 2814/4024/2055
f 2814/4024/2055 2826/4048/2067 2827/4049/2068 2815/4026/2056
f 2815/4026/2056 2827/4049/2068 2828/4050/2069 2816/4028/2057
f 2816/4028/2057 2828/4050/2069 2829/4051/2070 2817/4030/2058
f 2817/4030/2058 2829/4051/2070 2830/4052/2071 2818/4032/2059
f 2818/4035/2059 2830/4053/2071 2831/4054/2072 2819/4036/2060
f 2819/4036/2060 2831/4054/2072 2832/4055/2073 2820/4038/2061
f 2820/4038/2061 2832/4055/2073 2833/4056/2074 2821/4040/2062
f 2821/4040/2062 2833/4056/2074 2834/4057/2075 2822/4042/2063
f 2822/4042/2063 2834/4057/2075 2835/4058/2076 2823/4044/2064
f 2823/4044/2064 2835/4058/2076 2824/4046/2065 2812/4021/2053
f 2824/4046/2065 2836/4059/2077 2837/4060/2078 2825/4047/2066
f 2825/4047/2066 2837/4060/2078 2838/4061/2079 2826/4048/2067
f 2826/4048/2067 2838/4061/2079 2839/4062/2080 2827/4049/2068
f 2827/4049/2068 2839/4062/2080 2840/4063/2081 2828/4050/2069
f 2828/4050/2069 2840/4063/2081 2841/4064/2082 2829/4051/2070
f 2829/4051/2070 2841/4064/2082 2842/4065/2083 2830/4052/2071
f 2830/4053/2071 2842/4066/2083 2843/4067/2084 2831/4054/2072
f 2831/4054/2072 2843/4067/2084 2844/4068/2085 2832/4055/2073
f 2832/4055/2073 2844/4068/2085 2845/4069/2086 2833/4056/2074
f 2833/4056/2074 2845/4069/2086 2846/4070/2087 2834/4057/2075
f 2834/4057/2075 2846/4070/2087 2847/4071/2088 2835/4058/2076
f 2835/4058/2076 2847/4071/2088 2836/4059/2077 2824/4046/2065
f 2836/4059/2077 2848/4072/2089 2849/4073/2090 2837/4060/2078
f 2837/4060/2078 2849/4073/2090 2850/4074/2091 2838/4061/2079
f 2838/4061/2079 2850/4074/2091 2851/4075/2092 2839/4062/2080
f 2839/4062/2080 2851/4075/2092 2852/4076/2093 2840/4063/2081
f 2840/4063/2081 2852/4076/2093 2853/4077/2094 2841/4064/2082
f 2841/4064/2082 2853/4077/2094 2854/4078/2095 2842/4065/2083
f 2842/4066/2083 2854/4079/2095 2855/4080/2096 2843/4067/2084
f 2843/4067/2084 2855/4080/2096 2856/4081/2097 2844/4068/2085
f 2844/4068/2085 2856/4081/2097 2857/4082/2098 2845/4069/2086
f 2845/4069/2086 2857/4082/2098 2858/4083/2099 2846/4070/2087
f 2846/4070/2087 2858/4083/2099 2859/4084/2100 2847/4071/2088
f 2847/4071/2088 2859/4084/2100 2848/4072/2089 2836/4059/2077
f 2848/4072/2089 2860/4085/2101 2861/4086/2102 2849/4073/2090
f 2849/4073/2090 2861/4086/2102 2862/4087/2103 2850/4074/2091
f 2850/4074/2091 2862/4087/2103 2863/4088/2104 2851/4075/2092
f 2851/4075/2092 2863/4088/2104 2864/4089/2105 2852/4076/2093
f 2852/4076/2093 2864/4089/2105 2865/4090/2106 2853/4077/2094
f 2853/4077/2094 2865/4090/2106 2866/4091/2107 2854/4078/2095
f 2854/4079/2095 2866/4092/2107 2867/4093/2108 2855/4080/2096
f 2855/4080/2096 2867/4093/2108 2868/4094/2109 2856/4081/2097
f 2856/4081/2097 2868/4094/2109 2869/4095/2110 2857/4082/2098
f 2857/4082/2098 2869/4095/2110 2870/4096/2111 2858/4083/2099
f 2858/4083/2099 2870/4096/2111 2871/4097/2112 2859/4084/2100
f 2859/4084/2100 2871/4097/2112 2860/4085/2101 2848/4072/2089
f 2860/4085/2101 2872/4098/2113 2873/4099/2114 2861/4086/2102
f 2861/4086/2102 2873/4099/2114 2874/4100/2115 2862/4087/2103
f 2862/4087/2103 2874/4100/2115 2875/4101/2116 2863/4088/2104
f 2863/4088/2104 2875/4101/2116 2876/4102/2117 2864/4089/2105
f 2864/4089/2105 2876/4102/2117 2877/4103/2118 2865/4090/2106
f 2865/4090/2106 2877/4103/2118 2878/4104/2119 2866/4091/2107
f 2866/4092/2107 2878/4105/2119 2879/4106/2120 2867/4093/2108
f 2867/4093/2108 2879/4106/2120 2880/4107/2121 2868/4094/2109
f 2868/4094/2109 2880/4107/2121 2881/4108/2122 2869/4095/2110
f 2869/4095/2110 2881/4108/2122 2882/4109/2123 2870/4096/2111
f 2870/4096/2111 2882/4109/2123 2883/4110/2124 2871/4097/2112
f 2871/4097/2112 2883/4110/2124 2872/4098/2113 2860/4085/2101
f 3243/4111/1385 2888/3718/1720 2886/3717/1719 3235/4112/1505
f 3219/4113/1388 2890/3788/1721 2888/3787/1720 3243/4114/1385
f 2698/3813/1735 2700/3812/1736 2662/4115/2125 2663/4116/1918
f 3101/4117/1153 3100/4118/1925 3001/4119/1927 3005/4120/1966
f 2939/4121/2126 2938/4122/2127 2901/4123/2128 2900/4124/2129
f 2936/4125/2130 2935/4126/2131 2904/4127/2132 2903/4128/2133
f 2943/4129/2134 2942/4130/2135 2897/4131/2136 2896/4132/2137
f 2928/4133/2138 2929/4134/2139 2910/4135/2140 2911/4136/2141
f 2942/4130/2135 2941/4137/2142 2898/4138/2143 2897/4131/2136
f 2923/4139/2144 2924/4140/2145 2915/4141/2146 2916/4142/2147
f 2924/4140/2145 2925/4143/2148 2914/4144/2149 2915/4141/2146
f 2700/3781/1736 2702/3780/1737 2661/4145/2150 2662/4146/2125
f 3093/4147/1229 3092/4148/1443 2977/4149/1968 2981/4150/1962
f 3106/4151/1858 3107/4152/1484 3023/4153/2151 3020/4154/1936
f 3212/4155/23 2892/3800/1722 2890/3799/1721 3219/4156/1388
f 2686/3715/1729 2688/3714/1730 2668/4157/1970 2669/4158/1905
f 2926/4159/2152 2927/4160/2153 2912/4161/2154 2913/4162/2155
f 2941/4137/2142 2940/4163/2156 2899/4164/2157 2898/4138/2143
f 2935/4126/2131 2934/4165/2158 2905/4166/2159 2904/4127/2132
f 2927/4160/2153 2928/4133/2138 2911/4136/2141 2912/4161/2154
f 2932/4167/2160 2943/4129/2134 2896/4132/2137 2907/4168/2161
f 2937/4169/2162 2936/4125/2130 2903/4128/2133 2902/4170/2163
f 2931/4171/2164 2920/4172/2165 2919/4173/2166 2908/4174/2167
f 2676/4175/1724 2678/4176/1725 2673/4177/1938 2894/4178/1928
f 2940/4163/2156 2939/4121/2126 2900/4124/2129 2899/4164/2157
f 2929/4134/2139 2930/4179/2168 2909/4180/2169 2910/4135/2140
f 2925/4181/2148 2926/4159/2152 2913/4162/2155 2914/4182/2149
f 2920/4172/2165 2921/4183/2170 2918/4184/2171 2919/4173/2166
f 2921/4183/2170 2922/4185/2172 2917/4186/2173 2918/4184/2171
f 2933/4187/2174 2932/4167/2160 2907/4168/2161 2906/4188/2175
f 2934/4165/2158 2933/4187/2174 2906/4188/2175 2905/4166/2159
f 2908/4174/2167 2919/4173/2166 2918/4184/2171 2917/4186/2173 2916/4142/2147 2915/4141/2146 2914/4144/2149 2913/4162/2155 2912/4161/2154 2911/4136/2141 2910/4135/2140 2909/4180/2169
f 2896/4132/2137 2897/4131/2136 2898/4138/2143 2899/4164/2157 2900/4124/2129 2901/4123/2128 2902/4170/2163 2903/4128/2133 2904/4127/2132 2905/4166/2159 2906/4188/2175 2907/4168/2161
f 2739/3954/1994 2728/3929/1971 2943/4129/2134 2932/4167/2160
f 2882/4109/2123 2881/4108/2122 2922/4185/2172 2921/4183/2170
f 2930/4179/2168 2931/4171/2164 2908/4174/2167 2909/4180/2169
f 2737/3950/1990 2738/3952/1992 2933/4187/2174 2934/4165/2158
f 2876/4102/2117 2875/4101/2116 2928/4133/2138 2927/4160/2153
f 2736/3948/1988 2737/3950/1990 2934/4165/2158 2935/4126/2131
f 2881/4108/2122 2880/4107/2121 2923/4139/2144 2922/4185/2172
f 2732/3938/1980 2733/3940/1982 2938/4122/2127 2939/4121/2126
f 2731/3936/1978 2732/3938/1980 2939/4121/2126 2940/4163/2156
f 2878/4104/2119 2877/4103/2118 2926/4159/2152 2925/4181/2148
f 2874/4100/2115 2873/4099/2114 2930/4179/2168 2929/4134/2139
f 2729/3932/1974 2730/3934/1976 2941/4137/2142 2942/4130/2135
f 2728/3929/1971 2729/3932/1974 2942/4130/2135 2943/4129/2134
f 2877/4103/2118 2876/4102/2117 2927/4160/2153 2926/4159/2152
f 2872/4098/2113 2883/4110/2124 2920/4172/2165 2931/4171/2164
f 2733/3940/1982 2734/3942/1984 2937/4189/2162 2938/4122/2127
f 2738/3952/1992 2739/3954/1994 2932/4167/2160 2933/4187/2174
f 2873/4099/2114 2872/4098/2113 2931/4171/2164 2930/4179/2168
f 2883/4110/2124 2882/4109/2123 2921/4183/2170 2920/4172/2165
f 2735/3946/1986 2736/3948/1988 2935/4126/2131 2936/4125/2130
f 2875/4101/2116 2874/4100/2115 2929/4134/2139 2928/4133/2138
f 2730/3934/1976 2731/3936/1978 2940/4163/2156 2941/4137/2142
f 2938/4122/2127 2937/4189/2162 2902/4190/2163 2901/4123/2128
f 2922/4185/2172 2923/4139/2144 2916/4142/2147 2917/4186/2173
f 2734/3943/1984 2735/3946/1986 2936/4125/2130 2937/4169/2162
f 2879/4106/2120 2878/4105/2119 2925/4143/2148 2924/4140/2145
f 2880/4107/2121 2879/4106/2120 2924/4140/2145 2923/4139/2144
f 2690/3771/1731 2692/3770/1924 2666/4191/1964 2667/4192/1969
f 3220/4193/1418 2678/4176/1725 2676/4175/1724 3234/4194/1408
f 2892/4195/1722 2674/4196/1723 2895/4197/1929 2955/4198/1946
f 3115/4199/1388 3105/4200/23 3049/4201/1945 3046/4202/1911
f 3237/4203/1504 2682/4204/1727 2680/4205/1726 3226/4206/1153
f 2702/3793/1737 2704/3792/1738 2660/4207/1965 2661/4208/2150
f 3113/4209/1505 3114/4210/1385 3044/4211/1912 3040/4212/1915
f 3224/4213/1463 2686/3694/1729 2684/3693/1728 3216/4214/1464
f 2680/4205/1726 2682/4204/1727 2671/4215/1949 2672/4216/1937
f 3089/4217/95 3088/4218/1459 2965/4219/1960 2968/4220/1947
f 3214/4221/1495 2690/3916/1731 2688/3915/1730 3236/4222/937
f 2681/4223/1487 2679/4224/1849 2677/4225/1850 2675/4226/1467 2893/4227/1471 2891/4228/1387 2889/4229/1386 2887/4230/1852 2885/4231/1392 2727/4232/1494 2725/4233/1395 2723/4234/1396 2721/4235/1412 2719/4236/1453 2717/4237/1436 2715/4238/1435 2713/4239/1423 2711/4240/1424 2709/4241/1853 2707/4242/1460 2705/4243/1469 2703/4244/1474 2701/4245/1430 2699/4246/1431 2697/4247/1404 2695/4248/1405 2693/4249/1457 2691/4250/1446 2689/4251/1447 2687/4252/1490 2685/4253/1847 2683/4254/1480
f 3103/4255/1408 3102/4256/1418 3008/4257/1967 3010/4258/1907
f 3240/4259/1409 2674/4196/1723 2892/4195/1722 3212/4260/23
f 2884/3921/1718 2886/3920/1719 2952/4261/1914 2951/4262/1955
f 3107/4263/1484 3108/4264/946 3025/4265/1956 3023/4266/2151
f 3005/4120/1966 3001/4119/1927 3003/4267/2176 3006/4268/2177
f 3180/4269/2178 3181/4270/2179 3002/4271/2180 3004/4272/2181
f 2963/3758/1933 2959/3757/1932 2961/4273/2182 2964/4274/2183
f 3182/4275/2184 3183/4276/2185 2960/4277/2186 2962/4278/2187
f 3044/3712/1912 3046/3711/1911 3048/4279/2188 3045/4280/2189
f 3184/4281/2190 3185/4282/2191 3047/4283/2192 3043/4284/2193
f 3001/3748/1927 2998/3747/1926 3000/4285/2194 3003/4286/2176
f 3181/4270/2179 3186/4287/2195 2999/4288/2196 3002/4271/2180
f 3046/4202/1911 3049/4201/1945 3051/4289/2197 3048/4290/2188
f 3185/4282/2191 3187/4291/2198 3050/4292/2199 3047/4283/2192
f 3038/3724/1916 3040/3723/1915 3042/4293/2200 3039/4294/2201
f 3188/4295/2202 3189/4296/2203 3041/4297/2204 3037/4298/2205
f 3023/4266/2151 3025/4265/1956 3027/4299/2206 3024/4300/2207
f 3190/4301/2208 3191/4302/2209 3026/4303/2210 3022/4304/2211
f 2998/3862/1926 2995/3861/1921 2997/4305/2212 3000/4306/2194
f 3186/4287/2195 3192/4307/2213 2996/4308/2214 2999/4288/2196
f 2993/3926/1920 2989/3925/1954 2991/4309/2215 2994/4310/2216
f 3193/4311/2217 3194/4312/2218 2990/4313/2219 2992/4314/2220
f 2987/3898/1953 2983/3897/1963 2985/4315/2221 2988/4316/2222
f 3195/4317/2223 3196/4318/2224 2984/4319/2225 2986/4320/2226
f 2981/4150/1962 2977/4149/1968 2979/4321/2227 2982/4322/2228
f 3197/4323/2229 3198/4324/2230 2978/4325/2231 2980/4326/2232
f 2995/3736/1921 2993/3735/1920 2994/4327/2216 2997/4328/2212
f 3192/4307/2213 3193/4311/2217 2992/4314/2220 2996/4308/2214
f 2972/3810/1948 2968/3809/1947 2970/4329/2233 2973/4330/2234
f 3199/4331/2235 3200/4332/2236 2969/4333/2237 2971/4334/2238
f 3025/3842/1956 3028/3841/1943 3030/4335/2239 3027/4336/2206
f 3191/4302/2209 3201/4337/2240 3029/4338/2241 3026/4303/2210
f 2975/3820/1950 2972/3819/1948 2973/4339/2234 2976/4340/2242
f 3202/4341/2243 3199/4331/2235 2971/4334/2238 2974/4342/2244
f 2983/3890/1963 2981/3889/1962 2982/4343/2228 2985/4344/2221
f 3196/4318/2224 3197/4323/2229 2980/4326/2232 2984/4319/2225
f 3020/4154/1936 3023/4153/2151 3024/4345/2207 3021/4346/2245
f 3203/4347/2246 3190/4301/2208 3022/4304/2211 3019/4348/2247
f 2989/3830/1954 2987/3829/1953 2988/4349/2222 2991/4350/2215
f 3194/4312/2218 3195/4317/2223 2986/4320/2226 2990/4313/2219
f 3008/3906/1967 3005/3905/1966 3006/4351/2177 3009/4352/2248
f 3204/4353/2249 3180/4269/2178 3004/4272/2181 3007/4354/2250
f 2959/4355/1932 2956/4356/1904 2958/4357/2251 2961/4358/2182
f 3183/4276/2185 3205/4359/2252 2957/4360/2253 2960/4277/2186
f 2977/3914/1968 2975/3913/1950 2976/4361/2242 2979/4362/2227
f 3198/4324/2230 3202/4341/2243 2974/4342/2244 2978/4325/2231
f 3017/3768/1903 3020/3767/1936 3021/4363/2245 3018/4364/2254
f 3206/4365/2255 3203/4347/2246 3019/4348/2247 3016/4366/2256
f 2968/4220/1947 2965/4219/1960 2967/4367/2257 2970/4368/2233
f 3200/4332/2236 3207/4369/2258 2966/4370/2259 2969/4333/2237
f 3028/3786/1943 3031/3785/1942 3033/4371/2260 3030/4372/2239
f 3201/4337/2240 3208/4373/2261 3032/4374/2262 3029/4338/2241
f 3035/3728/1917 3038/3727/1916 3039/4375/2201 3036/4376/2263
f 3209/4377/2264 3188/4295/2202 3037/4298/2205 3034/4378/2265
f 3049/3798/1945 3013/3797/1908 3015/4379/2266 3051/4380/2197
f 3187/4291/2198 3210/4381/2267 3014/4382/2268 3050/4292/2199
f 3013/3700/1908 3010/3699/1907 3012/4383/2269 3015/4384/2266
f 3210/4381/2267 3211/4385/2270 3011/4386/2271 3014/4382/2268
f 3010/4258/1907 3008/4257/1967 3009/4387/2248 3012/4388/2269
f 3211/4385/2270 3204/4353/2249 3007/4354/2250 3011/4386/2271
f 2965/3882/1960 2963/3881/1933 2964/4389/2183 2967/4390/2257
f 3207/4369/2258 3182/4275/2184 2962/4278/2187 2966/4370/2259
f 2956/3688/1904 3017/3687/1903 3018/4391/2254 2958/4392/2251
f 3205/4359/2252 3206/4365/2255 3016/4366/2256 2957/4360/2253
f 3031/3874/1942 3035/3873/1917 3036/4393/2263 3033/4394/2260
f 3208/4373/2261 3209/4377/2264 3034/4378/2265 3032/4374/2262
f 3040/4212/1915 3044/4211/1912 3045/4395/2189 3042/4396/2200
f 3189/4296/2203 3184/4281/2190 3043/4284/2193 3041/4297/2204
f 3084/4397/1931 3085/4398/1159 2956/4356/1904 2959/4355/1932
f 2675/4399/1467 3080/4400/1409 3059/4401/23 2893/4402/1471
f 2691/4403/1446 3053/4404/1495 3076/4405/937 2689/4406/1447
f 2687/4407/1490 3064/4408/1463 3055/4409/1464 2685/4410/1847
f 2683/4411/1480 3077/4412/1504 3066/4413/1153 2681/4414/1487
f 2679/4415/1849 3060/4416/1418 3074/4417/1408 2677/4418/1850
f 2893/4419/1471 3059/4420/23 3058/4421/1388 2891/4422/1387
f 2891/4423/1387 3058/4424/1388 3083/4425/1385 2889/4426/1386
f 2889/4427/1386 3083/4428/1385 3075/4429/1505 2887/4430/1852
f 2725/4431/1395 3065/4432/1401 3054/4433/1427 2723/4434/1396
f 2887/4435/1852 3075/4436/1505 3070/4437/1223 2885/4438/1392
f 2885/4439/1392 3070/4440/1223 3073/4441/1493 2727/4442/1494
f 2727/4443/1494 3073/4444/1493 3065/4445/1401 2725/4446/1395
f 2717/4447/1436 3056/4448/1437 3079/4449/1854 2715/4450/1435
f 2723/4451/1396 3054/4452/1427 3078/4453/946 2721/4454/1412
f 2721/4455/1412 3078/4456/946 3069/4457/1484 2719/4458/1453
f 2719/4459/1453 3069/4460/1484 3056/4461/1437 2717/4462/1436
f 2709/4463/1853 3082/4464/1462 3068/4465/1459 2707/4466/1460
f 2715/4467/1435 3079/4468/1854 3067/4469/1159 2713/4470/1423
f 2713/4471/1423 3067/4472/1159 3057/4473/1508 2711/4474/1424
f 2711/4475/1424 3057/4476/1508 3082/4477/1462 2709/4478/1853
f 2701/4479/1430 3071/4480/1442 3062/4481/1443 2699/4482/1431
f 2707/4483/1460 3068/4484/1459 3061/4485/95 2705/4486/1469
f 2705/4487/1469 3061/4488/95 3081/4489/1473 2703/4490/1474
f 2703/4491/1474 3081/4492/1473 3071/4493/1442 2701/4494/1430
f 2693/4495/1457 3063/4496/1451 3053/4497/1495 2691/4498/1446
f 2699/4499/1431 3062/4500/1443 3052/4501/1229 2697/4502/1404
f 2697/4503/1404 3052/4504/1229 3072/4505/1492 2695/4506/1405
f 2695/4507/1405 3072/4508/1492 3063/4509/1451 2693/4510/1457
f 2689/4511/1447 3076/4512/937 3064/4513/1463 2687/4514/1490
f 2685/4515/1847 3055/4516/1464 3077/4517/1504 2683/4518/1480
f 2681/4519/1487 3066/4520/1153 3060/4521/1418 2679/4522/1849
f 2677/4523/1850 3074/4524/1408 3080/4525/1409 2675/4526/1467
f 2657/3858/1922 2656/3857/1910 3085/4398/1159 3084/4397/1931
f 2946/3762/1935 2947/3761/1934 3108/4264/946 3107/4263/1484
f 2894/4178/1928 2673/4177/1938 3102/4256/1418 3103/4255/1408
f 2660/3900/1965 2659/3899/1961 3088/4218/1459 3089/4217/95
f 2952/3720/1914 2953/3719/1913 3114/4210/1385 3113/4209/1505
f 2954/3802/1944 2955/3801/1946 3105/4200/23 3115/4199/1388
f 2945/3908/1939 2946/3907/1935 3107/4152/1484 3106/4151/1858
f 2664/3732/1919 2663/3731/1918 3092/4148/1443 3093/4147/1229
f 2672/4216/1937 2671/4215/1949 3100/4118/1925 3101/4117/1153
f 2668/3918/1970 2667/3917/1969 3096/3924/1495 3097/3923/937
f 2663/4116/1918 2662/4115/2125 3091/3912/1940 3092/3911/1443
f 2673/3774/1938 2672/3773/1937 3101/3904/1153 3102/3903/1418
f 2666/3894/1964 2665/3893/1959 3094/3896/1389 3095/3895/1451
f 2665/3876/1959 2664/3875/1919 3093/3888/1229 3094/3887/1389
f 2659/3884/1961 2658/3883/1923 3087/3880/1930 3088/3879/1459
f 2949/3824/1952 2950/3823/1951 3111/3872/1403 3110/3871/1941
f 2670/3696/1906 2669/3695/1905 3098/3860/1463 3099/3859/1464
f 2947/3846/1934 2948/3845/1957 3109/3840/1427 3108/3839/946
f 2667/4192/1969 2666/4191/1964 3095/3828/1451 3096/3827/1495
f 2662/4146/2125 2661/4145/2150 3090/3818/1473 3091/3817/1940
f 2661/4208/2150 2660/4207/1965 3089/3808/95 3090/3807/1473
f 2955/4198/1946 2895/4197/1929 3104/3796/1409 3105/3795/23
f 2948/3866/1957 2949/3865/1952 3110/3784/1941 3109/3783/1427
f 2944/3778/1909 2945/3777/1939 3106/3766/1858 3086/3765/1434
f 2658/3740/1923 2657/3739/1922 3084/3756/1931 3087/3755/1930
f 2671/3816/1949 2670/3815/1906 3099/3746/1464 3100/3745/1925
f 2669/4158/1905 2668/4157/1970 3097/3734/937 3098/3733/1463
f 2950/3834/1951 2951/3833/1955 3112/3726/1223 3111/3725/1403
f 2951/4262/1955 2952/4261/1914 3113/3722/1505 3112/3721/1223
f 2953/3790/1913 2954/3789/1944 3115/3710/1388 3114/3709/1385
f 2895/3750/1929 2894/3749/1928 3103/3698/1408 3104/3697/1409
f 2656/3708/1910 2944/3707/1909 3086/3686/1434 3085/3685/1159
f 3147/4527/1740 3140/4528/1741 3117/4529/1742 3116/4530/2272 3122/4531/1744 3128/4532/1745 3130/4533/1746 3129/4534/1747 3132/4535/1748 3131/4536/1749 3134/4537/1718 3133/4538/1719 3138/4539/1720 3136/4540/1721 3135/4541/1722 3143/4542/1723 3119/4543/2273 3118/4544/1725 3141/4545/2274 3142/3852/1727 3139/3851/1958 3127/4546/1729 3126/4547/1730 3137/4548/1731 3144/4549/1732 3145/4550/2275 3125/4551/1734 3124/4552/1735 3121/4553/1736 3120/4554/1737 3123/4555/1738 3146/4556/1739
f 3151/4557/1508 3150/4558/1159 3117/4529/1742 3140/4528/1741
f 3153/4559/1493 3152/4560/1223 3134/4537/1718 3131/4536/1749
f 3155/4561/1388 3154/4562/23 3135/4541/1722 3136/4540/1721
f 3157/4563/1408 3156/4564/1418 3118/4544/1725 3119/4543/2273
f 3158/4565/1930 3151/4557/1508 3140/4528/1741 3147/4527/1740
f 3160/4566/1389 3159/4567/1229 3125/4551/1734 3145/4550/2275
f 3162/4568/946 3161/4569/1427 3129/4534/1747 3130/4533/1746
f 3163/4570/1409 3157/4563/1408 3119/4543/2273 3143/4542/1723
f 3152/4560/1223 3164/4571/1505 3133/4538/1719 3134/4537/1718
f 3166/4572/1473 3165/4573/95 3123/4555/1738 3120/4554/1737
f 3154/4562/23 3163/4570/1409 3143/4542/1723 3135/4541/1722
f 3156/4564/1418 3167/4574/1153 3141/4545/2274 3118/4544/1725
f 3169/4575/1463 3168/4576/937 3126/4547/1730 3127/4546/1729
f 3148/3850/1464 3169/4575/1463 3127/4546/1729 3139/3851/1958
f 3168/4576/937 3170/4577/1495 3137/4548/1731 3126/4547/1730
f 3165/4573/95 3171/4578/1459 3146/4556/1739 3123/4555/1738
f 3167/4574/1153 3149/3849/1421 3142/3852/1727 3141/4545/2274
f 3150/4558/1159 3172/4579/1854 3116/4530/2272 3117/4529/1742
f 3173/4580/1484 3162/4568/946 3130/4533/1746 3128/4532/1745
f 3174/4581/1940 3166/4572/1473 3120/4554/1737 3121/4553/1736
f 3164/4571/1505 3175/4582/1385 3138/4539/1720 3133/4538/1719
f 3161/4569/1427 3176/4583/1941 3132/4535/1748 3129/4534/1747
f 3170/4577/1495 3177/4584/1859 3144/4549/1732 3137/4548/1731
f 3177/4584/1859 3160/4566/1389 3145/4550/2275 3144/4549/1732
f 3178/4585/1437 3173/4580/1484 3128/4532/1745 3122/4531/1744
f 3176/4583/1941 3153/4559/1493 3131/4536/1749 3132/4535/1748
f 3175/4582/1385 3155/4561/1388 3136/4540/1721 3138/4539/1720
f 3171/4578/1459 3158/4565/1930 3147/4527/1740 3146/4556/1739
f 3159/4567/1229 3179/4586/1443 3124/4552/1735 3125/4551/1734
f 3179/4586/1443 3174/4581/1940 3121/4553/1736 3124/4552/1735
f 3172/4579/1854 3178/4585/1437 3122/4531/1744 3116/4530/2272
f 3002/4271/2180 2999/4288/2196 3178/4585/1437 3172/4579/1854
f 3041/4297/2204 3043/4284/2193 3174/4581/1940 3179/4586/1443
f 3037/4298/2205 3041/4297/2204 3179/4586/1443 3159/4567/1229
f 3014/4382/2268 3011/4386/2271 3158/4565/1930 3171/4578/1459
f 2974/4342/2244 2971/4334/2238 3155/4561/1388 3175/4582/1385
f 2986/4320/2226 2984/4319/2225 3153/4559/1493 3176/4583/1941
f 2999/4288/2196 2996/4308/2214 3173/4580/1484 3178/4585/1437
f 3032/4374/2262 3034/4378/2265 3160/4566/1389 3177/4584/1859
f 3029/4338/2241 3032/4374/2262 3177/4584/1859 3170/4577/1495
f 2990/4313/2219 2986/4320/2226 3176/4583/1941 3161/4569/1427
f 2978/4325/2231 2974/4342/2244 3175/4582/1385 3164/4571/1505
f 3043/4284/2193 3047/4283/2192 3166/4572/1473 3174/4581/1940
f 2996/4308/2214 2992/4314/2220 3162/4568/946 3173/4580/1484
f 3004/4272/2181 3002/4271/2180 3172/4579/1854 3150/4558/1159
f 2957/4360/2253 3016/4366/2256 3149/3849/1421 3167/4574/1153
f 3050/4292/2199 3014/4382/2268 3171/4578/1459 3165/4573/95
f 3026/4303/2210 3029/4338/2241 3170/4577/1495 3168/4576/937
f 3019/4348/2247 3022/4304/2211 3169/4575/1463 3148/3850/1464
f 3022/4304/2211 3026/4303/2210 3168/4576/937 3169/4575/1463
f 2960/4277/2186 2957/4360/2253 3167/4574/1153 3156/4564/1418
f 2969/4333/2237 2966/4370/2259 3163/4570/1409 3154/4562/23
f 3047/4283/2192 3050/4292/2199 3165/4573/95 3166/4572/1473
f 2980/4326/2232 2978/4325/2231 3164/4571/1505 3152/4560/1223
f 2966/4370/2259 2962/4278/2187 3157/4563/1408 3163/4570/1409
f 2992/4314/2220 2990/4313/2219 3161/4569/1427 3162/4568/946
f 3034/4378/2265 3037/4298/2205 3159/4567/1229 3160/4566/1389
f 3011/4386/2271 3007/4354/2250 3151/4557/1508 3158/4565/1930
f 2962/4278/2187 2960/4277/2186 3156/4564/1418 3157/4563/1408
f 2971/4334/2238 2969/4333/2237 3154/4562/23 3155/4561/1388
f 2984/4319/2225 2980/4326/2232 3152/4560/1223 3153/4559/1493
f 3007/4354/2250 3004/4272/2181 3150/4558/1159 3151/4557/1508
f 3016/4366/2256 3019/4348/2247 3148/3850/1464 3149/3849/1421
f 3042/4587/2200 3045/4588/2189 3184/4281/2190 3189/4296/2203
f 3033/4589/2260 3036/4590/2263 3209/4377/2264 3208/4373/2261
f 2958/4591/2251 3018/4592/2254 3206/4365/2255 3205/4359/2252
f 2967/4593/2257 2964/4594/2183 3182/4275/2184 3207/4369/2258
f 3012/4595/2269 3009/4596/2248 3204/4353/2249 3211/4385/2270
f 3015/4597/2266 3012/4598/2269 3211/4385/2270 3210/4381/2267
f 3051/4599/2197 3015/4600/2266 3210/4381/2267 3187/4291/2198
f 3036/4601/2263 3039/4602/2201 3188/4295/2202 3209/4377/2264
f 3030/4603/2239 3033/4604/2260 3208/4373/2261 3201/4337/2240
f 2970/4605/2233 2967/4606/2257 3207/4369/2258 3200/4332/2236
f 3018/4607/2254 3021/4608/2245 3203/4347/2246 3206/4365/2255
f 2979/4609/2227 2976/4610/2242 3202/4341/2243 3198/4324/2230
f 2961/4611/2182 2958/4612/2251 3205/4359/2252 3183/4276/2185
f 3009/4613/2248 3006/4614/2177 3180/4269/2178 3204/4353/2249
f 2991/4615/2215 2988/4616/2222 3195/4317/2223 3194/4312/2218
f 3021/4617/2245 3024/4618/2207 3190/4301/2208 3203/4347/2246
f 2985/4619/2221 2982/4620/2228 3197/4323/2229 3196/4318/2224
f 2976/4621/2242 2973/4622/2234 3199/4331/2235 3202/4341/2243
f 3027/4623/2206 3030/4624/2239 3201/4337/2240 3191/4302/2209
f 2973/4625/2234 2970/4626/2233 3200/4332/2236 3199/4331/2235
f 2997/4627/2212 2994/4628/2216 3193/4311/2217 3192/4307/2213
f 2982/4629/2228 2979/4630/2227 3198/4324/2230 3197/4323/2229
f 2988/4631/2222 2985/4632/2221 3196/4318/2224 3195/4317/2223
f 2994/4633/2216 2991/4634/2215 3194/4312/2218 3193/4311/2217
f 3000/4635/2194 2997/4636/2212 3192/4307/2213 3186/4287/2195
f 3024/4637/2207 3027/4638/2206 3191/4302/2209 3190/4301/2208
f 3039/4639/2201 3042/4640/2200 3189/4296/2203 3188/4295/2202
f 3048/4641/2188 3051/4642/2197 3187/4291/2198 3185/4282/2191
f 3003/4643/2176 3000/4644/2194 3186/4287/2195 3181/4270/2179
f 3045/4645/2189 3048/4646/2188 3185/4282/2191 3184/4281/2190
f 2964/4647/2183 2961/4648/2182 3183/4276/2185 3182/4275/2184
f 3006/4649/2177 3003/4650/2176 3181/4270/2179 3180/4269/2178
f 3080/4400/1409 3240/4259/1409 3212/4260/23 3059/4401/23
f 3053/4404/1495 3214/4221/1495 3236/4222/937 3076/4405/937
f 3064/4408/1463 3224/4213/1463 3216/4214/1464 3055/4409/1464
f 3077/4412/1504 3237/4203/1504 3226/4206/1153 3066/4413/1153
f 3060/4416/1418 3220/4193/1418 3234/4194/1408 3074/4417/1408
f 3059/4420/23 3212/4155/23 3219/4156/1388 3058/4421/1388
f 3058/4424/1388 3219/4113/1388 3243/4114/1385 3083/4425/1385
f 3083/4428/1385 3243/4111/1385 3235/4112/1505 3075/4429/1505
f 3065/4432/1401 3225/3927/1941 3215/3928/1427 3054/4433/1427
f 3075/4436/1505 3235/3919/1505 3230/3922/1223 3070/4437/1223
f 3070/4440/1223 3230/3909/1223 3233/3910/1403 3073/4441/1493
f 3073/4444/1493 3233/3901/1403 3225/3902/1941 3065/4445/1401
f 3056/4448/1437 3217/3891/1858 3239/3892/1434 3079/4449/1854
f 3054/4452/1427 3215/3885/1427 3238/3886/946 3078/4453/946
f 3078/4456/946 3238/3877/946 3229/3878/1484 3069/4457/1484
f 3069/4460/1484 3229/3867/1484 3217/3870/1858 3056/4461/1437
f 3082/4464/1462 3242/3853/1930 3228/3856/1459 3068/4465/1459
f 3079/4468/1854 3239/3847/1434 3227/3848/1159 3067/4469/1159
f 3067/4472/1159 3227/3835/1159 3218/3838/1508 3057/4473/1508
f 3057/4476/1508 3218/3825/1508 3242/3826/1930 3082/4477/1462
f 3071/4480/1442 3231/3811/1940 3222/3814/1443 3062/4481/1443
f 3068/4484/1459 3228/3803/1459 3221/3806/95 3061/4485/95
f 3061/4488/95 3221/3791/95 3241/3794/1473 3081/4489/1473
f 3081/4492/1473 3241/3779/1473 3231/3782/1940 3071/4493/1442
f 3063/4496/1451 3223/3769/1451 3214/3772/1495 3053/4497/1495
f 3062/4500/1443 3222/3763/1443 3213/3764/1229 3052/4501/1229
f 3052/4504/1229 3213/3751/1229 3232/3754/1492 3072/4505/1492
f 3072/4508/1492 3232/3741/1492 3223/3744/1451 3063/4509/1451
f 3076/4512/937 3236/3713/937 3224/3716/1463 3064/4513/1463
f 3055/4516/1464 3216/3701/1464 3237/3704/1504 3077/4517/1504
f 3066/4520/1153 3226/3689/1153 3220/3692/1418 3060/4521/1418
f 3074/4524/1408 3234/3681/1408 3240/3684/1409 3080/4525/1409
